plan_id,cable_id,status,type,zone,a_device,a_interface,a_role,b_device,b_interface,b_role
53,28201,connected,,,compute-001,be-gpu0-port0,server,be-plane-a-leaf-01,E1/1/1,leaf
53,28202,connected,,,compute-001,be-gpu0-port1,server,be-plane-b-leaf-01,E1/1/1,leaf
53,28203,connected,,,compute-001,be-gpu1-port0,server,be-plane-a-leaf-02,E1/1/1,leaf
53,28204,connected,,,compute-001,be-gpu1-port1,server,be-plane-b-leaf-02,E1/1/1,leaf
53,28205,connected,,,compute-001,be-gpu2-port0,server,be-plane-a-leaf-03,E1/1/1,leaf
53,28206,connected,,,compute-001,be-gpu2-port1,server,be-plane-b-leaf-03,E1/1/1,leaf
53,28207,connected,,,compute-001,be-gpu3-port0,server,be-plane-a-leaf-04,E1/1/1,leaf
53,28208,connected,,,compute-001,be-gpu3-port1,server,be-plane-b-leaf-04,E1/1/1,leaf
53,28209,connected,,,compute-001,be-gpu4-port0,server,be-plane-a-leaf-05,E1/1/1,leaf
53,28210,connected,,,compute-001,be-gpu4-port1,server,be-plane-b-leaf-05,E1/1/1,leaf
53,28211,connected,,,compute-001,be-gpu5-port0,server,be-plane-a-leaf-06,E1/1/1,leaf
53,28212,connected,,,compute-001,be-gpu5-port1,server,be-plane-b-leaf-06,E1/1/1,leaf
53,28213,connected,,,compute-001,be-gpu6-port0,server,be-plane-a-leaf-07,E1/1/1,leaf
53,28214,connected,,,compute-001,be-gpu6-port1,server,be-plane-b-leaf-07,E1/1/1,leaf
53,28215,connected,,,compute-001,be-gpu7-port0,server,be-plane-a-leaf-08,E1/1/1,leaf
53,28216,connected,,,compute-001,be-gpu7-port1,server,be-plane-b-leaf-08,E1/1/1,leaf
53,28217,connected,,,compute-001,fe-p0,server,fe-leaf-01,E1/1/1,leaf
53,28218,connected,,,compute-001,fe-p1,server,fe-leaf-02,E1/1/1,leaf
53,28219,connected,,,compute-002,be-gpu0-port0,server,be-plane-a-leaf-01,E1/1/2,leaf
53,28220,connected,,,compute-002,be-gpu0-port1,server,be-plane-b-leaf-01,E1/1/2,leaf
53,28221,connected,,,compute-002,be-gpu1-port0,server,be-plane-a-leaf-02,E1/1/2,leaf
53,28222,connected,,,compute-002,be-gpu1-port1,server,be-plane-b-leaf-02,E1/1/2,leaf
53,28223,connected,,,compute-002,be-gpu2-port0,server,be-plane-a-leaf-03,E1/1/2,leaf
53,28224,connected,,,compute-002,be-gpu2-port1,server,be-plane-b-leaf-03,E1/1/2,leaf
53,28225,connected,,,compute-002,be-gpu3-port0,server,be-plane-a-leaf-04,E1/1/2,leaf
53,28226,connected,,,compute-002,be-gpu3-port1,server,be-plane-b-leaf-04,E1/1/2,leaf
53,28227,connected,,,compute-002,be-gpu4-port0,server,be-plane-a-leaf-05,E1/1/2,leaf
53,28228,connected,,,compute-002,be-gpu4-port1,server,be-plane-b-leaf-05,E1/1/2,leaf
53,28229,connected,,,compute-002,be-gpu5-port0,server,be-plane-a-leaf-06,E1/1/2,leaf
53,28230,connected,,,compute-002,be-gpu5-port1,server,be-plane-b-leaf-06,E1/1/2,leaf
53,28231,connected,,,compute-002,be-gpu6-port0,server,be-plane-a-leaf-07,E1/1/2,leaf
53,28232,connected,,,compute-002,be-gpu6-port1,server,be-plane-b-leaf-07,E1/1/2,leaf
53,28233,connected,,,compute-002,be-gpu7-port0,server,be-plane-a-leaf-08,E1/1/2,leaf
53,28234,connected,,,compute-002,be-gpu7-port1,server,be-plane-b-leaf-08,E1/1/2,leaf
53,28235,connected,,,compute-002,fe-p0,server,fe-leaf-01,E1/1/2,leaf
53,28236,connected,,,compute-002,fe-p1,server,fe-leaf-02,E1/1/2,leaf
53,28237,connected,,,compute-003,be-gpu0-port0,server,be-plane-a-leaf-01,E1/2/1,leaf
53,28238,connected,,,compute-003,be-gpu0-port1,server,be-plane-b-leaf-01,E1/2/1,leaf
53,28239,connected,,,compute-003,be-gpu1-port0,server,be-plane-a-leaf-02,E1/2/1,leaf
53,28240,connected,,,compute-003,be-gpu1-port1,server,be-plane-b-leaf-02,E1/2/1,leaf
53,28241,connected,,,compute-003,be-gpu2-port0,server,be-plane-a-leaf-03,E1/2/1,leaf
53,28242,connected,,,compute-003,be-gpu2-port1,server,be-plane-b-leaf-03,E1/2/1,leaf
53,28243,connected,,,compute-003,be-gpu3-port0,server,be-plane-a-leaf-04,E1/2/1,leaf
53,28244,connected,,,compute-003,be-gpu3-port1,server,be-plane-b-leaf-04,E1/2/1,leaf
53,28245,connected,,,compute-003,be-gpu4-port0,server,be-plane-a-leaf-05,E1/2/1,leaf
53,28246,connected,,,compute-003,be-gpu4-port1,server,be-plane-b-leaf-05,E1/2/1,leaf
53,28247,connected,,,compute-003,be-gpu5-port0,server,be-plane-a-leaf-06,E1/2/1,leaf
53,28248,connected,,,compute-003,be-gpu5-port1,server,be-plane-b-leaf-06,E1/2/1,leaf
53,28249,connected,,,compute-003,be-gpu6-port0,server,be-plane-a-leaf-07,E1/2/1,leaf
53,28250,connected,,,compute-003,be-gpu6-port1,server,be-plane-b-leaf-07,E1/2/1,leaf
53,28251,connected,,,compute-003,be-gpu7-port0,server,be-plane-a-leaf-08,E1/2/1,leaf
53,28252,connected,,,compute-003,be-gpu7-port1,server,be-plane-b-leaf-08,E1/2/1,leaf
53,28253,connected,,,compute-003,fe-p0,server,fe-leaf-01,E1/1/3,leaf
53,28254,connected,,,compute-003,fe-p1,server,fe-leaf-02,E1/1/3,leaf
53,28255,connected,,,compute-004,be-gpu0-port0,server,be-plane-a-leaf-01,E1/2/2,leaf
53,28256,connected,,,compute-004,be-gpu0-port1,server,be-plane-b-leaf-01,E1/2/2,leaf
53,28257,connected,,,compute-004,be-gpu1-port0,server,be-plane-a-leaf-02,E1/2/2,leaf
53,28258,connected,,,compute-004,be-gpu1-port1,server,be-plane-b-leaf-02,E1/2/2,leaf
53,28259,connected,,,compute-004,be-gpu2-port0,server,be-plane-a-leaf-03,E1/2/2,leaf
53,28260,connected,,,compute-004,be-gpu2-port1,server,be-plane-b-leaf-03,E1/2/2,leaf
53,28261,connected,,,compute-004,be-gpu3-port0,server,be-plane-a-leaf-04,E1/2/2,leaf
53,28262,connected,,,compute-004,be-gpu3-port1,server,be-plane-b-leaf-04,E1/2/2,leaf
53,28263,connected,,,compute-004,be-gpu4-port0,server,be-plane-a-leaf-05,E1/2/2,leaf
53,28264,connected,,,compute-004,be-gpu4-port1,server,be-plane-b-leaf-05,E1/2/2,leaf
53,28265,connected,,,compute-004,be-gpu5-port0,server,be-plane-a-leaf-06,E1/2/2,leaf
53,28266,connected,,,compute-004,be-gpu5-port1,server,be-plane-b-leaf-06,E1/2/2,leaf
53,28267,connected,,,compute-004,be-gpu6-port0,server,be-plane-a-leaf-07,E1/2/2,leaf
53,28268,connected,,,compute-004,be-gpu6-port1,server,be-plane-b-leaf-07,E1/2/2,leaf
53,28269,connected,,,compute-004,be-gpu7-port0,server,be-plane-a-leaf-08,E1/2/2,leaf
53,28270,connected,,,compute-004,be-gpu7-port1,server,be-plane-b-leaf-08,E1/2/2,leaf
53,28271,connected,,,compute-004,fe-p0,server,fe-leaf-01,E1/1/4,leaf
53,28272,connected,,,compute-004,fe-p1,server,fe-leaf-02,E1/1/4,leaf
53,28273,connected,,,compute-005,be-gpu0-port0,server,be-plane-a-leaf-01,E1/3/1,leaf
53,28274,connected,,,compute-005,be-gpu0-port1,server,be-plane-b-leaf-01,E1/3/1,leaf
53,28275,connected,,,compute-005,be-gpu1-port0,server,be-plane-a-leaf-02,E1/3/1,leaf
53,28276,connected,,,compute-005,be-gpu1-port1,server,be-plane-b-leaf-02,E1/3/1,leaf
53,28277,connected,,,compute-005,be-gpu2-port0,server,be-plane-a-leaf-03,E1/3/1,leaf
53,28278,connected,,,compute-005,be-gpu2-port1,server,be-plane-b-leaf-03,E1/3/1,leaf
53,28279,connected,,,compute-005,be-gpu3-port0,server,be-plane-a-leaf-04,E1/3/1,leaf
53,28280,connected,,,compute-005,be-gpu3-port1,server,be-plane-b-leaf-04,E1/3/1,leaf
53,28281,connected,,,compute-005,be-gpu4-port0,server,be-plane-a-leaf-05,E1/3/1,leaf
53,28282,connected,,,compute-005,be-gpu4-port1,server,be-plane-b-leaf-05,E1/3/1,leaf
53,28283,connected,,,compute-005,be-gpu5-port0,server,be-plane-a-leaf-06,E1/3/1,leaf
53,28284,connected,,,compute-005,be-gpu5-port1,server,be-plane-b-leaf-06,E1/3/1,leaf
53,28285,connected,,,compute-005,be-gpu6-port0,server,be-plane-a-leaf-07,E1/3/1,leaf
53,28286,connected,,,compute-005,be-gpu6-port1,server,be-plane-b-leaf-07,E1/3/1,leaf
53,28287,connected,,,compute-005,be-gpu7-port0,server,be-plane-a-leaf-08,E1/3/1,leaf
53,28288,connected,,,compute-005,be-gpu7-port1,server,be-plane-b-leaf-08,E1/3/1,leaf
53,28289,connected,,,compute-005,fe-p0,server,fe-leaf-01,E1/3/1,leaf
53,28290,connected,,,compute-005,fe-p1,server,fe-leaf-02,E1/3/1,leaf
53,28291,connected,,,compute-006,be-gpu0-port0,server,be-plane-a-leaf-01,E1/3/2,leaf
53,28292,connected,,,compute-006,be-gpu0-port1,server,be-plane-b-leaf-01,E1/3/2,leaf
53,28293,connected,,,compute-006,be-gpu1-port0,server,be-plane-a-leaf-02,E1/3/2,leaf
53,28294,connected,,,compute-006,be-gpu1-port1,server,be-plane-b-leaf-02,E1/3/2,leaf
53,28295,connected,,,compute-006,be-gpu2-port0,server,be-plane-a-leaf-03,E1/3/2,leaf
53,28296,connected,,,compute-006,be-gpu2-port1,server,be-plane-b-leaf-03,E1/3/2,leaf
53,28297,connected,,,compute-006,be-gpu3-port0,server,be-plane-a-leaf-04,E1/3/2,leaf
53,28298,connected,,,compute-006,be-gpu3-port1,server,be-plane-b-leaf-04,E1/3/2,leaf
53,28299,connected,,,compute-006,be-gpu4-port0,server,be-plane-a-leaf-05,E1/3/2,leaf
53,28300,connected,,,compute-006,be-gpu4-port1,server,be-plane-b-leaf-05,E1/3/2,leaf
53,28301,connected,,,compute-006,be-gpu5-port0,server,be-plane-a-leaf-06,E1/3/2,leaf
53,28302,connected,,,compute-006,be-gpu5-port1,server,be-plane-b-leaf-06,E1/3/2,leaf
53,28303,connected,,,compute-006,be-gpu6-port0,server,be-plane-a-leaf-07,E1/3/2,leaf
53,28304,connected,,,compute-006,be-gpu6-port1,server,be-plane-b-leaf-07,E1/3/2,leaf
53,28305,connected,,,compute-006,be-gpu7-port0,server,be-plane-a-leaf-08,E1/3/2,leaf
53,28306,connected,,,compute-006,be-gpu7-port1,server,be-plane-b-leaf-08,E1/3/2,leaf
53,28307,connected,,,compute-006,fe-p0,server,fe-leaf-01,E1/3/2,leaf
53,28308,connected,,,compute-006,fe-p1,server,fe-leaf-02,E1/3/2,leaf
53,28309,connected,,,compute-007,be-gpu0-port0,server,be-plane-a-leaf-01,E1/4/1,leaf
53,28310,connected,,,compute-007,be-gpu0-port1,server,be-plane-b-leaf-01,E1/4/1,leaf
53,28311,connected,,,compute-007,be-gpu1-port0,server,be-plane-a-leaf-02,E1/4/1,leaf
53,28312,connected,,,compute-007,be-gpu1-port1,server,be-plane-b-leaf-02,E1/4/1,leaf
53,28313,connected,,,compute-007,be-gpu2-port0,server,be-plane-a-leaf-03,E1/4/1,leaf
53,28314,connected,,,compute-007,be-gpu2-port1,server,be-plane-b-leaf-03,E1/4/1,leaf
53,28315,connected,,,compute-007,be-gpu3-port0,server,be-plane-a-leaf-04,E1/4/1,leaf
53,28316,connected,,,compute-007,be-gpu3-port1,server,be-plane-b-leaf-04,E1/4/1,leaf
53,28317,connected,,,compute-007,be-gpu4-port0,server,be-plane-a-leaf-05,E1/4/1,leaf
53,28318,connected,,,compute-007,be-gpu4-port1,server,be-plane-b-leaf-05,E1/4/1,leaf
53,28319,connected,,,compute-007,be-gpu5-port0,server,be-plane-a-leaf-06,E1/4/1,leaf
53,28320,connected,,,compute-007,be-gpu5-port1,server,be-plane-b-leaf-06,E1/4/1,leaf
53,28321,connected,,,compute-007,be-gpu6-port0,server,be-plane-a-leaf-07,E1/4/1,leaf
53,28322,connected,,,compute-007,be-gpu6-port1,server,be-plane-b-leaf-07,E1/4/1,leaf
53,28323,connected,,,compute-007,be-gpu7-port0,server,be-plane-a-leaf-08,E1/4/1,leaf
53,28324,connected,,,compute-007,be-gpu7-port1,server,be-plane-b-leaf-08,E1/4/1,leaf
53,28325,connected,,,compute-007,fe-p0,server,fe-leaf-01,E1/3/3,leaf
53,28326,connected,,,compute-007,fe-p1,server,fe-leaf-02,E1/3/3,leaf
53,28327,connected,,,compute-008,be-gpu0-port0,server,be-plane-a-leaf-01,E1/4/2,leaf
53,28328,connected,,,compute-008,be-gpu0-port1,server,be-plane-b-leaf-01,E1/4/2,leaf
53,28329,connected,,,compute-008,be-gpu1-port0,server,be-plane-a-leaf-02,E1/4/2,leaf
53,28330,connected,,,compute-008,be-gpu1-port1,server,be-plane-b-leaf-02,E1/4/2,leaf
53,28331,connected,,,compute-008,be-gpu2-port0,server,be-plane-a-leaf-03,E1/4/2,leaf
53,28332,connected,,,compute-008,be-gpu2-port1,server,be-plane-b-leaf-03,E1/4/2,leaf
53,28333,connected,,,compute-008,be-gpu3-port0,server,be-plane-a-leaf-04,E1/4/2,leaf
53,28334,connected,,,compute-008,be-gpu3-port1,server,be-plane-b-leaf-04,E1/4/2,leaf
53,28335,connected,,,compute-008,be-gpu4-port0,server,be-plane-a-leaf-05,E1/4/2,leaf
53,28336,connected,,,compute-008,be-gpu4-port1,server,be-plane-b-leaf-05,E1/4/2,leaf
53,28337,connected,,,compute-008,be-gpu5-port0,server,be-plane-a-leaf-06,E1/4/2,leaf
53,28338,connected,,,compute-008,be-gpu5-port1,server,be-plane-b-leaf-06,E1/4/2,leaf
53,28339,connected,,,compute-008,be-gpu6-port0,server,be-plane-a-leaf-07,E1/4/2,leaf
53,28340,connected,,,compute-008,be-gpu6-port1,server,be-plane-b-leaf-07,E1/4/2,leaf
53,28341,connected,,,compute-008,be-gpu7-port0,server,be-plane-a-leaf-08,E1/4/2,leaf
53,28342,connected,,,compute-008,be-gpu7-port1,server,be-plane-b-leaf-08,E1/4/2,leaf
53,28343,connected,,,compute-008,fe-p0,server,fe-leaf-01,E1/3/4,leaf
53,28344,connected,,,compute-008,fe-p1,server,fe-leaf-02,E1/3/4,leaf
53,28345,connected,,,compute-009,be-gpu0-port0,server,be-plane-a-leaf-01,E1/5/1,leaf
53,28346,connected,,,compute-009,be-gpu0-port1,server,be-plane-b-leaf-01,E1/5/1,leaf
53,28347,connected,,,compute-009,be-gpu1-port0,server,be-plane-a-leaf-02,E1/5/1,leaf
53,28348,connected,,,compute-009,be-gpu1-port1,server,be-plane-b-leaf-02,E1/5/1,leaf
53,28349,connected,,,compute-009,be-gpu2-port0,server,be-plane-a-leaf-03,E1/5/1,leaf
53,28350,connected,,,compute-009,be-gpu2-port1,server,be-plane-b-leaf-03,E1/5/1,leaf
53,28351,connected,,,compute-009,be-gpu3-port0,server,be-plane-a-leaf-04,E1/5/1,leaf
53,28352,connected,,,compute-009,be-gpu3-port1,server,be-plane-b-leaf-04,E1/5/1,leaf
53,28353,connected,,,compute-009,be-gpu4-port0,server,be-plane-a-leaf-05,E1/5/1,leaf
53,28354,connected,,,compute-009,be-gpu4-port1,server,be-plane-b-leaf-05,E1/5/1,leaf
53,28355,connected,,,compute-009,be-gpu5-port0,server,be-plane-a-leaf-06,E1/5/1,leaf
53,28356,connected,,,compute-009,be-gpu5-port1,server,be-plane-b-leaf-06,E1/5/1,leaf
53,28357,connected,,,compute-009,be-gpu6-port0,server,be-plane-a-leaf-07,E1/5/1,leaf
53,28358,connected,,,compute-009,be-gpu6-port1,server,be-plane-b-leaf-07,E1/5/1,leaf
53,28359,connected,,,compute-009,be-gpu7-port0,server,be-plane-a-leaf-08,E1/5/1,leaf
53,28360,connected,,,compute-009,be-gpu7-port1,server,be-plane-b-leaf-08,E1/5/1,leaf
53,28361,connected,,,compute-009,fe-p0,server,fe-leaf-01,E1/5/1,leaf
53,28362,connected,,,compute-009,fe-p1,server,fe-leaf-02,E1/5/1,leaf
53,28363,connected,,,compute-010,be-gpu0-port0,server,be-plane-a-leaf-01,E1/5/2,leaf
53,28364,connected,,,compute-010,be-gpu0-port1,server,be-plane-b-leaf-01,E1/5/2,leaf
53,28365,connected,,,compute-010,be-gpu1-port0,server,be-plane-a-leaf-02,E1/5/2,leaf
53,28366,connected,,,compute-010,be-gpu1-port1,server,be-plane-b-leaf-02,E1/5/2,leaf
53,28367,connected,,,compute-010,be-gpu2-port0,server,be-plane-a-leaf-03,E1/5/2,leaf
53,28368,connected,,,compute-010,be-gpu2-port1,server,be-plane-b-leaf-03,E1/5/2,leaf
53,28369,connected,,,compute-010,be-gpu3-port0,server,be-plane-a-leaf-04,E1/5/2,leaf
53,28370,connected,,,compute-010,be-gpu3-port1,server,be-plane-b-leaf-04,E1/5/2,leaf
53,28371,connected,,,compute-010,be-gpu4-port0,server,be-plane-a-leaf-05,E1/5/2,leaf
53,28372,connected,,,compute-010,be-gpu4-port1,server,be-plane-b-leaf-05,E1/5/2,leaf
53,28373,connected,,,compute-010,be-gpu5-port0,server,be-plane-a-leaf-06,E1/5/2,leaf
53,28374,connected,,,compute-010,be-gpu5-port1,server,be-plane-b-leaf-06,E1/5/2,leaf
53,28375,connected,,,compute-010,be-gpu6-port0,server,be-plane-a-leaf-07,E1/5/2,leaf
53,28376,connected,,,compute-010,be-gpu6-port1,server,be-plane-b-leaf-07,E1/5/2,leaf
53,28377,connected,,,compute-010,be-gpu7-port0,server,be-plane-a-leaf-08,E1/5/2,leaf
53,28378,connected,,,compute-010,be-gpu7-port1,server,be-plane-b-leaf-08,E1/5/2,leaf
53,28379,connected,,,compute-010,fe-p0,server,fe-leaf-01,E1/5/2,leaf
53,28380,connected,,,compute-010,fe-p1,server,fe-leaf-02,E1/5/2,leaf
53,28381,connected,,,compute-011,be-gpu0-port0,server,be-plane-a-leaf-01,E1/6/1,leaf
53,28382,connected,,,compute-011,be-gpu0-port1,server,be-plane-b-leaf-01,E1/6/1,leaf
53,28383,connected,,,compute-011,be-gpu1-port0,server,be-plane-a-leaf-02,E1/6/1,leaf
53,28384,connected,,,compute-011,be-gpu1-port1,server,be-plane-b-leaf-02,E1/6/1,leaf
53,28385,connected,,,compute-011,be-gpu2-port0,server,be-plane-a-leaf-03,E1/6/1,leaf
53,28386,connected,,,compute-011,be-gpu2-port1,server,be-plane-b-leaf-03,E1/6/1,leaf
53,28387,connected,,,compute-011,be-gpu3-port0,server,be-plane-a-leaf-04,E1/6/1,leaf
53,28388,connected,,,compute-011,be-gpu3-port1,server,be-plane-b-leaf-04,E1/6/1,leaf
53,28389,connected,,,compute-011,be-gpu4-port0,server,be-plane-a-leaf-05,E1/6/1,leaf
53,28390,connected,,,compute-011,be-gpu4-port1,server,be-plane-b-leaf-05,E1/6/1,leaf
53,28391,connected,,,compute-011,be-gpu5-port0,server,be-plane-a-leaf-06,E1/6/1,leaf
53,28392,connected,,,compute-011,be-gpu5-port1,server,be-plane-b-leaf-06,E1/6/1,leaf
53,28393,connected,,,compute-011,be-gpu6-port0,server,be-plane-a-leaf-07,E1/6/1,leaf
53,28394,connected,,,compute-011,be-gpu6-port1,server,be-plane-b-leaf-07,E1/6/1,leaf
53,28395,connected,,,compute-011,be-gpu7-port0,server,be-plane-a-leaf-08,E1/6/1,leaf
53,28396,connected,,,compute-011,be-gpu7-port1,server,be-plane-b-leaf-08,E1/6/1,leaf
53,28397,connected,,,compute-011,fe-p0,server,fe-leaf-01,E1/5/3,leaf
53,28398,connected,,,compute-011,fe-p1,server,fe-leaf-02,E1/5/3,leaf
53,28399,connected,,,compute-012,be-gpu0-port0,server,be-plane-a-leaf-01,E1/6/2,leaf
53,28400,connected,,,compute-012,be-gpu0-port1,server,be-plane-b-leaf-01,E1/6/2,leaf
53,28401,connected,,,compute-012,be-gpu1-port0,server,be-plane-a-leaf-02,E1/6/2,leaf
53,28402,connected,,,compute-012,be-gpu1-port1,server,be-plane-b-leaf-02,E1/6/2,leaf
53,28403,connected,,,compute-012,be-gpu2-port0,server,be-plane-a-leaf-03,E1/6/2,leaf
53,28404,connected,,,compute-012,be-gpu2-port1,server,be-plane-b-leaf-03,E1/6/2,leaf
53,28405,connected,,,compute-012,be-gpu3-port0,server,be-plane-a-leaf-04,E1/6/2,leaf
53,28406,connected,,,compute-012,be-gpu3-port1,server,be-plane-b-leaf-04,E1/6/2,leaf
53,28407,connected,,,compute-012,be-gpu4-port0,server,be-plane-a-leaf-05,E1/6/2,leaf
53,28408,connected,,,compute-012,be-gpu4-port1,server,be-plane-b-leaf-05,E1/6/2,leaf
53,28409,connected,,,compute-012,be-gpu5-port0,server,be-plane-a-leaf-06,E1/6/2,leaf
53,28410,connected,,,compute-012,be-gpu5-port1,server,be-plane-b-leaf-06,E1/6/2,leaf
53,28411,connected,,,compute-012,be-gpu6-port0,server,be-plane-a-leaf-07,E1/6/2,leaf
53,28412,connected,,,compute-012,be-gpu6-port1,server,be-plane-b-leaf-07,E1/6/2,leaf
53,28413,connected,,,compute-012,be-gpu7-port0,server,be-plane-a-leaf-08,E1/6/2,leaf
53,28414,connected,,,compute-012,be-gpu7-port1,server,be-plane-b-leaf-08,E1/6/2,leaf
53,28415,connected,,,compute-012,fe-p0,server,fe-leaf-01,E1/5/4,leaf
53,28416,connected,,,compute-012,fe-p1,server,fe-leaf-02,E1/5/4,leaf
53,28417,connected,,,compute-013,be-gpu0-port0,server,be-plane-a-leaf-01,E1/7/1,leaf
53,28418,connected,,,compute-013,be-gpu0-port1,server,be-plane-b-leaf-01,E1/7/1,leaf
53,28419,connected,,,compute-013,be-gpu1-port0,server,be-plane-a-leaf-02,E1/7/1,leaf
53,28420,connected,,,compute-013,be-gpu1-port1,server,be-plane-b-leaf-02,E1/7/1,leaf
53,28421,connected,,,compute-013,be-gpu2-port0,server,be-plane-a-leaf-03,E1/7/1,leaf
53,28422,connected,,,compute-013,be-gpu2-port1,server,be-plane-b-leaf-03,E1/7/1,leaf
53,28423,connected,,,compute-013,be-gpu3-port0,server,be-plane-a-leaf-04,E1/7/1,leaf
53,28424,connected,,,compute-013,be-gpu3-port1,server,be-plane-b-leaf-04,E1/7/1,leaf
53,28425,connected,,,compute-013,be-gpu4-port0,server,be-plane-a-leaf-05,E1/7/1,leaf
53,28426,connected,,,compute-013,be-gpu4-port1,server,be-plane-b-leaf-05,E1/7/1,leaf
53,28427,connected,,,compute-013,be-gpu5-port0,server,be-plane-a-leaf-06,E1/7/1,leaf
53,28428,connected,,,compute-013,be-gpu5-port1,server,be-plane-b-leaf-06,E1/7/1,leaf
53,28429,connected,,,compute-013,be-gpu6-port0,server,be-plane-a-leaf-07,E1/7/1,leaf
53,28430,connected,,,compute-013,be-gpu6-port1,server,be-plane-b-leaf-07,E1/7/1,leaf
53,28431,connected,,,compute-013,be-gpu7-port0,server,be-plane-a-leaf-08,E1/7/1,leaf
53,28432,connected,,,compute-013,be-gpu7-port1,server,be-plane-b-leaf-08,E1/7/1,leaf
53,28433,connected,,,compute-013,fe-p0,server,fe-leaf-01,E1/7/1,leaf
53,28434,connected,,,compute-013,fe-p1,server,fe-leaf-02,E1/7/1,leaf
53,28435,connected,,,compute-014,be-gpu0-port0,server,be-plane-a-leaf-01,E1/7/2,leaf
53,28436,connected,,,compute-014,be-gpu0-port1,server,be-plane-b-leaf-01,E1/7/2,leaf
53,28437,connected,,,compute-014,be-gpu1-port0,server,be-plane-a-leaf-02,E1/7/2,leaf
53,28438,connected,,,compute-014,be-gpu1-port1,server,be-plane-b-leaf-02,E1/7/2,leaf
53,28439,connected,,,compute-014,be-gpu2-port0,server,be-plane-a-leaf-03,E1/7/2,leaf
53,28440,connected,,,compute-014,be-gpu2-port1,server,be-plane-b-leaf-03,E1/7/2,leaf
53,28441,connected,,,compute-014,be-gpu3-port0,server,be-plane-a-leaf-04,E1/7/2,leaf
53,28442,connected,,,compute-014,be-gpu3-port1,server,be-plane-b-leaf-04,E1/7/2,leaf
53,28443,connected,,,compute-014,be-gpu4-port0,server,be-plane-a-leaf-05,E1/7/2,leaf
53,28444,connected,,,compute-014,be-gpu4-port1,server,be-plane-b-leaf-05,E1/7/2,leaf
53,28445,connected,,,compute-014,be-gpu5-port0,server,be-plane-a-leaf-06,E1/7/2,leaf
53,28446,connected,,,compute-014,be-gpu5-port1,server,be-plane-b-leaf-06,E1/7/2,leaf
53,28447,connected,,,compute-014,be-gpu6-port0,server,be-plane-a-leaf-07,E1/7/2,leaf
53,28448,connected,,,compute-014,be-gpu6-port1,server,be-plane-b-leaf-07,E1/7/2,leaf
53,28449,connected,,,compute-014,be-gpu7-port0,server,be-plane-a-leaf-08,E1/7/2,leaf
53,28450,connected,,,compute-014,be-gpu7-port1,server,be-plane-b-leaf-08,E1/7/2,leaf
53,28451,connected,,,compute-014,fe-p0,server,fe-leaf-01,E1/7/2,leaf
53,28452,connected,,,compute-014,fe-p1,server,fe-leaf-02,E1/7/2,leaf
53,28453,connected,,,compute-015,be-gpu0-port0,server,be-plane-a-leaf-01,E1/8/1,leaf
53,28454,connected,,,compute-015,be-gpu0-port1,server,be-plane-b-leaf-01,E1/8/1,leaf
53,28455,connected,,,compute-015,be-gpu1-port0,server,be-plane-a-leaf-02,E1/8/1,leaf
53,28456,connected,,,compute-015,be-gpu1-port1,server,be-plane-b-leaf-02,E1/8/1,leaf
53,28457,connected,,,compute-015,be-gpu2-port0,server,be-plane-a-leaf-03,E1/8/1,leaf
53,28458,connected,,,compute-015,be-gpu2-port1,server,be-plane-b-leaf-03,E1/8/1,leaf
53,28459,connected,,,compute-015,be-gpu3-port0,server,be-plane-a-leaf-04,E1/8/1,leaf
53,28460,connected,,,compute-015,be-gpu3-port1,server,be-plane-b-leaf-04,E1/8/1,leaf
53,28461,connected,,,compute-015,be-gpu4-port0,server,be-plane-a-leaf-05,E1/8/1,leaf
53,28462,connected,,,compute-015,be-gpu4-port1,server,be-plane-b-leaf-05,E1/8/1,leaf
53,28463,connected,,,compute-015,be-gpu5-port0,server,be-plane-a-leaf-06,E1/8/1,leaf
53,28464,connected,,,compute-015,be-gpu5-port1,server,be-plane-b-leaf-06,E1/8/1,leaf
53,28465,connected,,,compute-015,be-gpu6-port0,server,be-plane-a-leaf-07,E1/8/1,leaf
53,28466,connected,,,compute-015,be-gpu6-port1,server,be-plane-b-leaf-07,E1/8/1,leaf
53,28467,connected,,,compute-015,be-gpu7-port0,server,be-plane-a-leaf-08,E1/8/1,leaf
53,28468,connected,,,compute-015,be-gpu7-port1,server,be-plane-b-leaf-08,E1/8/1,leaf
53,28469,connected,,,compute-015,fe-p0,server,fe-leaf-01,E1/7/3,leaf
53,28470,connected,,,compute-015,fe-p1,server,fe-leaf-02,E1/7/3,leaf
53,28471,connected,,,compute-016,be-gpu0-port0,server,be-plane-a-leaf-01,E1/8/2,leaf
53,28472,connected,,,compute-016,be-gpu0-port1,server,be-plane-b-leaf-01,E1/8/2,leaf
53,28473,connected,,,compute-016,be-gpu1-port0,server,be-plane-a-leaf-02,E1/8/2,leaf
53,28474,connected,,,compute-016,be-gpu1-port1,server,be-plane-b-leaf-02,E1/8/2,leaf
53,28475,connected,,,compute-016,be-gpu2-port0,server,be-plane-a-leaf-03,E1/8/2,leaf
53,28476,connected,,,compute-016,be-gpu2-port1,server,be-plane-b-leaf-03,E1/8/2,leaf
53,28477,connected,,,compute-016,be-gpu3-port0,server,be-plane-a-leaf-04,E1/8/2,leaf
53,28478,connected,,,compute-016,be-gpu3-port1,server,be-plane-b-leaf-04,E1/8/2,leaf
53,28479,connected,,,compute-016,be-gpu4-port0,server,be-plane-a-leaf-05,E1/8/2,leaf
53,28480,connected,,,compute-016,be-gpu4-port1,server,be-plane-b-leaf-05,E1/8/2,leaf
53,28481,connected,,,compute-016,be-gpu5-port0,server,be-plane-a-leaf-06,E1/8/2,leaf
53,28482,connected,,,compute-016,be-gpu5-port1,server,be-plane-b-leaf-06,E1/8/2,leaf
53,28483,connected,,,compute-016,be-gpu6-port0,server,be-plane-a-leaf-07,E1/8/2,leaf
53,28484,connected,,,compute-016,be-gpu6-port1,server,be-plane-b-leaf-07,E1/8/2,leaf
53,28485,connected,,,compute-016,be-gpu7-port0,server,be-plane-a-leaf-08,E1/8/2,leaf
53,28486,connected,,,compute-016,be-gpu7-port1,server,be-plane-b-leaf-08,E1/8/2,leaf
53,28487,connected,,,compute-016,fe-p0,server,fe-leaf-01,E1/7/4,leaf
53,28488,connected,,,compute-016,fe-p1,server,fe-leaf-02,E1/7/4,leaf
53,28489,connected,,,compute-017,be-gpu0-port0,server,be-plane-a-leaf-01,E1/9/1,leaf
53,28490,connected,,,compute-017,be-gpu0-port1,server,be-plane-b-leaf-01,E1/9/1,leaf
53,28491,connected,,,compute-017,be-gpu1-port0,server,be-plane-a-leaf-02,E1/9/1,leaf
53,28492,connected,,,compute-017,be-gpu1-port1,server,be-plane-b-leaf-02,E1/9/1,leaf
53,28493,connected,,,compute-017,be-gpu2-port0,server,be-plane-a-leaf-03,E1/9/1,leaf
53,28494,connected,,,compute-017,be-gpu2-port1,server,be-plane-b-leaf-03,E1/9/1,leaf
53,28495,connected,,,compute-017,be-gpu3-port0,server,be-plane-a-leaf-04,E1/9/1,leaf
53,28496,connected,,,compute-017,be-gpu3-port1,server,be-plane-b-leaf-04,E1/9/1,leaf
53,28497,connected,,,compute-017,be-gpu4-port0,server,be-plane-a-leaf-05,E1/9/1,leaf
53,28498,connected,,,compute-017,be-gpu4-port1,server,be-plane-b-leaf-05,E1/9/1,leaf
53,28499,connected,,,compute-017,be-gpu5-port0,server,be-plane-a-leaf-06,E1/9/1,leaf
53,28500,connected,,,compute-017,be-gpu5-port1,server,be-plane-b-leaf-06,E1/9/1,leaf
53,28501,connected,,,compute-017,be-gpu6-port0,server,be-plane-a-leaf-07,E1/9/1,leaf
53,28502,connected,,,compute-017,be-gpu6-port1,server,be-plane-b-leaf-07,E1/9/1,leaf
53,28503,connected,,,compute-017,be-gpu7-port0,server,be-plane-a-leaf-08,E1/9/1,leaf
53,28504,connected,,,compute-017,be-gpu7-port1,server,be-plane-b-leaf-08,E1/9/1,leaf
53,28505,connected,,,compute-017,fe-p0,server,fe-leaf-01,E1/9/1,leaf
53,28506,connected,,,compute-017,fe-p1,server,fe-leaf-02,E1/9/1,leaf
53,28507,connected,,,compute-018,be-gpu0-port0,server,be-plane-a-leaf-01,E1/9/2,leaf
53,28508,connected,,,compute-018,be-gpu0-port1,server,be-plane-b-leaf-01,E1/9/2,leaf
53,28509,connected,,,compute-018,be-gpu1-port0,server,be-plane-a-leaf-02,E1/9/2,leaf
53,28510,connected,,,compute-018,be-gpu1-port1,server,be-plane-b-leaf-02,E1/9/2,leaf
53,28511,connected,,,compute-018,be-gpu2-port0,server,be-plane-a-leaf-03,E1/9/2,leaf
53,28512,connected,,,compute-018,be-gpu2-port1,server,be-plane-b-leaf-03,E1/9/2,leaf
53,28513,connected,,,compute-018,be-gpu3-port0,server,be-plane-a-leaf-04,E1/9/2,leaf
53,28514,connected,,,compute-018,be-gpu3-port1,server,be-plane-b-leaf-04,E1/9/2,leaf
53,28515,connected,,,compute-018,be-gpu4-port0,server,be-plane-a-leaf-05,E1/9/2,leaf
53,28516,connected,,,compute-018,be-gpu4-port1,server,be-plane-b-leaf-05,E1/9/2,leaf
53,28517,connected,,,compute-018,be-gpu5-port0,server,be-plane-a-leaf-06,E1/9/2,leaf
53,28518,connected,,,compute-018,be-gpu5-port1,server,be-plane-b-leaf-06,E1/9/2,leaf
53,28519,connected,,,compute-018,be-gpu6-port0,server,be-plane-a-leaf-07,E1/9/2,leaf
53,28520,connected,,,compute-018,be-gpu6-port1,server,be-plane-b-leaf-07,E1/9/2,leaf
53,28521,connected,,,compute-018,be-gpu7-port0,server,be-plane-a-leaf-08,E1/9/2,leaf
53,28522,connected,,,compute-018,be-gpu7-port1,server,be-plane-b-leaf-08,E1/9/2,leaf
53,28523,connected,,,compute-018,fe-p0,server,fe-leaf-01,E1/9/2,leaf
53,28524,connected,,,compute-018,fe-p1,server,fe-leaf-02,E1/9/2,leaf
53,28525,connected,,,compute-019,be-gpu0-port0,server,be-plane-a-leaf-01,E1/10/1,leaf
53,28526,connected,,,compute-019,be-gpu0-port1,server,be-plane-b-leaf-01,E1/10/1,leaf
53,28527,connected,,,compute-019,be-gpu1-port0,server,be-plane-a-leaf-02,E1/10/1,leaf
53,28528,connected,,,compute-019,be-gpu1-port1,server,be-plane-b-leaf-02,E1/10/1,leaf
53,28529,connected,,,compute-019,be-gpu2-port0,server,be-plane-a-leaf-03,E1/10/1,leaf
53,28530,connected,,,compute-019,be-gpu2-port1,server,be-plane-b-leaf-03,E1/10/1,leaf
53,28531,connected,,,compute-019,be-gpu3-port0,server,be-plane-a-leaf-04,E1/10/1,leaf
53,28532,connected,,,compute-019,be-gpu3-port1,server,be-plane-b-leaf-04,E1/10/1,leaf
53,28533,connected,,,compute-019,be-gpu4-port0,server,be-plane-a-leaf-05,E1/10/1,leaf
53,28534,connected,,,compute-019,be-gpu4-port1,server,be-plane-b-leaf-05,E1/10/1,leaf
53,28535,connected,,,compute-019,be-gpu5-port0,server,be-plane-a-leaf-06,E1/10/1,leaf
53,28536,connected,,,compute-019,be-gpu5-port1,server,be-plane-b-leaf-06,E1/10/1,leaf
53,28537,connected,,,compute-019,be-gpu6-port0,server,be-plane-a-leaf-07,E1/10/1,leaf
53,28538,connected,,,compute-019,be-gpu6-port1,server,be-plane-b-leaf-07,E1/10/1,leaf
53,28539,connected,,,compute-019,be-gpu7-port0,server,be-plane-a-leaf-08,E1/10/1,leaf
53,28540,connected,,,compute-019,be-gpu7-port1,server,be-plane-b-leaf-08,E1/10/1,leaf
53,28541,connected,,,compute-019,fe-p0,server,fe-leaf-01,E1/9/3,leaf
53,28542,connected,,,compute-019,fe-p1,server,fe-leaf-02,E1/9/3,leaf
53,28543,connected,,,compute-020,be-gpu0-port0,server,be-plane-a-leaf-01,E1/10/2,leaf
53,28544,connected,,,compute-020,be-gpu0-port1,server,be-plane-b-leaf-01,E1/10/2,leaf
53,28545,connected,,,compute-020,be-gpu1-port0,server,be-plane-a-leaf-02,E1/10/2,leaf
53,28546,connected,,,compute-020,be-gpu1-port1,server,be-plane-b-leaf-02,E1/10/2,leaf
53,28547,connected,,,compute-020,be-gpu2-port0,server,be-plane-a-leaf-03,E1/10/2,leaf
53,28548,connected,,,compute-020,be-gpu2-port1,server,be-plane-b-leaf-03,E1/10/2,leaf
53,28549,connected,,,compute-020,be-gpu3-port0,server,be-plane-a-leaf-04,E1/10/2,leaf
53,28550,connected,,,compute-020,be-gpu3-port1,server,be-plane-b-leaf-04,E1/10/2,leaf
53,28551,connected,,,compute-020,be-gpu4-port0,server,be-plane-a-leaf-05,E1/10/2,leaf
53,28552,connected,,,compute-020,be-gpu4-port1,server,be-plane-b-leaf-05,E1/10/2,leaf
53,28553,connected,,,compute-020,be-gpu5-port0,server,be-plane-a-leaf-06,E1/10/2,leaf
53,28554,connected,,,compute-020,be-gpu5-port1,server,be-plane-b-leaf-06,E1/10/2,leaf
53,28555,connected,,,compute-020,be-gpu6-port0,server,be-plane-a-leaf-07,E1/10/2,leaf
53,28556,connected,,,compute-020,be-gpu6-port1,server,be-plane-b-leaf-07,E1/10/2,leaf
53,28557,connected,,,compute-020,be-gpu7-port0,server,be-plane-a-leaf-08,E1/10/2,leaf
53,28558,connected,,,compute-020,be-gpu7-port1,server,be-plane-b-leaf-08,E1/10/2,leaf
53,28559,connected,,,compute-020,fe-p0,server,fe-leaf-01,E1/9/4,leaf
53,28560,connected,,,compute-020,fe-p1,server,fe-leaf-02,E1/9/4,leaf
53,28561,connected,,,compute-021,be-gpu0-port0,server,be-plane-a-leaf-01,E1/11/1,leaf
53,28562,connected,,,compute-021,be-gpu0-port1,server,be-plane-b-leaf-01,E1/11/1,leaf
53,28563,connected,,,compute-021,be-gpu1-port0,server,be-plane-a-leaf-02,E1/11/1,leaf
53,28564,connected,,,compute-021,be-gpu1-port1,server,be-plane-b-leaf-02,E1/11/1,leaf
53,28565,connected,,,compute-021,be-gpu2-port0,server,be-plane-a-leaf-03,E1/11/1,leaf
53,28566,connected,,,compute-021,be-gpu2-port1,server,be-plane-b-leaf-03,E1/11/1,leaf
53,28567,connected,,,compute-021,be-gpu3-port0,server,be-plane-a-leaf-04,E1/11/1,leaf
53,28568,connected,,,compute-021,be-gpu3-port1,server,be-plane-b-leaf-04,E1/11/1,leaf
53,28569,connected,,,compute-021,be-gpu4-port0,server,be-plane-a-leaf-05,E1/11/1,leaf
53,28570,connected,,,compute-021,be-gpu4-port1,server,be-plane-b-leaf-05,E1/11/1,leaf
53,28571,connected,,,compute-021,be-gpu5-port0,server,be-plane-a-leaf-06,E1/11/1,leaf
53,28572,connected,,,compute-021,be-gpu5-port1,server,be-plane-b-leaf-06,E1/11/1,leaf
53,28573,connected,,,compute-021,be-gpu6-port0,server,be-plane-a-leaf-07,E1/11/1,leaf
53,28574,connected,,,compute-021,be-gpu6-port1,server,be-plane-b-leaf-07,E1/11/1,leaf
53,28575,connected,,,compute-021,be-gpu7-port0,server,be-plane-a-leaf-08,E1/11/1,leaf
53,28576,connected,,,compute-021,be-gpu7-port1,server,be-plane-b-leaf-08,E1/11/1,leaf
53,28577,connected,,,compute-021,fe-p0,server,fe-leaf-01,E1/11/1,leaf
53,28578,connected,,,compute-021,fe-p1,server,fe-leaf-02,E1/11/1,leaf
53,28579,connected,,,compute-022,be-gpu0-port0,server,be-plane-a-leaf-01,E1/11/2,leaf
53,28580,connected,,,compute-022,be-gpu0-port1,server,be-plane-b-leaf-01,E1/11/2,leaf
53,28581,connected,,,compute-022,be-gpu1-port0,server,be-plane-a-leaf-02,E1/11/2,leaf
53,28582,connected,,,compute-022,be-gpu1-port1,server,be-plane-b-leaf-02,E1/11/2,leaf
53,28583,connected,,,compute-022,be-gpu2-port0,server,be-plane-a-leaf-03,E1/11/2,leaf
53,28584,connected,,,compute-022,be-gpu2-port1,server,be-plane-b-leaf-03,E1/11/2,leaf
53,28585,connected,,,compute-022,be-gpu3-port0,server,be-plane-a-leaf-04,E1/11/2,leaf
53,28586,connected,,,compute-022,be-gpu3-port1,server,be-plane-b-leaf-04,E1/11/2,leaf
53,28587,connected,,,compute-022,be-gpu4-port0,server,be-plane-a-leaf-05,E1/11/2,leaf
53,28588,connected,,,compute-022,be-gpu4-port1,server,be-plane-b-leaf-05,E1/11/2,leaf
53,28589,connected,,,compute-022,be-gpu5-port0,server,be-plane-a-leaf-06,E1/11/2,leaf
53,28590,connected,,,compute-022,be-gpu5-port1,server,be-plane-b-leaf-06,E1/11/2,leaf
53,28591,connected,,,compute-022,be-gpu6-port0,server,be-plane-a-leaf-07,E1/11/2,leaf
53,28592,connected,,,compute-022,be-gpu6-port1,server,be-plane-b-leaf-07,E1/11/2,leaf
53,28593,connected,,,compute-022,be-gpu7-port0,server,be-plane-a-leaf-08,E1/11/2,leaf
53,28594,connected,,,compute-022,be-gpu7-port1,server,be-plane-b-leaf-08,E1/11/2,leaf
53,28595,connected,,,compute-022,fe-p0,server,fe-leaf-01,E1/11/2,leaf
53,28596,connected,,,compute-022,fe-p1,server,fe-leaf-02,E1/11/2,leaf
53,28597,connected,,,compute-023,be-gpu0-port0,server,be-plane-a-leaf-01,E1/12/1,leaf
53,28598,connected,,,compute-023,be-gpu0-port1,server,be-plane-b-leaf-01,E1/12/1,leaf
53,28599,connected,,,compute-023,be-gpu1-port0,server,be-plane-a-leaf-02,E1/12/1,leaf
53,28600,connected,,,compute-023,be-gpu1-port1,server,be-plane-b-leaf-02,E1/12/1,leaf
53,28601,connected,,,compute-023,be-gpu2-port0,server,be-plane-a-leaf-03,E1/12/1,leaf
53,28602,connected,,,compute-023,be-gpu2-port1,server,be-plane-b-leaf-03,E1/12/1,leaf
53,28603,connected,,,compute-023,be-gpu3-port0,server,be-plane-a-leaf-04,E1/12/1,leaf
53,28604,connected,,,compute-023,be-gpu3-port1,server,be-plane-b-leaf-04,E1/12/1,leaf
53,28605,connected,,,compute-023,be-gpu4-port0,server,be-plane-a-leaf-05,E1/12/1,leaf
53,28606,connected,,,compute-023,be-gpu4-port1,server,be-plane-b-leaf-05,E1/12/1,leaf
53,28607,connected,,,compute-023,be-gpu5-port0,server,be-plane-a-leaf-06,E1/12/1,leaf
53,28608,connected,,,compute-023,be-gpu5-port1,server,be-plane-b-leaf-06,E1/12/1,leaf
53,28609,connected,,,compute-023,be-gpu6-port0,server,be-plane-a-leaf-07,E1/12/1,leaf
53,28610,connected,,,compute-023,be-gpu6-port1,server,be-plane-b-leaf-07,E1/12/1,leaf
53,28611,connected,,,compute-023,be-gpu7-port0,server,be-plane-a-leaf-08,E1/12/1,leaf
53,28612,connected,,,compute-023,be-gpu7-port1,server,be-plane-b-leaf-08,E1/12/1,leaf
53,28613,connected,,,compute-023,fe-p0,server,fe-leaf-01,E1/11/3,leaf
53,28614,connected,,,compute-023,fe-p1,server,fe-leaf-02,E1/11/3,leaf
53,28615,connected,,,compute-024,be-gpu0-port0,server,be-plane-a-leaf-01,E1/12/2,leaf
53,28616,connected,,,compute-024,be-gpu0-port1,server,be-plane-b-leaf-01,E1/12/2,leaf
53,28617,connected,,,compute-024,be-gpu1-port0,server,be-plane-a-leaf-02,E1/12/2,leaf
53,28618,connected,,,compute-024,be-gpu1-port1,server,be-plane-b-leaf-02,E1/12/2,leaf
53,28619,connected,,,compute-024,be-gpu2-port0,server,be-plane-a-leaf-03,E1/12/2,leaf
53,28620,connected,,,compute-024,be-gpu2-port1,server,be-plane-b-leaf-03,E1/12/2,leaf
53,28621,connected,,,compute-024,be-gpu3-port0,server,be-plane-a-leaf-04,E1/12/2,leaf
53,28622,connected,,,compute-024,be-gpu3-port1,server,be-plane-b-leaf-04,E1/12/2,leaf
53,28623,connected,,,compute-024,be-gpu4-port0,server,be-plane-a-leaf-05,E1/12/2,leaf
53,28624,connected,,,compute-024,be-gpu4-port1,server,be-plane-b-leaf-05,E1/12/2,leaf
53,28625,connected,,,compute-024,be-gpu5-port0,server,be-plane-a-leaf-06,E1/12/2,leaf
53,28626,connected,,,compute-024,be-gpu5-port1,server,be-plane-b-leaf-06,E1/12/2,leaf
53,28627,connected,,,compute-024,be-gpu6-port0,server,be-plane-a-leaf-07,E1/12/2,leaf
53,28628,connected,,,compute-024,be-gpu6-port1,server,be-plane-b-leaf-07,E1/12/2,leaf
53,28629,connected,,,compute-024,be-gpu7-port0,server,be-plane-a-leaf-08,E1/12/2,leaf
53,28630,connected,,,compute-024,be-gpu7-port1,server,be-plane-b-leaf-08,E1/12/2,leaf
53,28631,connected,,,compute-024,fe-p0,server,fe-leaf-01,E1/11/4,leaf
53,28632,connected,,,compute-024,fe-p1,server,fe-leaf-02,E1/11/4,leaf
53,28633,connected,,,compute-025,be-gpu0-port0,server,be-plane-a-leaf-01,E1/13/1,leaf
53,28634,connected,,,compute-025,be-gpu0-port1,server,be-plane-b-leaf-01,E1/13/1,leaf
53,28635,connected,,,compute-025,be-gpu1-port0,server,be-plane-a-leaf-02,E1/13/1,leaf
53,28636,connected,,,compute-025,be-gpu1-port1,server,be-plane-b-leaf-02,E1/13/1,leaf
53,28637,connected,,,compute-025,be-gpu2-port0,server,be-plane-a-leaf-03,E1/13/1,leaf
53,28638,connected,,,compute-025,be-gpu2-port1,server,be-plane-b-leaf-03,E1/13/1,leaf
53,28639,connected,,,compute-025,be-gpu3-port0,server,be-plane-a-leaf-04,E1/13/1,leaf
53,28640,connected,,,compute-025,be-gpu3-port1,server,be-plane-b-leaf-04,E1/13/1,leaf
53,28641,connected,,,compute-025,be-gpu4-port0,server,be-plane-a-leaf-05,E1/13/1,leaf
53,28642,connected,,,compute-025,be-gpu4-port1,server,be-plane-b-leaf-05,E1/13/1,leaf
53,28643,connected,,,compute-025,be-gpu5-port0,server,be-plane-a-leaf-06,E1/13/1,leaf
53,28644,connected,,,compute-025,be-gpu5-port1,server,be-plane-b-leaf-06,E1/13/1,leaf
53,28645,connected,,,compute-025,be-gpu6-port0,server,be-plane-a-leaf-07,E1/13/1,leaf
53,28646,connected,,,compute-025,be-gpu6-port1,server,be-plane-b-leaf-07,E1/13/1,leaf
53,28647,connected,,,compute-025,be-gpu7-port0,server,be-plane-a-leaf-08,E1/13/1,leaf
53,28648,connected,,,compute-025,be-gpu7-port1,server,be-plane-b-leaf-08,E1/13/1,leaf
53,28649,connected,,,compute-025,fe-p0,server,fe-leaf-01,E1/13/1,leaf
53,28650,connected,,,compute-025,fe-p1,server,fe-leaf-02,E1/13/1,leaf
53,28651,connected,,,compute-026,be-gpu0-port0,server,be-plane-a-leaf-01,E1/13/2,leaf
53,28652,connected,,,compute-026,be-gpu0-port1,server,be-plane-b-leaf-01,E1/13/2,leaf
53,28653,connected,,,compute-026,be-gpu1-port0,server,be-plane-a-leaf-02,E1/13/2,leaf
53,28654,connected,,,compute-026,be-gpu1-port1,server,be-plane-b-leaf-02,E1/13/2,leaf
53,28655,connected,,,compute-026,be-gpu2-port0,server,be-plane-a-leaf-03,E1/13/2,leaf
53,28656,connected,,,compute-026,be-gpu2-port1,server,be-plane-b-leaf-03,E1/13/2,leaf
53,28657,connected,,,compute-026,be-gpu3-port0,server,be-plane-a-leaf-04,E1/13/2,leaf
53,28658,connected,,,compute-026,be-gpu3-port1,server,be-plane-b-leaf-04,E1/13/2,leaf
53,28659,connected,,,compute-026,be-gpu4-port0,server,be-plane-a-leaf-05,E1/13/2,leaf
53,28660,connected,,,compute-026,be-gpu4-port1,server,be-plane-b-leaf-05,E1/13/2,leaf
53,28661,connected,,,compute-026,be-gpu5-port0,server,be-plane-a-leaf-06,E1/13/2,leaf
53,28662,connected,,,compute-026,be-gpu5-port1,server,be-plane-b-leaf-06,E1/13/2,leaf
53,28663,connected,,,compute-026,be-gpu6-port0,server,be-plane-a-leaf-07,E1/13/2,leaf
53,28664,connected,,,compute-026,be-gpu6-port1,server,be-plane-b-leaf-07,E1/13/2,leaf
53,28665,connected,,,compute-026,be-gpu7-port0,server,be-plane-a-leaf-08,E1/13/2,leaf
53,28666,connected,,,compute-026,be-gpu7-port1,server,be-plane-b-leaf-08,E1/13/2,leaf
53,28667,connected,,,compute-026,fe-p0,server,fe-leaf-01,E1/13/2,leaf
53,28668,connected,,,compute-026,fe-p1,server,fe-leaf-02,E1/13/2,leaf
53,28669,connected,,,compute-027,be-gpu0-port0,server,be-plane-a-leaf-01,E1/14/1,leaf
53,28670,connected,,,compute-027,be-gpu0-port1,server,be-plane-b-leaf-01,E1/14/1,leaf
53,28671,connected,,,compute-027,be-gpu1-port0,server,be-plane-a-leaf-02,E1/14/1,leaf
53,28672,connected,,,compute-027,be-gpu1-port1,server,be-plane-b-leaf-02,E1/14/1,leaf
53,28673,connected,,,compute-027,be-gpu2-port0,server,be-plane-a-leaf-03,E1/14/1,leaf
53,28674,connected,,,compute-027,be-gpu2-port1,server,be-plane-b-leaf-03,E1/14/1,leaf
53,28675,connected,,,compute-027,be-gpu3-port0,server,be-plane-a-leaf-04,E1/14/1,leaf
53,28676,connected,,,compute-027,be-gpu3-port1,server,be-plane-b-leaf-04,E1/14/1,leaf
53,28677,connected,,,compute-027,be-gpu4-port0,server,be-plane-a-leaf-05,E1/14/1,leaf
53,28678,connected,,,compute-027,be-gpu4-port1,server,be-plane-b-leaf-05,E1/14/1,leaf
53,28679,connected,,,compute-027,be-gpu5-port0,server,be-plane-a-leaf-06,E1/14/1,leaf
53,28680,connected,,,compute-027,be-gpu5-port1,server,be-plane-b-leaf-06,E1/14/1,leaf
53,28681,connected,,,compute-027,be-gpu6-port0,server,be-plane-a-leaf-07,E1/14/1,leaf
53,28682,connected,,,compute-027,be-gpu6-port1,server,be-plane-b-leaf-07,E1/14/1,leaf
53,28683,connected,,,compute-027,be-gpu7-port0,server,be-plane-a-leaf-08,E1/14/1,leaf
53,28684,connected,,,compute-027,be-gpu7-port1,server,be-plane-b-leaf-08,E1/14/1,leaf
53,28685,connected,,,compute-027,fe-p0,server,fe-leaf-01,E1/13/3,leaf
53,28686,connected,,,compute-027,fe-p1,server,fe-leaf-02,E1/13/3,leaf
53,28687,connected,,,compute-028,be-gpu0-port0,server,be-plane-a-leaf-01,E1/14/2,leaf
53,28688,connected,,,compute-028,be-gpu0-port1,server,be-plane-b-leaf-01,E1/14/2,leaf
53,28689,connected,,,compute-028,be-gpu1-port0,server,be-plane-a-leaf-02,E1/14/2,leaf
53,28690,connected,,,compute-028,be-gpu1-port1,server,be-plane-b-leaf-02,E1/14/2,leaf
53,28691,connected,,,compute-028,be-gpu2-port0,server,be-plane-a-leaf-03,E1/14/2,leaf
53,28692,connected,,,compute-028,be-gpu2-port1,server,be-plane-b-leaf-03,E1/14/2,leaf
53,28693,connected,,,compute-028,be-gpu3-port0,server,be-plane-a-leaf-04,E1/14/2,leaf
53,28694,connected,,,compute-028,be-gpu3-port1,server,be-plane-b-leaf-04,E1/14/2,leaf
53,28695,connected,,,compute-028,be-gpu4-port0,server,be-plane-a-leaf-05,E1/14/2,leaf
53,28696,connected,,,compute-028,be-gpu4-port1,server,be-plane-b-leaf-05,E1/14/2,leaf
53,28697,connected,,,compute-028,be-gpu5-port0,server,be-plane-a-leaf-06,E1/14/2,leaf
53,28698,connected,,,compute-028,be-gpu5-port1,server,be-plane-b-leaf-06,E1/14/2,leaf
53,28699,connected,,,compute-028,be-gpu6-port0,server,be-plane-a-leaf-07,E1/14/2,leaf
53,28700,connected,,,compute-028,be-gpu6-port1,server,be-plane-b-leaf-07,E1/14/2,leaf
53,28701,connected,,,compute-028,be-gpu7-port0,server,be-plane-a-leaf-08,E1/14/2,leaf
53,28702,connected,,,compute-028,be-gpu7-port1,server,be-plane-b-leaf-08,E1/14/2,leaf
53,28703,connected,,,compute-028,fe-p0,server,fe-leaf-01,E1/13/4,leaf
53,28704,connected,,,compute-028,fe-p1,server,fe-leaf-02,E1/13/4,leaf
53,28705,connected,,,compute-029,be-gpu0-port0,server,be-plane-a-leaf-01,E1/15/1,leaf
53,28706,connected,,,compute-029,be-gpu0-port1,server,be-plane-b-leaf-01,E1/15/1,leaf
53,28707,connected,,,compute-029,be-gpu1-port0,server,be-plane-a-leaf-02,E1/15/1,leaf
53,28708,connected,,,compute-029,be-gpu1-port1,server,be-plane-b-leaf-02,E1/15/1,leaf
53,28709,connected,,,compute-029,be-gpu2-port0,server,be-plane-a-leaf-03,E1/15/1,leaf
53,28710,connected,,,compute-029,be-gpu2-port1,server,be-plane-b-leaf-03,E1/15/1,leaf
53,28711,connected,,,compute-029,be-gpu3-port0,server,be-plane-a-leaf-04,E1/15/1,leaf
53,28712,connected,,,compute-029,be-gpu3-port1,server,be-plane-b-leaf-04,E1/15/1,leaf
53,28713,connected,,,compute-029,be-gpu4-port0,server,be-plane-a-leaf-05,E1/15/1,leaf
53,28714,connected,,,compute-029,be-gpu4-port1,server,be-plane-b-leaf-05,E1/15/1,leaf
53,28715,connected,,,compute-029,be-gpu5-port0,server,be-plane-a-leaf-06,E1/15/1,leaf
53,28716,connected,,,compute-029,be-gpu5-port1,server,be-plane-b-leaf-06,E1/15/1,leaf
53,28717,connected,,,compute-029,be-gpu6-port0,server,be-plane-a-leaf-07,E1/15/1,leaf
53,28718,connected,,,compute-029,be-gpu6-port1,server,be-plane-b-leaf-07,E1/15/1,leaf
53,28719,connected,,,compute-029,be-gpu7-port0,server,be-plane-a-leaf-08,E1/15/1,leaf
53,28720,connected,,,compute-029,be-gpu7-port1,server,be-plane-b-leaf-08,E1/15/1,leaf
53,28721,connected,,,compute-029,fe-p0,server,fe-leaf-01,E1/15/1,leaf
53,28722,connected,,,compute-029,fe-p1,server,fe-leaf-02,E1/15/1,leaf
53,28723,connected,,,compute-030,be-gpu0-port0,server,be-plane-a-leaf-01,E1/15/2,leaf
53,28724,connected,,,compute-030,be-gpu0-port1,server,be-plane-b-leaf-01,E1/15/2,leaf
53,28725,connected,,,compute-030,be-gpu1-port0,server,be-plane-a-leaf-02,E1/15/2,leaf
53,28726,connected,,,compute-030,be-gpu1-port1,server,be-plane-b-leaf-02,E1/15/2,leaf
53,28727,connected,,,compute-030,be-gpu2-port0,server,be-plane-a-leaf-03,E1/15/2,leaf
53,28728,connected,,,compute-030,be-gpu2-port1,server,be-plane-b-leaf-03,E1/15/2,leaf
53,28729,connected,,,compute-030,be-gpu3-port0,server,be-plane-a-leaf-04,E1/15/2,leaf
53,28730,connected,,,compute-030,be-gpu3-port1,server,be-plane-b-leaf-04,E1/15/2,leaf
53,28731,connected,,,compute-030,be-gpu4-port0,server,be-plane-a-leaf-05,E1/15/2,leaf
53,28732,connected,,,compute-030,be-gpu4-port1,server,be-plane-b-leaf-05,E1/15/2,leaf
53,28733,connected,,,compute-030,be-gpu5-port0,server,be-plane-a-leaf-06,E1/15/2,leaf
53,28734,connected,,,compute-030,be-gpu5-port1,server,be-plane-b-leaf-06,E1/15/2,leaf
53,28735,connected,,,compute-030,be-gpu6-port0,server,be-plane-a-leaf-07,E1/15/2,leaf
53,28736,connected,,,compute-030,be-gpu6-port1,server,be-plane-b-leaf-07,E1/15/2,leaf
53,28737,connected,,,compute-030,be-gpu7-port0,server,be-plane-a-leaf-08,E1/15/2,leaf
53,28738,connected,,,compute-030,be-gpu7-port1,server,be-plane-b-leaf-08,E1/15/2,leaf
53,28739,connected,,,compute-030,fe-p0,server,fe-leaf-01,E1/15/2,leaf
53,28740,connected,,,compute-030,fe-p1,server,fe-leaf-02,E1/15/2,leaf
53,28741,connected,,,compute-031,be-gpu0-port0,server,be-plane-a-leaf-01,E1/16/1,leaf
53,28742,connected,,,compute-031,be-gpu0-port1,server,be-plane-b-leaf-01,E1/16/1,leaf
53,28743,connected,,,compute-031,be-gpu1-port0,server,be-plane-a-leaf-02,E1/16/1,leaf
53,28744,connected,,,compute-031,be-gpu1-port1,server,be-plane-b-leaf-02,E1/16/1,leaf
53,28745,connected,,,compute-031,be-gpu2-port0,server,be-plane-a-leaf-03,E1/16/1,leaf
53,28746,connected,,,compute-031,be-gpu2-port1,server,be-plane-b-leaf-03,E1/16/1,leaf
53,28747,connected,,,compute-031,be-gpu3-port0,server,be-plane-a-leaf-04,E1/16/1,leaf
53,28748,connected,,,compute-031,be-gpu3-port1,server,be-plane-b-leaf-04,E1/16/1,leaf
53,28749,connected,,,compute-031,be-gpu4-port0,server,be-plane-a-leaf-05,E1/16/1,leaf
53,28750,connected,,,compute-031,be-gpu4-port1,server,be-plane-b-leaf-05,E1/16/1,leaf
53,28751,connected,,,compute-031,be-gpu5-port0,server,be-plane-a-leaf-06,E1/16/1,leaf
53,28752,connected,,,compute-031,be-gpu5-port1,server,be-plane-b-leaf-06,E1/16/1,leaf
53,28753,connected,,,compute-031,be-gpu6-port0,server,be-plane-a-leaf-07,E1/16/1,leaf
53,28754,connected,,,compute-031,be-gpu6-port1,server,be-plane-b-leaf-07,E1/16/1,leaf
53,28755,connected,,,compute-031,be-gpu7-port0,server,be-plane-a-leaf-08,E1/16/1,leaf
53,28756,connected,,,compute-031,be-gpu7-port1,server,be-plane-b-leaf-08,E1/16/1,leaf
53,28757,connected,,,compute-031,fe-p0,server,fe-leaf-01,E1/15/3,leaf
53,28758,connected,,,compute-031,fe-p1,server,fe-leaf-02,E1/15/3,leaf
53,28759,connected,,,compute-032,be-gpu0-port0,server,be-plane-a-leaf-01,E1/16/2,leaf
53,28760,connected,,,compute-032,be-gpu0-port1,server,be-plane-b-leaf-01,E1/16/2,leaf
53,28761,connected,,,compute-032,be-gpu1-port0,server,be-plane-a-leaf-02,E1/16/2,leaf
53,28762,connected,,,compute-032,be-gpu1-port1,server,be-plane-b-leaf-02,E1/16/2,leaf
53,28763,connected,,,compute-032,be-gpu2-port0,server,be-plane-a-leaf-03,E1/16/2,leaf
53,28764,connected,,,compute-032,be-gpu2-port1,server,be-plane-b-leaf-03,E1/16/2,leaf
53,28765,connected,,,compute-032,be-gpu3-port0,server,be-plane-a-leaf-04,E1/16/2,leaf
53,28766,connected,,,compute-032,be-gpu3-port1,server,be-plane-b-leaf-04,E1/16/2,leaf
53,28767,connected,,,compute-032,be-gpu4-port0,server,be-plane-a-leaf-05,E1/16/2,leaf
53,28768,connected,,,compute-032,be-gpu4-port1,server,be-plane-b-leaf-05,E1/16/2,leaf
53,28769,connected,,,compute-032,be-gpu5-port0,server,be-plane-a-leaf-06,E1/16/2,leaf
53,28770,connected,,,compute-032,be-gpu5-port1,server,be-plane-b-leaf-06,E1/16/2,leaf
53,28771,connected,,,compute-032,be-gpu6-port0,server,be-plane-a-leaf-07,E1/16/2,leaf
53,28772,connected,,,compute-032,be-gpu6-port1,server,be-plane-b-leaf-07,E1/16/2,leaf
53,28773,connected,,,compute-032,be-gpu7-port0,server,be-plane-a-leaf-08,E1/16/2,leaf
53,28774,connected,,,compute-032,be-gpu7-port1,server,be-plane-b-leaf-08,E1/16/2,leaf
53,28775,connected,,,compute-032,fe-p0,server,fe-leaf-01,E1/15/4,leaf
53,28776,connected,,,compute-032,fe-p1,server,fe-leaf-02,E1/15/4,leaf
53,28777,connected,,,compute-033,be-gpu0-port0,server,be-plane-a-leaf-01,E1/17/1,leaf
53,28778,connected,,,compute-033,be-gpu0-port1,server,be-plane-b-leaf-01,E1/17/1,leaf
53,28779,connected,,,compute-033,be-gpu1-port0,server,be-plane-a-leaf-02,E1/17/1,leaf
53,28780,connected,,,compute-033,be-gpu1-port1,server,be-plane-b-leaf-02,E1/17/1,leaf
53,28781,connected,,,compute-033,be-gpu2-port0,server,be-plane-a-leaf-03,E1/17/1,leaf
53,28782,connected,,,compute-033,be-gpu2-port1,server,be-plane-b-leaf-03,E1/17/1,leaf
53,28783,connected,,,compute-033,be-gpu3-port0,server,be-plane-a-leaf-04,E1/17/1,leaf
53,28784,connected,,,compute-033,be-gpu3-port1,server,be-plane-b-leaf-04,E1/17/1,leaf
53,28785,connected,,,compute-033,be-gpu4-port0,server,be-plane-a-leaf-05,E1/17/1,leaf
53,28786,connected,,,compute-033,be-gpu4-port1,server,be-plane-b-leaf-05,E1/17/1,leaf
53,28787,connected,,,compute-033,be-gpu5-port0,server,be-plane-a-leaf-06,E1/17/1,leaf
53,28788,connected,,,compute-033,be-gpu5-port1,server,be-plane-b-leaf-06,E1/17/1,leaf
53,28789,connected,,,compute-033,be-gpu6-port0,server,be-plane-a-leaf-07,E1/17/1,leaf
53,28790,connected,,,compute-033,be-gpu6-port1,server,be-plane-b-leaf-07,E1/17/1,leaf
53,28791,connected,,,compute-033,be-gpu7-port0,server,be-plane-a-leaf-08,E1/17/1,leaf
53,28792,connected,,,compute-033,be-gpu7-port1,server,be-plane-b-leaf-08,E1/17/1,leaf
53,28793,connected,,,compute-033,fe-p0,server,fe-leaf-01,E1/17/1,leaf
53,28794,connected,,,compute-033,fe-p1,server,fe-leaf-02,E1/17/1,leaf
53,28795,connected,,,compute-034,be-gpu0-port0,server,be-plane-a-leaf-01,E1/17/2,leaf
53,28796,connected,,,compute-034,be-gpu0-port1,server,be-plane-b-leaf-01,E1/17/2,leaf
53,28797,connected,,,compute-034,be-gpu1-port0,server,be-plane-a-leaf-02,E1/17/2,leaf
53,28798,connected,,,compute-034,be-gpu1-port1,server,be-plane-b-leaf-02,E1/17/2,leaf
53,28799,connected,,,compute-034,be-gpu2-port0,server,be-plane-a-leaf-03,E1/17/2,leaf
53,28800,connected,,,compute-034,be-gpu2-port1,server,be-plane-b-leaf-03,E1/17/2,leaf
53,28801,connected,,,compute-034,be-gpu3-port0,server,be-plane-a-leaf-04,E1/17/2,leaf
53,28802,connected,,,compute-034,be-gpu3-port1,server,be-plane-b-leaf-04,E1/17/2,leaf
53,28803,connected,,,compute-034,be-gpu4-port0,server,be-plane-a-leaf-05,E1/17/2,leaf
53,28804,connected,,,compute-034,be-gpu4-port1,server,be-plane-b-leaf-05,E1/17/2,leaf
53,28805,connected,,,compute-034,be-gpu5-port0,server,be-plane-a-leaf-06,E1/17/2,leaf
53,28806,connected,,,compute-034,be-gpu5-port1,server,be-plane-b-leaf-06,E1/17/2,leaf
53,28807,connected,,,compute-034,be-gpu6-port0,server,be-plane-a-leaf-07,E1/17/2,leaf
53,28808,connected,,,compute-034,be-gpu6-port1,server,be-plane-b-leaf-07,E1/17/2,leaf
53,28809,connected,,,compute-034,be-gpu7-port0,server,be-plane-a-leaf-08,E1/17/2,leaf
53,28810,connected,,,compute-034,be-gpu7-port1,server,be-plane-b-leaf-08,E1/17/2,leaf
53,28811,connected,,,compute-034,fe-p0,server,fe-leaf-01,E1/17/2,leaf
53,28812,connected,,,compute-034,fe-p1,server,fe-leaf-02,E1/17/2,leaf
53,28813,connected,,,compute-035,be-gpu0-port0,server,be-plane-a-leaf-01,E1/18/1,leaf
53,28814,connected,,,compute-035,be-gpu0-port1,server,be-plane-b-leaf-01,E1/18/1,leaf
53,28815,connected,,,compute-035,be-gpu1-port0,server,be-plane-a-leaf-02,E1/18/1,leaf
53,28816,connected,,,compute-035,be-gpu1-port1,server,be-plane-b-leaf-02,E1/18/1,leaf
53,28817,connected,,,compute-035,be-gpu2-port0,server,be-plane-a-leaf-03,E1/18/1,leaf
53,28818,connected,,,compute-035,be-gpu2-port1,server,be-plane-b-leaf-03,E1/18/1,leaf
53,28819,connected,,,compute-035,be-gpu3-port0,server,be-plane-a-leaf-04,E1/18/1,leaf
53,28820,connected,,,compute-035,be-gpu3-port1,server,be-plane-b-leaf-04,E1/18/1,leaf
53,28821,connected,,,compute-035,be-gpu4-port0,server,be-plane-a-leaf-05,E1/18/1,leaf
53,28822,connected,,,compute-035,be-gpu4-port1,server,be-plane-b-leaf-05,E1/18/1,leaf
53,28823,connected,,,compute-035,be-gpu5-port0,server,be-plane-a-leaf-06,E1/18/1,leaf
53,28824,connected,,,compute-035,be-gpu5-port1,server,be-plane-b-leaf-06,E1/18/1,leaf
53,28825,connected,,,compute-035,be-gpu6-port0,server,be-plane-a-leaf-07,E1/18/1,leaf
53,28826,connected,,,compute-035,be-gpu6-port1,server,be-plane-b-leaf-07,E1/18/1,leaf
53,28827,connected,,,compute-035,be-gpu7-port0,server,be-plane-a-leaf-08,E1/18/1,leaf
53,28828,connected,,,compute-035,be-gpu7-port1,server,be-plane-b-leaf-08,E1/18/1,leaf
53,28829,connected,,,compute-035,fe-p0,server,fe-leaf-01,E1/17/3,leaf
53,28830,connected,,,compute-035,fe-p1,server,fe-leaf-02,E1/17/3,leaf
53,28831,connected,,,compute-036,be-gpu0-port0,server,be-plane-a-leaf-01,E1/18/2,leaf
53,28832,connected,,,compute-036,be-gpu0-port1,server,be-plane-b-leaf-01,E1/18/2,leaf
53,28833,connected,,,compute-036,be-gpu1-port0,server,be-plane-a-leaf-02,E1/18/2,leaf
53,28834,connected,,,compute-036,be-gpu1-port1,server,be-plane-b-leaf-02,E1/18/2,leaf
53,28835,connected,,,compute-036,be-gpu2-port0,server,be-plane-a-leaf-03,E1/18/2,leaf
53,28836,connected,,,compute-036,be-gpu2-port1,server,be-plane-b-leaf-03,E1/18/2,leaf
53,28837,connected,,,compute-036,be-gpu3-port0,server,be-plane-a-leaf-04,E1/18/2,leaf
53,28838,connected,,,compute-036,be-gpu3-port1,server,be-plane-b-leaf-04,E1/18/2,leaf
53,28839,connected,,,compute-036,be-gpu4-port0,server,be-plane-a-leaf-05,E1/18/2,leaf
53,28840,connected,,,compute-036,be-gpu4-port1,server,be-plane-b-leaf-05,E1/18/2,leaf
53,28841,connected,,,compute-036,be-gpu5-port0,server,be-plane-a-leaf-06,E1/18/2,leaf
53,28842,connected,,,compute-036,be-gpu5-port1,server,be-plane-b-leaf-06,E1/18/2,leaf
53,28843,connected,,,compute-036,be-gpu6-port0,server,be-plane-a-leaf-07,E1/18/2,leaf
53,28844,connected,,,compute-036,be-gpu6-port1,server,be-plane-b-leaf-07,E1/18/2,leaf
53,28845,connected,,,compute-036,be-gpu7-port0,server,be-plane-a-leaf-08,E1/18/2,leaf
53,28846,connected,,,compute-036,be-gpu7-port1,server,be-plane-b-leaf-08,E1/18/2,leaf
53,28847,connected,,,compute-036,fe-p0,server,fe-leaf-01,E1/17/4,leaf
53,28848,connected,,,compute-036,fe-p1,server,fe-leaf-02,E1/17/4,leaf
53,28849,connected,,,compute-037,be-gpu0-port0,server,be-plane-a-leaf-01,E1/19/1,leaf
53,28850,connected,,,compute-037,be-gpu0-port1,server,be-plane-b-leaf-01,E1/19/1,leaf
53,28851,connected,,,compute-037,be-gpu1-port0,server,be-plane-a-leaf-02,E1/19/1,leaf
53,28852,connected,,,compute-037,be-gpu1-port1,server,be-plane-b-leaf-02,E1/19/1,leaf
53,28853,connected,,,compute-037,be-gpu2-port0,server,be-plane-a-leaf-03,E1/19/1,leaf
53,28854,connected,,,compute-037,be-gpu2-port1,server,be-plane-b-leaf-03,E1/19/1,leaf
53,28855,connected,,,compute-037,be-gpu3-port0,server,be-plane-a-leaf-04,E1/19/1,leaf
53,28856,connected,,,compute-037,be-gpu3-port1,server,be-plane-b-leaf-04,E1/19/1,leaf
53,28857,connected,,,compute-037,be-gpu4-port0,server,be-plane-a-leaf-05,E1/19/1,leaf
53,28858,connected,,,compute-037,be-gpu4-port1,server,be-plane-b-leaf-05,E1/19/1,leaf
53,28859,connected,,,compute-037,be-gpu5-port0,server,be-plane-a-leaf-06,E1/19/1,leaf
53,28860,connected,,,compute-037,be-gpu5-port1,server,be-plane-b-leaf-06,E1/19/1,leaf
53,28861,connected,,,compute-037,be-gpu6-port0,server,be-plane-a-leaf-07,E1/19/1,leaf
53,28862,connected,,,compute-037,be-gpu6-port1,server,be-plane-b-leaf-07,E1/19/1,leaf
53,28863,connected,,,compute-037,be-gpu7-port0,server,be-plane-a-leaf-08,E1/19/1,leaf
53,28864,connected,,,compute-037,be-gpu7-port1,server,be-plane-b-leaf-08,E1/19/1,leaf
53,28865,connected,,,compute-037,fe-p0,server,fe-leaf-01,E1/19/1,leaf
53,28866,connected,,,compute-037,fe-p1,server,fe-leaf-02,E1/19/1,leaf
53,28867,connected,,,compute-038,be-gpu0-port0,server,be-plane-a-leaf-01,E1/19/2,leaf
53,28868,connected,,,compute-038,be-gpu0-port1,server,be-plane-b-leaf-01,E1/19/2,leaf
53,28869,connected,,,compute-038,be-gpu1-port0,server,be-plane-a-leaf-02,E1/19/2,leaf
53,28870,connected,,,compute-038,be-gpu1-port1,server,be-plane-b-leaf-02,E1/19/2,leaf
53,28871,connected,,,compute-038,be-gpu2-port0,server,be-plane-a-leaf-03,E1/19/2,leaf
53,28872,connected,,,compute-038,be-gpu2-port1,server,be-plane-b-leaf-03,E1/19/2,leaf
53,28873,connected,,,compute-038,be-gpu3-port0,server,be-plane-a-leaf-04,E1/19/2,leaf
53,28874,connected,,,compute-038,be-gpu3-port1,server,be-plane-b-leaf-04,E1/19/2,leaf
53,28875,connected,,,compute-038,be-gpu4-port0,server,be-plane-a-leaf-05,E1/19/2,leaf
53,28876,connected,,,compute-038,be-gpu4-port1,server,be-plane-b-leaf-05,E1/19/2,leaf
53,28877,connected,,,compute-038,be-gpu5-port0,server,be-plane-a-leaf-06,E1/19/2,leaf
53,28878,connected,,,compute-038,be-gpu5-port1,server,be-plane-b-leaf-06,E1/19/2,leaf
53,28879,connected,,,compute-038,be-gpu6-port0,server,be-plane-a-leaf-07,E1/19/2,leaf
53,28880,connected,,,compute-038,be-gpu6-port1,server,be-plane-b-leaf-07,E1/19/2,leaf
53,28881,connected,,,compute-038,be-gpu7-port0,server,be-plane-a-leaf-08,E1/19/2,leaf
53,28882,connected,,,compute-038,be-gpu7-port1,server,be-plane-b-leaf-08,E1/19/2,leaf
53,28883,connected,,,compute-038,fe-p0,server,fe-leaf-01,E1/19/2,leaf
53,28884,connected,,,compute-038,fe-p1,server,fe-leaf-02,E1/19/2,leaf
53,28885,connected,,,compute-039,be-gpu0-port0,server,be-plane-a-leaf-01,E1/20/1,leaf
53,28886,connected,,,compute-039,be-gpu0-port1,server,be-plane-b-leaf-01,E1/20/1,leaf
53,28887,connected,,,compute-039,be-gpu1-port0,server,be-plane-a-leaf-02,E1/20/1,leaf
53,28888,connected,,,compute-039,be-gpu1-port1,server,be-plane-b-leaf-02,E1/20/1,leaf
53,28889,connected,,,compute-039,be-gpu2-port0,server,be-plane-a-leaf-03,E1/20/1,leaf
53,28890,connected,,,compute-039,be-gpu2-port1,server,be-plane-b-leaf-03,E1/20/1,leaf
53,28891,connected,,,compute-039,be-gpu3-port0,server,be-plane-a-leaf-04,E1/20/1,leaf
53,28892,connected,,,compute-039,be-gpu3-port1,server,be-plane-b-leaf-04,E1/20/1,leaf
53,28893,connected,,,compute-039,be-gpu4-port0,server,be-plane-a-leaf-05,E1/20/1,leaf
53,28894,connected,,,compute-039,be-gpu4-port1,server,be-plane-b-leaf-05,E1/20/1,leaf
53,28895,connected,,,compute-039,be-gpu5-port0,server,be-plane-a-leaf-06,E1/20/1,leaf
53,28896,connected,,,compute-039,be-gpu5-port1,server,be-plane-b-leaf-06,E1/20/1,leaf
53,28897,connected,,,compute-039,be-gpu6-port0,server,be-plane-a-leaf-07,E1/20/1,leaf
53,28898,connected,,,compute-039,be-gpu6-port1,server,be-plane-b-leaf-07,E1/20/1,leaf
53,28899,connected,,,compute-039,be-gpu7-port0,server,be-plane-a-leaf-08,E1/20/1,leaf
53,28900,connected,,,compute-039,be-gpu7-port1,server,be-plane-b-leaf-08,E1/20/1,leaf
53,28901,connected,,,compute-039,fe-p0,server,fe-leaf-01,E1/19/3,leaf
53,28902,connected,,,compute-039,fe-p1,server,fe-leaf-02,E1/19/3,leaf
53,28903,connected,,,compute-040,be-gpu0-port0,server,be-plane-a-leaf-01,E1/20/2,leaf
53,28904,connected,,,compute-040,be-gpu0-port1,server,be-plane-b-leaf-01,E1/20/2,leaf
53,28905,connected,,,compute-040,be-gpu1-port0,server,be-plane-a-leaf-02,E1/20/2,leaf
53,28906,connected,,,compute-040,be-gpu1-port1,server,be-plane-b-leaf-02,E1/20/2,leaf
53,28907,connected,,,compute-040,be-gpu2-port0,server,be-plane-a-leaf-03,E1/20/2,leaf
53,28908,connected,,,compute-040,be-gpu2-port1,server,be-plane-b-leaf-03,E1/20/2,leaf
53,28909,connected,,,compute-040,be-gpu3-port0,server,be-plane-a-leaf-04,E1/20/2,leaf
53,28910,connected,,,compute-040,be-gpu3-port1,server,be-plane-b-leaf-04,E1/20/2,leaf
53,28911,connected,,,compute-040,be-gpu4-port0,server,be-plane-a-leaf-05,E1/20/2,leaf
53,28912,connected,,,compute-040,be-gpu4-port1,server,be-plane-b-leaf-05,E1/20/2,leaf
53,28913,connected,,,compute-040,be-gpu5-port0,server,be-plane-a-leaf-06,E1/20/2,leaf
53,28914,connected,,,compute-040,be-gpu5-port1,server,be-plane-b-leaf-06,E1/20/2,leaf
53,28915,connected,,,compute-040,be-gpu6-port0,server,be-plane-a-leaf-07,E1/20/2,leaf
53,28916,connected,,,compute-040,be-gpu6-port1,server,be-plane-b-leaf-07,E1/20/2,leaf
53,28917,connected,,,compute-040,be-gpu7-port0,server,be-plane-a-leaf-08,E1/20/2,leaf
53,28918,connected,,,compute-040,be-gpu7-port1,server,be-plane-b-leaf-08,E1/20/2,leaf
53,28919,connected,,,compute-040,fe-p0,server,fe-leaf-01,E1/19/4,leaf
53,28920,connected,,,compute-040,fe-p1,server,fe-leaf-02,E1/19/4,leaf
53,28921,connected,,,compute-041,be-gpu0-port0,server,be-plane-a-leaf-01,E1/21/1,leaf
53,28922,connected,,,compute-041,be-gpu0-port1,server,be-plane-b-leaf-01,E1/21/1,leaf
53,28923,connected,,,compute-041,be-gpu1-port0,server,be-plane-a-leaf-02,E1/21/1,leaf
53,28924,connected,,,compute-041,be-gpu1-port1,server,be-plane-b-leaf-02,E1/21/1,leaf
53,28925,connected,,,compute-041,be-gpu2-port0,server,be-plane-a-leaf-03,E1/21/1,leaf
53,28926,connected,,,compute-041,be-gpu2-port1,server,be-plane-b-leaf-03,E1/21/1,leaf
53,28927,connected,,,compute-041,be-gpu3-port0,server,be-plane-a-leaf-04,E1/21/1,leaf
53,28928,connected,,,compute-041,be-gpu3-port1,server,be-plane-b-leaf-04,E1/21/1,leaf
53,28929,connected,,,compute-041,be-gpu4-port0,server,be-plane-a-leaf-05,E1/21/1,leaf
53,28930,connected,,,compute-041,be-gpu4-port1,server,be-plane-b-leaf-05,E1/21/1,leaf
53,28931,connected,,,compute-041,be-gpu5-port0,server,be-plane-a-leaf-06,E1/21/1,leaf
53,28932,connected,,,compute-041,be-gpu5-port1,server,be-plane-b-leaf-06,E1/21/1,leaf
53,28933,connected,,,compute-041,be-gpu6-port0,server,be-plane-a-leaf-07,E1/21/1,leaf
53,28934,connected,,,compute-041,be-gpu6-port1,server,be-plane-b-leaf-07,E1/21/1,leaf
53,28935,connected,,,compute-041,be-gpu7-port0,server,be-plane-a-leaf-08,E1/21/1,leaf
53,28936,connected,,,compute-041,be-gpu7-port1,server,be-plane-b-leaf-08,E1/21/1,leaf
53,28937,connected,,,compute-041,fe-p0,server,fe-leaf-01,E1/21/1,leaf
53,28938,connected,,,compute-041,fe-p1,server,fe-leaf-02,E1/21/1,leaf
53,28939,connected,,,compute-042,be-gpu0-port0,server,be-plane-a-leaf-01,E1/21/2,leaf
53,28940,connected,,,compute-042,be-gpu0-port1,server,be-plane-b-leaf-01,E1/21/2,leaf
53,28941,connected,,,compute-042,be-gpu1-port0,server,be-plane-a-leaf-02,E1/21/2,leaf
53,28942,connected,,,compute-042,be-gpu1-port1,server,be-plane-b-leaf-02,E1/21/2,leaf
53,28943,connected,,,compute-042,be-gpu2-port0,server,be-plane-a-leaf-03,E1/21/2,leaf
53,28944,connected,,,compute-042,be-gpu2-port1,server,be-plane-b-leaf-03,E1/21/2,leaf
53,28945,connected,,,compute-042,be-gpu3-port0,server,be-plane-a-leaf-04,E1/21/2,leaf
53,28946,connected,,,compute-042,be-gpu3-port1,server,be-plane-b-leaf-04,E1/21/2,leaf
53,28947,connected,,,compute-042,be-gpu4-port0,server,be-plane-a-leaf-05,E1/21/2,leaf
53,28948,connected,,,compute-042,be-gpu4-port1,server,be-plane-b-leaf-05,E1/21/2,leaf
53,28949,connected,,,compute-042,be-gpu5-port0,server,be-plane-a-leaf-06,E1/21/2,leaf
53,28950,connected,,,compute-042,be-gpu5-port1,server,be-plane-b-leaf-06,E1/21/2,leaf
53,28951,connected,,,compute-042,be-gpu6-port0,server,be-plane-a-leaf-07,E1/21/2,leaf
53,28952,connected,,,compute-042,be-gpu6-port1,server,be-plane-b-leaf-07,E1/21/2,leaf
53,28953,connected,,,compute-042,be-gpu7-port0,server,be-plane-a-leaf-08,E1/21/2,leaf
53,28954,connected,,,compute-042,be-gpu7-port1,server,be-plane-b-leaf-08,E1/21/2,leaf
53,28955,connected,,,compute-042,fe-p0,server,fe-leaf-01,E1/21/2,leaf
53,28956,connected,,,compute-042,fe-p1,server,fe-leaf-02,E1/21/2,leaf
53,28957,connected,,,compute-043,be-gpu0-port0,server,be-plane-a-leaf-01,E1/22/1,leaf
53,28958,connected,,,compute-043,be-gpu0-port1,server,be-plane-b-leaf-01,E1/22/1,leaf
53,28959,connected,,,compute-043,be-gpu1-port0,server,be-plane-a-leaf-02,E1/22/1,leaf
53,28960,connected,,,compute-043,be-gpu1-port1,server,be-plane-b-leaf-02,E1/22/1,leaf
53,28961,connected,,,compute-043,be-gpu2-port0,server,be-plane-a-leaf-03,E1/22/1,leaf
53,28962,connected,,,compute-043,be-gpu2-port1,server,be-plane-b-leaf-03,E1/22/1,leaf
53,28963,connected,,,compute-043,be-gpu3-port0,server,be-plane-a-leaf-04,E1/22/1,leaf
53,28964,connected,,,compute-043,be-gpu3-port1,server,be-plane-b-leaf-04,E1/22/1,leaf
53,28965,connected,,,compute-043,be-gpu4-port0,server,be-plane-a-leaf-05,E1/22/1,leaf
53,28966,connected,,,compute-043,be-gpu4-port1,server,be-plane-b-leaf-05,E1/22/1,leaf
53,28967,connected,,,compute-043,be-gpu5-port0,server,be-plane-a-leaf-06,E1/22/1,leaf
53,28968,connected,,,compute-043,be-gpu5-port1,server,be-plane-b-leaf-06,E1/22/1,leaf
53,28969,connected,,,compute-043,be-gpu6-port0,server,be-plane-a-leaf-07,E1/22/1,leaf
53,28970,connected,,,compute-043,be-gpu6-port1,server,be-plane-b-leaf-07,E1/22/1,leaf
53,28971,connected,,,compute-043,be-gpu7-port0,server,be-plane-a-leaf-08,E1/22/1,leaf
53,28972,connected,,,compute-043,be-gpu7-port1,server,be-plane-b-leaf-08,E1/22/1,leaf
53,28973,connected,,,compute-043,fe-p0,server,fe-leaf-01,E1/21/3,leaf
53,28974,connected,,,compute-043,fe-p1,server,fe-leaf-02,E1/21/3,leaf
53,28975,connected,,,compute-044,be-gpu0-port0,server,be-plane-a-leaf-01,E1/22/2,leaf
53,28976,connected,,,compute-044,be-gpu0-port1,server,be-plane-b-leaf-01,E1/22/2,leaf
53,28977,connected,,,compute-044,be-gpu1-port0,server,be-plane-a-leaf-02,E1/22/2,leaf
53,28978,connected,,,compute-044,be-gpu1-port1,server,be-plane-b-leaf-02,E1/22/2,leaf
53,28979,connected,,,compute-044,be-gpu2-port0,server,be-plane-a-leaf-03,E1/22/2,leaf
53,28980,connected,,,compute-044,be-gpu2-port1,server,be-plane-b-leaf-03,E1/22/2,leaf
53,28981,connected,,,compute-044,be-gpu3-port0,server,be-plane-a-leaf-04,E1/22/2,leaf
53,28982,connected,,,compute-044,be-gpu3-port1,server,be-plane-b-leaf-04,E1/22/2,leaf
53,28983,connected,,,compute-044,be-gpu4-port0,server,be-plane-a-leaf-05,E1/22/2,leaf
53,28984,connected,,,compute-044,be-gpu4-port1,server,be-plane-b-leaf-05,E1/22/2,leaf
53,28985,connected,,,compute-044,be-gpu5-port0,server,be-plane-a-leaf-06,E1/22/2,leaf
53,28986,connected,,,compute-044,be-gpu5-port1,server,be-plane-b-leaf-06,E1/22/2,leaf
53,28987,connected,,,compute-044,be-gpu6-port0,server,be-plane-a-leaf-07,E1/22/2,leaf
53,28988,connected,,,compute-044,be-gpu6-port1,server,be-plane-b-leaf-07,E1/22/2,leaf
53,28989,connected,,,compute-044,be-gpu7-port0,server,be-plane-a-leaf-08,E1/22/2,leaf
53,28990,connected,,,compute-044,be-gpu7-port1,server,be-plane-b-leaf-08,E1/22/2,leaf
53,28991,connected,,,compute-044,fe-p0,server,fe-leaf-01,E1/21/4,leaf
53,28992,connected,,,compute-044,fe-p1,server,fe-leaf-02,E1/21/4,leaf
53,28993,connected,,,compute-045,be-gpu0-port0,server,be-plane-a-leaf-01,E1/23/1,leaf
53,28994,connected,,,compute-045,be-gpu0-port1,server,be-plane-b-leaf-01,E1/23/1,leaf
53,28995,connected,,,compute-045,be-gpu1-port0,server,be-plane-a-leaf-02,E1/23/1,leaf
53,28996,connected,,,compute-045,be-gpu1-port1,server,be-plane-b-leaf-02,E1/23/1,leaf
53,28997,connected,,,compute-045,be-gpu2-port0,server,be-plane-a-leaf-03,E1/23/1,leaf
53,28998,connected,,,compute-045,be-gpu2-port1,server,be-plane-b-leaf-03,E1/23/1,leaf
53,28999,connected,,,compute-045,be-gpu3-port0,server,be-plane-a-leaf-04,E1/23/1,leaf
53,29000,connected,,,compute-045,be-gpu3-port1,server,be-plane-b-leaf-04,E1/23/1,leaf
53,29001,connected,,,compute-045,be-gpu4-port0,server,be-plane-a-leaf-05,E1/23/1,leaf
53,29002,connected,,,compute-045,be-gpu4-port1,server,be-plane-b-leaf-05,E1/23/1,leaf
53,29003,connected,,,compute-045,be-gpu5-port0,server,be-plane-a-leaf-06,E1/23/1,leaf
53,29004,connected,,,compute-045,be-gpu5-port1,server,be-plane-b-leaf-06,E1/23/1,leaf
53,29005,connected,,,compute-045,be-gpu6-port0,server,be-plane-a-leaf-07,E1/23/1,leaf
53,29006,connected,,,compute-045,be-gpu6-port1,server,be-plane-b-leaf-07,E1/23/1,leaf
53,29007,connected,,,compute-045,be-gpu7-port0,server,be-plane-a-leaf-08,E1/23/1,leaf
53,29008,connected,,,compute-045,be-gpu7-port1,server,be-plane-b-leaf-08,E1/23/1,leaf
53,29009,connected,,,compute-045,fe-p0,server,fe-leaf-01,E1/23/1,leaf
53,29010,connected,,,compute-045,fe-p1,server,fe-leaf-02,E1/23/1,leaf
53,29011,connected,,,compute-046,be-gpu0-port0,server,be-plane-a-leaf-01,E1/23/2,leaf
53,29012,connected,,,compute-046,be-gpu0-port1,server,be-plane-b-leaf-01,E1/23/2,leaf
53,29013,connected,,,compute-046,be-gpu1-port0,server,be-plane-a-leaf-02,E1/23/2,leaf
53,29014,connected,,,compute-046,be-gpu1-port1,server,be-plane-b-leaf-02,E1/23/2,leaf
53,29015,connected,,,compute-046,be-gpu2-port0,server,be-plane-a-leaf-03,E1/23/2,leaf
53,29016,connected,,,compute-046,be-gpu2-port1,server,be-plane-b-leaf-03,E1/23/2,leaf
53,29017,connected,,,compute-046,be-gpu3-port0,server,be-plane-a-leaf-04,E1/23/2,leaf
53,29018,connected,,,compute-046,be-gpu3-port1,server,be-plane-b-leaf-04,E1/23/2,leaf
53,29019,connected,,,compute-046,be-gpu4-port0,server,be-plane-a-leaf-05,E1/23/2,leaf
53,29020,connected,,,compute-046,be-gpu4-port1,server,be-plane-b-leaf-05,E1/23/2,leaf
53,29021,connected,,,compute-046,be-gpu5-port0,server,be-plane-a-leaf-06,E1/23/2,leaf
53,29022,connected,,,compute-046,be-gpu5-port1,server,be-plane-b-leaf-06,E1/23/2,leaf
53,29023,connected,,,compute-046,be-gpu6-port0,server,be-plane-a-leaf-07,E1/23/2,leaf
53,29024,connected,,,compute-046,be-gpu6-port1,server,be-plane-b-leaf-07,E1/23/2,leaf
53,29025,connected,,,compute-046,be-gpu7-port0,server,be-plane-a-leaf-08,E1/23/2,leaf
53,29026,connected,,,compute-046,be-gpu7-port1,server,be-plane-b-leaf-08,E1/23/2,leaf
53,29027,connected,,,compute-046,fe-p0,server,fe-leaf-01,E1/23/2,leaf
53,29028,connected,,,compute-046,fe-p1,server,fe-leaf-02,E1/23/2,leaf
53,29029,connected,,,compute-047,be-gpu0-port0,server,be-plane-a-leaf-01,E1/24/1,leaf
53,29030,connected,,,compute-047,be-gpu0-port1,server,be-plane-b-leaf-01,E1/24/1,leaf
53,29031,connected,,,compute-047,be-gpu1-port0,server,be-plane-a-leaf-02,E1/24/1,leaf
53,29032,connected,,,compute-047,be-gpu1-port1,server,be-plane-b-leaf-02,E1/24/1,leaf
53,29033,connected,,,compute-047,be-gpu2-port0,server,be-plane-a-leaf-03,E1/24/1,leaf
53,29034,connected,,,compute-047,be-gpu2-port1,server,be-plane-b-leaf-03,E1/24/1,leaf
53,29035,connected,,,compute-047,be-gpu3-port0,server,be-plane-a-leaf-04,E1/24/1,leaf
53,29036,connected,,,compute-047,be-gpu3-port1,server,be-plane-b-leaf-04,E1/24/1,leaf
53,29037,connected,,,compute-047,be-gpu4-port0,server,be-plane-a-leaf-05,E1/24/1,leaf
53,29038,connected,,,compute-047,be-gpu4-port1,server,be-plane-b-leaf-05,E1/24/1,leaf
53,29039,connected,,,compute-047,be-gpu5-port0,server,be-plane-a-leaf-06,E1/24/1,leaf
53,29040,connected,,,compute-047,be-gpu5-port1,server,be-plane-b-leaf-06,E1/24/1,leaf
53,29041,connected,,,compute-047,be-gpu6-port0,server,be-plane-a-leaf-07,E1/24/1,leaf
53,29042,connected,,,compute-047,be-gpu6-port1,server,be-plane-b-leaf-07,E1/24/1,leaf
53,29043,connected,,,compute-047,be-gpu7-port0,server,be-plane-a-leaf-08,E1/24/1,leaf
53,29044,connected,,,compute-047,be-gpu7-port1,server,be-plane-b-leaf-08,E1/24/1,leaf
53,29045,connected,,,compute-047,fe-p0,server,fe-leaf-01,E1/23/3,leaf
53,29046,connected,,,compute-047,fe-p1,server,fe-leaf-02,E1/23/3,leaf
53,29047,connected,,,compute-048,be-gpu0-port0,server,be-plane-a-leaf-01,E1/24/2,leaf
53,29048,connected,,,compute-048,be-gpu0-port1,server,be-plane-b-leaf-01,E1/24/2,leaf
53,29049,connected,,,compute-048,be-gpu1-port0,server,be-plane-a-leaf-02,E1/24/2,leaf
53,29050,connected,,,compute-048,be-gpu1-port1,server,be-plane-b-leaf-02,E1/24/2,leaf
53,29051,connected,,,compute-048,be-gpu2-port0,server,be-plane-a-leaf-03,E1/24/2,leaf
53,29052,connected,,,compute-048,be-gpu2-port1,server,be-plane-b-leaf-03,E1/24/2,leaf
53,29053,connected,,,compute-048,be-gpu3-port0,server,be-plane-a-leaf-04,E1/24/2,leaf
53,29054,connected,,,compute-048,be-gpu3-port1,server,be-plane-b-leaf-04,E1/24/2,leaf
53,29055,connected,,,compute-048,be-gpu4-port0,server,be-plane-a-leaf-05,E1/24/2,leaf
53,29056,connected,,,compute-048,be-gpu4-port1,server,be-plane-b-leaf-05,E1/24/2,leaf
53,29057,connected,,,compute-048,be-gpu5-port0,server,be-plane-a-leaf-06,E1/24/2,leaf
53,29058,connected,,,compute-048,be-gpu5-port1,server,be-plane-b-leaf-06,E1/24/2,leaf
53,29059,connected,,,compute-048,be-gpu6-port0,server,be-plane-a-leaf-07,E1/24/2,leaf
53,29060,connected,,,compute-048,be-gpu6-port1,server,be-plane-b-leaf-07,E1/24/2,leaf
53,29061,connected,,,compute-048,be-gpu7-port0,server,be-plane-a-leaf-08,E1/24/2,leaf
53,29062,connected,,,compute-048,be-gpu7-port1,server,be-plane-b-leaf-08,E1/24/2,leaf
53,29063,connected,,,compute-048,fe-p0,server,fe-leaf-01,E1/23/4,leaf
53,29064,connected,,,compute-048,fe-p1,server,fe-leaf-02,E1/23/4,leaf
53,29065,connected,,,compute-049,be-gpu0-port0,server,be-plane-a-leaf-01,E1/25/1,leaf
53,29066,connected,,,compute-049,be-gpu0-port1,server,be-plane-b-leaf-01,E1/25/1,leaf
53,29067,connected,,,compute-049,be-gpu1-port0,server,be-plane-a-leaf-02,E1/25/1,leaf
53,29068,connected,,,compute-049,be-gpu1-port1,server,be-plane-b-leaf-02,E1/25/1,leaf
53,29069,connected,,,compute-049,be-gpu2-port0,server,be-plane-a-leaf-03,E1/25/1,leaf
53,29070,connected,,,compute-049,be-gpu2-port1,server,be-plane-b-leaf-03,E1/25/1,leaf
53,29071,connected,,,compute-049,be-gpu3-port0,server,be-plane-a-leaf-04,E1/25/1,leaf
53,29072,connected,,,compute-049,be-gpu3-port1,server,be-plane-b-leaf-04,E1/25/1,leaf
53,29073,connected,,,compute-049,be-gpu4-port0,server,be-plane-a-leaf-05,E1/25/1,leaf
53,29074,connected,,,compute-049,be-gpu4-port1,server,be-plane-b-leaf-05,E1/25/1,leaf
53,29075,connected,,,compute-049,be-gpu5-port0,server,be-plane-a-leaf-06,E1/25/1,leaf
53,29076,connected,,,compute-049,be-gpu5-port1,server,be-plane-b-leaf-06,E1/25/1,leaf
53,29077,connected,,,compute-049,be-gpu6-port0,server,be-plane-a-leaf-07,E1/25/1,leaf
53,29078,connected,,,compute-049,be-gpu6-port1,server,be-plane-b-leaf-07,E1/25/1,leaf
53,29079,connected,,,compute-049,be-gpu7-port0,server,be-plane-a-leaf-08,E1/25/1,leaf
53,29080,connected,,,compute-049,be-gpu7-port1,server,be-plane-b-leaf-08,E1/25/1,leaf
53,29081,connected,,,compute-049,fe-p0,server,fe-leaf-01,E1/25/1,leaf
53,29082,connected,,,compute-049,fe-p1,server,fe-leaf-02,E1/25/1,leaf
53,29083,connected,,,compute-050,be-gpu0-port0,server,be-plane-a-leaf-01,E1/25/2,leaf
53,29084,connected,,,compute-050,be-gpu0-port1,server,be-plane-b-leaf-01,E1/25/2,leaf
53,29085,connected,,,compute-050,be-gpu1-port0,server,be-plane-a-leaf-02,E1/25/2,leaf
53,29086,connected,,,compute-050,be-gpu1-port1,server,be-plane-b-leaf-02,E1/25/2,leaf
53,29087,connected,,,compute-050,be-gpu2-port0,server,be-plane-a-leaf-03,E1/25/2,leaf
53,29088,connected,,,compute-050,be-gpu2-port1,server,be-plane-b-leaf-03,E1/25/2,leaf
53,29089,connected,,,compute-050,be-gpu3-port0,server,be-plane-a-leaf-04,E1/25/2,leaf
53,29090,connected,,,compute-050,be-gpu3-port1,server,be-plane-b-leaf-04,E1/25/2,leaf
53,29091,connected,,,compute-050,be-gpu4-port0,server,be-plane-a-leaf-05,E1/25/2,leaf
53,29092,connected,,,compute-050,be-gpu4-port1,server,be-plane-b-leaf-05,E1/25/2,leaf
53,29093,connected,,,compute-050,be-gpu5-port0,server,be-plane-a-leaf-06,E1/25/2,leaf
53,29094,connected,,,compute-050,be-gpu5-port1,server,be-plane-b-leaf-06,E1/25/2,leaf
53,29095,connected,,,compute-050,be-gpu6-port0,server,be-plane-a-leaf-07,E1/25/2,leaf
53,29096,connected,,,compute-050,be-gpu6-port1,server,be-plane-b-leaf-07,E1/25/2,leaf
53,29097,connected,,,compute-050,be-gpu7-port0,server,be-plane-a-leaf-08,E1/25/2,leaf
53,29098,connected,,,compute-050,be-gpu7-port1,server,be-plane-b-leaf-08,E1/25/2,leaf
53,29099,connected,,,compute-050,fe-p0,server,fe-leaf-01,E1/25/2,leaf
53,29100,connected,,,compute-050,fe-p1,server,fe-leaf-02,E1/25/2,leaf
53,29101,connected,,,compute-051,be-gpu0-port0,server,be-plane-a-leaf-01,E1/26/1,leaf
53,29102,connected,,,compute-051,be-gpu0-port1,server,be-plane-b-leaf-01,E1/26/1,leaf
53,29103,connected,,,compute-051,be-gpu1-port0,server,be-plane-a-leaf-02,E1/26/1,leaf
53,29104,connected,,,compute-051,be-gpu1-port1,server,be-plane-b-leaf-02,E1/26/1,leaf
53,29105,connected,,,compute-051,be-gpu2-port0,server,be-plane-a-leaf-03,E1/26/1,leaf
53,29106,connected,,,compute-051,be-gpu2-port1,server,be-plane-b-leaf-03,E1/26/1,leaf
53,29107,connected,,,compute-051,be-gpu3-port0,server,be-plane-a-leaf-04,E1/26/1,leaf
53,29108,connected,,,compute-051,be-gpu3-port1,server,be-plane-b-leaf-04,E1/26/1,leaf
53,29109,connected,,,compute-051,be-gpu4-port0,server,be-plane-a-leaf-05,E1/26/1,leaf
53,29110,connected,,,compute-051,be-gpu4-port1,server,be-plane-b-leaf-05,E1/26/1,leaf
53,29111,connected,,,compute-051,be-gpu5-port0,server,be-plane-a-leaf-06,E1/26/1,leaf
53,29112,connected,,,compute-051,be-gpu5-port1,server,be-plane-b-leaf-06,E1/26/1,leaf
53,29113,connected,,,compute-051,be-gpu6-port0,server,be-plane-a-leaf-07,E1/26/1,leaf
53,29114,connected,,,compute-051,be-gpu6-port1,server,be-plane-b-leaf-07,E1/26/1,leaf
53,29115,connected,,,compute-051,be-gpu7-port0,server,be-plane-a-leaf-08,E1/26/1,leaf
53,29116,connected,,,compute-051,be-gpu7-port1,server,be-plane-b-leaf-08,E1/26/1,leaf
53,29117,connected,,,compute-051,fe-p0,server,fe-leaf-01,E1/25/3,leaf
53,29118,connected,,,compute-051,fe-p1,server,fe-leaf-02,E1/25/3,leaf
53,29119,connected,,,compute-052,be-gpu0-port0,server,be-plane-a-leaf-01,E1/26/2,leaf
53,29120,connected,,,compute-052,be-gpu0-port1,server,be-plane-b-leaf-01,E1/26/2,leaf
53,29121,connected,,,compute-052,be-gpu1-port0,server,be-plane-a-leaf-02,E1/26/2,leaf
53,29122,connected,,,compute-052,be-gpu1-port1,server,be-plane-b-leaf-02,E1/26/2,leaf
53,29123,connected,,,compute-052,be-gpu2-port0,server,be-plane-a-leaf-03,E1/26/2,leaf
53,29124,connected,,,compute-052,be-gpu2-port1,server,be-plane-b-leaf-03,E1/26/2,leaf
53,29125,connected,,,compute-052,be-gpu3-port0,server,be-plane-a-leaf-04,E1/26/2,leaf
53,29126,connected,,,compute-052,be-gpu3-port1,server,be-plane-b-leaf-04,E1/26/2,leaf
53,29127,connected,,,compute-052,be-gpu4-port0,server,be-plane-a-leaf-05,E1/26/2,leaf
53,29128,connected,,,compute-052,be-gpu4-port1,server,be-plane-b-leaf-05,E1/26/2,leaf
53,29129,connected,,,compute-052,be-gpu5-port0,server,be-plane-a-leaf-06,E1/26/2,leaf
53,29130,connected,,,compute-052,be-gpu5-port1,server,be-plane-b-leaf-06,E1/26/2,leaf
53,29131,connected,,,compute-052,be-gpu6-port0,server,be-plane-a-leaf-07,E1/26/2,leaf
53,29132,connected,,,compute-052,be-gpu6-port1,server,be-plane-b-leaf-07,E1/26/2,leaf
53,29133,connected,,,compute-052,be-gpu7-port0,server,be-plane-a-leaf-08,E1/26/2,leaf
53,29134,connected,,,compute-052,be-gpu7-port1,server,be-plane-b-leaf-08,E1/26/2,leaf
53,29135,connected,,,compute-052,fe-p0,server,fe-leaf-01,E1/25/4,leaf
53,29136,connected,,,compute-052,fe-p1,server,fe-leaf-02,E1/25/4,leaf
53,29137,connected,,,compute-053,be-gpu0-port0,server,be-plane-a-leaf-01,E1/27/1,leaf
53,29138,connected,,,compute-053,be-gpu0-port1,server,be-plane-b-leaf-01,E1/27/1,leaf
53,29139,connected,,,compute-053,be-gpu1-port0,server,be-plane-a-leaf-02,E1/27/1,leaf
53,29140,connected,,,compute-053,be-gpu1-port1,server,be-plane-b-leaf-02,E1/27/1,leaf
53,29141,connected,,,compute-053,be-gpu2-port0,server,be-plane-a-leaf-03,E1/27/1,leaf
53,29142,connected,,,compute-053,be-gpu2-port1,server,be-plane-b-leaf-03,E1/27/1,leaf
53,29143,connected,,,compute-053,be-gpu3-port0,server,be-plane-a-leaf-04,E1/27/1,leaf
53,29144,connected,,,compute-053,be-gpu3-port1,server,be-plane-b-leaf-04,E1/27/1,leaf
53,29145,connected,,,compute-053,be-gpu4-port0,server,be-plane-a-leaf-05,E1/27/1,leaf
53,29146,connected,,,compute-053,be-gpu4-port1,server,be-plane-b-leaf-05,E1/27/1,leaf
53,29147,connected,,,compute-053,be-gpu5-port0,server,be-plane-a-leaf-06,E1/27/1,leaf
53,29148,connected,,,compute-053,be-gpu5-port1,server,be-plane-b-leaf-06,E1/27/1,leaf
53,29149,connected,,,compute-053,be-gpu6-port0,server,be-plane-a-leaf-07,E1/27/1,leaf
53,29150,connected,,,compute-053,be-gpu6-port1,server,be-plane-b-leaf-07,E1/27/1,leaf
53,29151,connected,,,compute-053,be-gpu7-port0,server,be-plane-a-leaf-08,E1/27/1,leaf
53,29152,connected,,,compute-053,be-gpu7-port1,server,be-plane-b-leaf-08,E1/27/1,leaf
53,29153,connected,,,compute-053,fe-p0,server,fe-leaf-01,E1/27/1,leaf
53,29154,connected,,,compute-053,fe-p1,server,fe-leaf-02,E1/27/1,leaf
53,29155,connected,,,compute-054,be-gpu0-port0,server,be-plane-a-leaf-01,E1/27/2,leaf
53,29156,connected,,,compute-054,be-gpu0-port1,server,be-plane-b-leaf-01,E1/27/2,leaf
53,29157,connected,,,compute-054,be-gpu1-port0,server,be-plane-a-leaf-02,E1/27/2,leaf
53,29158,connected,,,compute-054,be-gpu1-port1,server,be-plane-b-leaf-02,E1/27/2,leaf
53,29159,connected,,,compute-054,be-gpu2-port0,server,be-plane-a-leaf-03,E1/27/2,leaf
53,29160,connected,,,compute-054,be-gpu2-port1,server,be-plane-b-leaf-03,E1/27/2,leaf
53,29161,connected,,,compute-054,be-gpu3-port0,server,be-plane-a-leaf-04,E1/27/2,leaf
53,29162,connected,,,compute-054,be-gpu3-port1,server,be-plane-b-leaf-04,E1/27/2,leaf
53,29163,connected,,,compute-054,be-gpu4-port0,server,be-plane-a-leaf-05,E1/27/2,leaf
53,29164,connected,,,compute-054,be-gpu4-port1,server,be-plane-b-leaf-05,E1/27/2,leaf
53,29165,connected,,,compute-054,be-gpu5-port0,server,be-plane-a-leaf-06,E1/27/2,leaf
53,29166,connected,,,compute-054,be-gpu5-port1,server,be-plane-b-leaf-06,E1/27/2,leaf
53,29167,connected,,,compute-054,be-gpu6-port0,server,be-plane-a-leaf-07,E1/27/2,leaf
53,29168,connected,,,compute-054,be-gpu6-port1,server,be-plane-b-leaf-07,E1/27/2,leaf
53,29169,connected,,,compute-054,be-gpu7-port0,server,be-plane-a-leaf-08,E1/27/2,leaf
53,29170,connected,,,compute-054,be-gpu7-port1,server,be-plane-b-leaf-08,E1/27/2,leaf
53,29171,connected,,,compute-054,fe-p0,server,fe-leaf-01,E1/27/2,leaf
53,29172,connected,,,compute-054,fe-p1,server,fe-leaf-02,E1/27/2,leaf
53,29173,connected,,,compute-055,be-gpu0-port0,server,be-plane-a-leaf-01,E1/28/1,leaf
53,29174,connected,,,compute-055,be-gpu0-port1,server,be-plane-b-leaf-01,E1/28/1,leaf
53,29175,connected,,,compute-055,be-gpu1-port0,server,be-plane-a-leaf-02,E1/28/1,leaf
53,29176,connected,,,compute-055,be-gpu1-port1,server,be-plane-b-leaf-02,E1/28/1,leaf
53,29177,connected,,,compute-055,be-gpu2-port0,server,be-plane-a-leaf-03,E1/28/1,leaf
53,29178,connected,,,compute-055,be-gpu2-port1,server,be-plane-b-leaf-03,E1/28/1,leaf
53,29179,connected,,,compute-055,be-gpu3-port0,server,be-plane-a-leaf-04,E1/28/1,leaf
53,29180,connected,,,compute-055,be-gpu3-port1,server,be-plane-b-leaf-04,E1/28/1,leaf
53,29181,connected,,,compute-055,be-gpu4-port0,server,be-plane-a-leaf-05,E1/28/1,leaf
53,29182,connected,,,compute-055,be-gpu4-port1,server,be-plane-b-leaf-05,E1/28/1,leaf
53,29183,connected,,,compute-055,be-gpu5-port0,server,be-plane-a-leaf-06,E1/28/1,leaf
53,29184,connected,,,compute-055,be-gpu5-port1,server,be-plane-b-leaf-06,E1/28/1,leaf
53,29185,connected,,,compute-055,be-gpu6-port0,server,be-plane-a-leaf-07,E1/28/1,leaf
53,29186,connected,,,compute-055,be-gpu6-port1,server,be-plane-b-leaf-07,E1/28/1,leaf
53,29187,connected,,,compute-055,be-gpu7-port0,server,be-plane-a-leaf-08,E1/28/1,leaf
53,29188,connected,,,compute-055,be-gpu7-port1,server,be-plane-b-leaf-08,E1/28/1,leaf
53,29189,connected,,,compute-055,fe-p0,server,fe-leaf-01,E1/27/3,leaf
53,29190,connected,,,compute-055,fe-p1,server,fe-leaf-02,E1/27/3,leaf
53,29191,connected,,,compute-056,be-gpu0-port0,server,be-plane-a-leaf-01,E1/28/2,leaf
53,29192,connected,,,compute-056,be-gpu0-port1,server,be-plane-b-leaf-01,E1/28/2,leaf
53,29193,connected,,,compute-056,be-gpu1-port0,server,be-plane-a-leaf-02,E1/28/2,leaf
53,29194,connected,,,compute-056,be-gpu1-port1,server,be-plane-b-leaf-02,E1/28/2,leaf
53,29195,connected,,,compute-056,be-gpu2-port0,server,be-plane-a-leaf-03,E1/28/2,leaf
53,29196,connected,,,compute-056,be-gpu2-port1,server,be-plane-b-leaf-03,E1/28/2,leaf
53,29197,connected,,,compute-056,be-gpu3-port0,server,be-plane-a-leaf-04,E1/28/2,leaf
53,29198,connected,,,compute-056,be-gpu3-port1,server,be-plane-b-leaf-04,E1/28/2,leaf
53,29199,connected,,,compute-056,be-gpu4-port0,server,be-plane-a-leaf-05,E1/28/2,leaf
53,29200,connected,,,compute-056,be-gpu4-port1,server,be-plane-b-leaf-05,E1/28/2,leaf
53,29201,connected,,,compute-056,be-gpu5-port0,server,be-plane-a-leaf-06,E1/28/2,leaf
53,29202,connected,,,compute-056,be-gpu5-port1,server,be-plane-b-leaf-06,E1/28/2,leaf
53,29203,connected,,,compute-056,be-gpu6-port0,server,be-plane-a-leaf-07,E1/28/2,leaf
53,29204,connected,,,compute-056,be-gpu6-port1,server,be-plane-b-leaf-07,E1/28/2,leaf
53,29205,connected,,,compute-056,be-gpu7-port0,server,be-plane-a-leaf-08,E1/28/2,leaf
53,29206,connected,,,compute-056,be-gpu7-port1,server,be-plane-b-leaf-08,E1/28/2,leaf
53,29207,connected,,,compute-056,fe-p0,server,fe-leaf-01,E1/27/4,leaf
53,29208,connected,,,compute-056,fe-p1,server,fe-leaf-02,E1/27/4,leaf
53,29209,connected,,,compute-057,be-gpu0-port0,server,be-plane-a-leaf-01,E1/29/1,leaf
53,29210,connected,,,compute-057,be-gpu0-port1,server,be-plane-b-leaf-01,E1/29/1,leaf
53,29211,connected,,,compute-057,be-gpu1-port0,server,be-plane-a-leaf-02,E1/29/1,leaf
53,29212,connected,,,compute-057,be-gpu1-port1,server,be-plane-b-leaf-02,E1/29/1,leaf
53,29213,connected,,,compute-057,be-gpu2-port0,server,be-plane-a-leaf-03,E1/29/1,leaf
53,29214,connected,,,compute-057,be-gpu2-port1,server,be-plane-b-leaf-03,E1/29/1,leaf
53,29215,connected,,,compute-057,be-gpu3-port0,server,be-plane-a-leaf-04,E1/29/1,leaf
53,29216,connected,,,compute-057,be-gpu3-port1,server,be-plane-b-leaf-04,E1/29/1,leaf
53,29217,connected,,,compute-057,be-gpu4-port0,server,be-plane-a-leaf-05,E1/29/1,leaf
53,29218,connected,,,compute-057,be-gpu4-port1,server,be-plane-b-leaf-05,E1/29/1,leaf
53,29219,connected,,,compute-057,be-gpu5-port0,server,be-plane-a-leaf-06,E1/29/1,leaf
53,29220,connected,,,compute-057,be-gpu5-port1,server,be-plane-b-leaf-06,E1/29/1,leaf
53,29221,connected,,,compute-057,be-gpu6-port0,server,be-plane-a-leaf-07,E1/29/1,leaf
53,29222,connected,,,compute-057,be-gpu6-port1,server,be-plane-b-leaf-07,E1/29/1,leaf
53,29223,connected,,,compute-057,be-gpu7-port0,server,be-plane-a-leaf-08,E1/29/1,leaf
53,29224,connected,,,compute-057,be-gpu7-port1,server,be-plane-b-leaf-08,E1/29/1,leaf
53,29225,connected,,,compute-057,fe-p0,server,fe-leaf-01,E1/29/1,leaf
53,29226,connected,,,compute-057,fe-p1,server,fe-leaf-02,E1/29/1,leaf
53,29227,connected,,,compute-058,be-gpu0-port0,server,be-plane-a-leaf-01,E1/29/2,leaf
53,29228,connected,,,compute-058,be-gpu0-port1,server,be-plane-b-leaf-01,E1/29/2,leaf
53,29229,connected,,,compute-058,be-gpu1-port0,server,be-plane-a-leaf-02,E1/29/2,leaf
53,29230,connected,,,compute-058,be-gpu1-port1,server,be-plane-b-leaf-02,E1/29/2,leaf
53,29231,connected,,,compute-058,be-gpu2-port0,server,be-plane-a-leaf-03,E1/29/2,leaf
53,29232,connected,,,compute-058,be-gpu2-port1,server,be-plane-b-leaf-03,E1/29/2,leaf
53,29233,connected,,,compute-058,be-gpu3-port0,server,be-plane-a-leaf-04,E1/29/2,leaf
53,29234,connected,,,compute-058,be-gpu3-port1,server,be-plane-b-leaf-04,E1/29/2,leaf
53,29235,connected,,,compute-058,be-gpu4-port0,server,be-plane-a-leaf-05,E1/29/2,leaf
53,29236,connected,,,compute-058,be-gpu4-port1,server,be-plane-b-leaf-05,E1/29/2,leaf
53,29237,connected,,,compute-058,be-gpu5-port0,server,be-plane-a-leaf-06,E1/29/2,leaf
53,29238,connected,,,compute-058,be-gpu5-port1,server,be-plane-b-leaf-06,E1/29/2,leaf
53,29239,connected,,,compute-058,be-gpu6-port0,server,be-plane-a-leaf-07,E1/29/2,leaf
53,29240,connected,,,compute-058,be-gpu6-port1,server,be-plane-b-leaf-07,E1/29/2,leaf
53,29241,connected,,,compute-058,be-gpu7-port0,server,be-plane-a-leaf-08,E1/29/2,leaf
53,29242,connected,,,compute-058,be-gpu7-port1,server,be-plane-b-leaf-08,E1/29/2,leaf
53,29243,connected,,,compute-058,fe-p0,server,fe-leaf-01,E1/29/2,leaf
53,29244,connected,,,compute-058,fe-p1,server,fe-leaf-02,E1/29/2,leaf
53,29245,connected,,,compute-059,be-gpu0-port0,server,be-plane-a-leaf-01,E1/30/1,leaf
53,29246,connected,,,compute-059,be-gpu0-port1,server,be-plane-b-leaf-01,E1/30/1,leaf
53,29247,connected,,,compute-059,be-gpu1-port0,server,be-plane-a-leaf-02,E1/30/1,leaf
53,29248,connected,,,compute-059,be-gpu1-port1,server,be-plane-b-leaf-02,E1/30/1,leaf
53,29249,connected,,,compute-059,be-gpu2-port0,server,be-plane-a-leaf-03,E1/30/1,leaf
53,29250,connected,,,compute-059,be-gpu2-port1,server,be-plane-b-leaf-03,E1/30/1,leaf
53,29251,connected,,,compute-059,be-gpu3-port0,server,be-plane-a-leaf-04,E1/30/1,leaf
53,29252,connected,,,compute-059,be-gpu3-port1,server,be-plane-b-leaf-04,E1/30/1,leaf
53,29253,connected,,,compute-059,be-gpu4-port0,server,be-plane-a-leaf-05,E1/30/1,leaf
53,29254,connected,,,compute-059,be-gpu4-port1,server,be-plane-b-leaf-05,E1/30/1,leaf
53,29255,connected,,,compute-059,be-gpu5-port0,server,be-plane-a-leaf-06,E1/30/1,leaf
53,29256,connected,,,compute-059,be-gpu5-port1,server,be-plane-b-leaf-06,E1/30/1,leaf
53,29257,connected,,,compute-059,be-gpu6-port0,server,be-plane-a-leaf-07,E1/30/1,leaf
53,29258,connected,,,compute-059,be-gpu6-port1,server,be-plane-b-leaf-07,E1/30/1,leaf
53,29259,connected,,,compute-059,be-gpu7-port0,server,be-plane-a-leaf-08,E1/30/1,leaf
53,29260,connected,,,compute-059,be-gpu7-port1,server,be-plane-b-leaf-08,E1/30/1,leaf
53,29261,connected,,,compute-059,fe-p0,server,fe-leaf-01,E1/29/3,leaf
53,29262,connected,,,compute-059,fe-p1,server,fe-leaf-02,E1/29/3,leaf
53,29263,connected,,,compute-060,be-gpu0-port0,server,be-plane-a-leaf-01,E1/30/2,leaf
53,29264,connected,,,compute-060,be-gpu0-port1,server,be-plane-b-leaf-01,E1/30/2,leaf
53,29265,connected,,,compute-060,be-gpu1-port0,server,be-plane-a-leaf-02,E1/30/2,leaf
53,29266,connected,,,compute-060,be-gpu1-port1,server,be-plane-b-leaf-02,E1/30/2,leaf
53,29267,connected,,,compute-060,be-gpu2-port0,server,be-plane-a-leaf-03,E1/30/2,leaf
53,29268,connected,,,compute-060,be-gpu2-port1,server,be-plane-b-leaf-03,E1/30/2,leaf
53,29269,connected,,,compute-060,be-gpu3-port0,server,be-plane-a-leaf-04,E1/30/2,leaf
53,29270,connected,,,compute-060,be-gpu3-port1,server,be-plane-b-leaf-04,E1/30/2,leaf
53,29271,connected,,,compute-060,be-gpu4-port0,server,be-plane-a-leaf-05,E1/30/2,leaf
53,29272,connected,,,compute-060,be-gpu4-port1,server,be-plane-b-leaf-05,E1/30/2,leaf
53,29273,connected,,,compute-060,be-gpu5-port0,server,be-plane-a-leaf-06,E1/30/2,leaf
53,29274,connected,,,compute-060,be-gpu5-port1,server,be-plane-b-leaf-06,E1/30/2,leaf
53,29275,connected,,,compute-060,be-gpu6-port0,server,be-plane-a-leaf-07,E1/30/2,leaf
53,29276,connected,,,compute-060,be-gpu6-port1,server,be-plane-b-leaf-07,E1/30/2,leaf
53,29277,connected,,,compute-060,be-gpu7-port0,server,be-plane-a-leaf-08,E1/30/2,leaf
53,29278,connected,,,compute-060,be-gpu7-port1,server,be-plane-b-leaf-08,E1/30/2,leaf
53,29279,connected,,,compute-060,fe-p0,server,fe-leaf-01,E1/29/4,leaf
53,29280,connected,,,compute-060,fe-p1,server,fe-leaf-02,E1/29/4,leaf
53,29281,connected,,,compute-061,be-gpu0-port0,server,be-plane-a-leaf-01,E1/31/1,leaf
53,29282,connected,,,compute-061,be-gpu0-port1,server,be-plane-b-leaf-01,E1/31/1,leaf
53,29283,connected,,,compute-061,be-gpu1-port0,server,be-plane-a-leaf-02,E1/31/1,leaf
53,29284,connected,,,compute-061,be-gpu1-port1,server,be-plane-b-leaf-02,E1/31/1,leaf
53,29285,connected,,,compute-061,be-gpu2-port0,server,be-plane-a-leaf-03,E1/31/1,leaf
53,29286,connected,,,compute-061,be-gpu2-port1,server,be-plane-b-leaf-03,E1/31/1,leaf
53,29287,connected,,,compute-061,be-gpu3-port0,server,be-plane-a-leaf-04,E1/31/1,leaf
53,29288,connected,,,compute-061,be-gpu3-port1,server,be-plane-b-leaf-04,E1/31/1,leaf
53,29289,connected,,,compute-061,be-gpu4-port0,server,be-plane-a-leaf-05,E1/31/1,leaf
53,29290,connected,,,compute-061,be-gpu4-port1,server,be-plane-b-leaf-05,E1/31/1,leaf
53,29291,connected,,,compute-061,be-gpu5-port0,server,be-plane-a-leaf-06,E1/31/1,leaf
53,29292,connected,,,compute-061,be-gpu5-port1,server,be-plane-b-leaf-06,E1/31/1,leaf
53,29293,connected,,,compute-061,be-gpu6-port0,server,be-plane-a-leaf-07,E1/31/1,leaf
53,29294,connected,,,compute-061,be-gpu6-port1,server,be-plane-b-leaf-07,E1/31/1,leaf
53,29295,connected,,,compute-061,be-gpu7-port0,server,be-plane-a-leaf-08,E1/31/1,leaf
53,29296,connected,,,compute-061,be-gpu7-port1,server,be-plane-b-leaf-08,E1/31/1,leaf
53,29297,connected,,,compute-061,fe-p0,server,fe-leaf-01,E1/31/1,leaf
53,29298,connected,,,compute-061,fe-p1,server,fe-leaf-02,E1/31/1,leaf
53,29299,connected,,,compute-062,be-gpu0-port0,server,be-plane-a-leaf-01,E1/31/2,leaf
53,29300,connected,,,compute-062,be-gpu0-port1,server,be-plane-b-leaf-01,E1/31/2,leaf
53,29301,connected,,,compute-062,be-gpu1-port0,server,be-plane-a-leaf-02,E1/31/2,leaf
53,29302,connected,,,compute-062,be-gpu1-port1,server,be-plane-b-leaf-02,E1/31/2,leaf
53,29303,connected,,,compute-062,be-gpu2-port0,server,be-plane-a-leaf-03,E1/31/2,leaf
53,29304,connected,,,compute-062,be-gpu2-port1,server,be-plane-b-leaf-03,E1/31/2,leaf
53,29305,connected,,,compute-062,be-gpu3-port0,server,be-plane-a-leaf-04,E1/31/2,leaf
53,29306,connected,,,compute-062,be-gpu3-port1,server,be-plane-b-leaf-04,E1/31/2,leaf
53,29307,connected,,,compute-062,be-gpu4-port0,server,be-plane-a-leaf-05,E1/31/2,leaf
53,29308,connected,,,compute-062,be-gpu4-port1,server,be-plane-b-leaf-05,E1/31/2,leaf
53,29309,connected,,,compute-062,be-gpu5-port0,server,be-plane-a-leaf-06,E1/31/2,leaf
53,29310,connected,,,compute-062,be-gpu5-port1,server,be-plane-b-leaf-06,E1/31/2,leaf
53,29311,connected,,,compute-062,be-gpu6-port0,server,be-plane-a-leaf-07,E1/31/2,leaf
53,29312,connected,,,compute-062,be-gpu6-port1,server,be-plane-b-leaf-07,E1/31/2,leaf
53,29313,connected,,,compute-062,be-gpu7-port0,server,be-plane-a-leaf-08,E1/31/2,leaf
53,29314,connected,,,compute-062,be-gpu7-port1,server,be-plane-b-leaf-08,E1/31/2,leaf
53,29315,connected,,,compute-062,fe-p0,server,fe-leaf-01,E1/31/2,leaf
53,29316,connected,,,compute-062,fe-p1,server,fe-leaf-02,E1/31/2,leaf
53,29317,connected,,,compute-063,be-gpu0-port0,server,be-plane-a-leaf-01,E1/32/1,leaf
53,29318,connected,,,compute-063,be-gpu0-port1,server,be-plane-b-leaf-01,E1/32/1,leaf
53,29319,connected,,,compute-063,be-gpu1-port0,server,be-plane-a-leaf-02,E1/32/1,leaf
53,29320,connected,,,compute-063,be-gpu1-port1,server,be-plane-b-leaf-02,E1/32/1,leaf
53,29321,connected,,,compute-063,be-gpu2-port0,server,be-plane-a-leaf-03,E1/32/1,leaf
53,29322,connected,,,compute-063,be-gpu2-port1,server,be-plane-b-leaf-03,E1/32/1,leaf
53,29323,connected,,,compute-063,be-gpu3-port0,server,be-plane-a-leaf-04,E1/32/1,leaf
53,29324,connected,,,compute-063,be-gpu3-port1,server,be-plane-b-leaf-04,E1/32/1,leaf
53,29325,connected,,,compute-063,be-gpu4-port0,server,be-plane-a-leaf-05,E1/32/1,leaf
53,29326,connected,,,compute-063,be-gpu4-port1,server,be-plane-b-leaf-05,E1/32/1,leaf
53,29327,connected,,,compute-063,be-gpu5-port0,server,be-plane-a-leaf-06,E1/32/1,leaf
53,29328,connected,,,compute-063,be-gpu5-port1,server,be-plane-b-leaf-06,E1/32/1,leaf
53,29329,connected,,,compute-063,be-gpu6-port0,server,be-plane-a-leaf-07,E1/32/1,leaf
53,29330,connected,,,compute-063,be-gpu6-port1,server,be-plane-b-leaf-07,E1/32/1,leaf
53,29331,connected,,,compute-063,be-gpu7-port0,server,be-plane-a-leaf-08,E1/32/1,leaf
53,29332,connected,,,compute-063,be-gpu7-port1,server,be-plane-b-leaf-08,E1/32/1,leaf
53,29333,connected,,,compute-063,fe-p0,server,fe-leaf-01,E1/31/3,leaf
53,29334,connected,,,compute-063,fe-p1,server,fe-leaf-02,E1/31/3,leaf
53,29335,connected,,,compute-064,be-gpu0-port0,server,be-plane-a-leaf-01,E1/32/2,leaf
53,29336,connected,,,compute-064,be-gpu0-port1,server,be-plane-b-leaf-01,E1/32/2,leaf
53,29337,connected,,,compute-064,be-gpu1-port0,server,be-plane-a-leaf-02,E1/32/2,leaf
53,29338,connected,,,compute-064,be-gpu1-port1,server,be-plane-b-leaf-02,E1/32/2,leaf
53,29339,connected,,,compute-064,be-gpu2-port0,server,be-plane-a-leaf-03,E1/32/2,leaf
53,29340,connected,,,compute-064,be-gpu2-port1,server,be-plane-b-leaf-03,E1/32/2,leaf
53,29341,connected,,,compute-064,be-gpu3-port0,server,be-plane-a-leaf-04,E1/32/2,leaf
53,29342,connected,,,compute-064,be-gpu3-port1,server,be-plane-b-leaf-04,E1/32/2,leaf
53,29343,connected,,,compute-064,be-gpu4-port0,server,be-plane-a-leaf-05,E1/32/2,leaf
53,29344,connected,,,compute-064,be-gpu4-port1,server,be-plane-b-leaf-05,E1/32/2,leaf
53,29345,connected,,,compute-064,be-gpu5-port0,server,be-plane-a-leaf-06,E1/32/2,leaf
53,29346,connected,,,compute-064,be-gpu5-port1,server,be-plane-b-leaf-06,E1/32/2,leaf
53,29347,connected,,,compute-064,be-gpu6-port0,server,be-plane-a-leaf-07,E1/32/2,leaf
53,29348,connected,,,compute-064,be-gpu6-port1,server,be-plane-b-leaf-07,E1/32/2,leaf
53,29349,connected,,,compute-064,be-gpu7-port0,server,be-plane-a-leaf-08,E1/32/2,leaf
53,29350,connected,,,compute-064,be-gpu7-port1,server,be-plane-b-leaf-08,E1/32/2,leaf
53,29351,connected,,,compute-064,fe-p0,server,fe-leaf-01,E1/31/4,leaf
53,29352,connected,,,compute-064,fe-p1,server,fe-leaf-02,E1/31/4,leaf
53,29353,connected,,,compute-065,be-gpu0-port0,server,be-plane-a-leaf-09,E1/1/1,leaf
53,29354,connected,,,compute-065,be-gpu0-port1,server,be-plane-b-leaf-09,E1/1/1,leaf
53,29355,connected,,,compute-065,be-gpu1-port0,server,be-plane-a-leaf-10,E1/1/1,leaf
53,29356,connected,,,compute-065,be-gpu1-port1,server,be-plane-b-leaf-10,E1/1/1,leaf
53,29357,connected,,,compute-065,be-gpu2-port0,server,be-plane-a-leaf-11,E1/1/1,leaf
53,29358,connected,,,compute-065,be-gpu2-port1,server,be-plane-b-leaf-11,E1/1/1,leaf
53,29359,connected,,,compute-065,be-gpu3-port0,server,be-plane-a-leaf-12,E1/1/1,leaf
53,29360,connected,,,compute-065,be-gpu3-port1,server,be-plane-b-leaf-12,E1/1/1,leaf
53,29361,connected,,,compute-065,be-gpu4-port0,server,be-plane-a-leaf-13,E1/1/1,leaf
53,29362,connected,,,compute-065,be-gpu4-port1,server,be-plane-b-leaf-13,E1/1/1,leaf
53,29363,connected,,,compute-065,be-gpu5-port0,server,be-plane-a-leaf-14,E1/1/1,leaf
53,29364,connected,,,compute-065,be-gpu5-port1,server,be-plane-b-leaf-14,E1/1/1,leaf
53,29365,connected,,,compute-065,be-gpu6-port0,server,be-plane-a-leaf-15,E1/1/1,leaf
53,29366,connected,,,compute-065,be-gpu6-port1,server,be-plane-b-leaf-15,E1/1/1,leaf
53,29367,connected,,,compute-065,be-gpu7-port0,server,be-plane-a-leaf-16,E1/1/1,leaf
53,29368,connected,,,compute-065,be-gpu7-port1,server,be-plane-b-leaf-16,E1/1/1,leaf
53,29369,connected,,,compute-065,fe-p0,server,fe-leaf-01,E1/33/1,leaf
53,29370,connected,,,compute-065,fe-p1,server,fe-leaf-02,E1/33/1,leaf
53,29371,connected,,,compute-066,be-gpu0-port0,server,be-plane-a-leaf-09,E1/1/2,leaf
53,29372,connected,,,compute-066,be-gpu0-port1,server,be-plane-b-leaf-09,E1/1/2,leaf
53,29373,connected,,,compute-066,be-gpu1-port0,server,be-plane-a-leaf-10,E1/1/2,leaf
53,29374,connected,,,compute-066,be-gpu1-port1,server,be-plane-b-leaf-10,E1/1/2,leaf
53,29375,connected,,,compute-066,be-gpu2-port0,server,be-plane-a-leaf-11,E1/1/2,leaf
53,29376,connected,,,compute-066,be-gpu2-port1,server,be-plane-b-leaf-11,E1/1/2,leaf
53,29377,connected,,,compute-066,be-gpu3-port0,server,be-plane-a-leaf-12,E1/1/2,leaf
53,29378,connected,,,compute-066,be-gpu3-port1,server,be-plane-b-leaf-12,E1/1/2,leaf
53,29379,connected,,,compute-066,be-gpu4-port0,server,be-plane-a-leaf-13,E1/1/2,leaf
53,29380,connected,,,compute-066,be-gpu4-port1,server,be-plane-b-leaf-13,E1/1/2,leaf
53,29381,connected,,,compute-066,be-gpu5-port0,server,be-plane-a-leaf-14,E1/1/2,leaf
53,29382,connected,,,compute-066,be-gpu5-port1,server,be-plane-b-leaf-14,E1/1/2,leaf
53,29383,connected,,,compute-066,be-gpu6-port0,server,be-plane-a-leaf-15,E1/1/2,leaf
53,29384,connected,,,compute-066,be-gpu6-port1,server,be-plane-b-leaf-15,E1/1/2,leaf
53,29385,connected,,,compute-066,be-gpu7-port0,server,be-plane-a-leaf-16,E1/1/2,leaf
53,29386,connected,,,compute-066,be-gpu7-port1,server,be-plane-b-leaf-16,E1/1/2,leaf
53,29387,connected,,,compute-066,fe-p0,server,fe-leaf-01,E1/33/2,leaf
53,29388,connected,,,compute-066,fe-p1,server,fe-leaf-02,E1/33/2,leaf
53,29389,connected,,,compute-067,be-gpu0-port0,server,be-plane-a-leaf-09,E1/2/1,leaf
53,29390,connected,,,compute-067,be-gpu0-port1,server,be-plane-b-leaf-09,E1/2/1,leaf
53,29391,connected,,,compute-067,be-gpu1-port0,server,be-plane-a-leaf-10,E1/2/1,leaf
53,29392,connected,,,compute-067,be-gpu1-port1,server,be-plane-b-leaf-10,E1/2/1,leaf
53,29393,connected,,,compute-067,be-gpu2-port0,server,be-plane-a-leaf-11,E1/2/1,leaf
53,29394,connected,,,compute-067,be-gpu2-port1,server,be-plane-b-leaf-11,E1/2/1,leaf
53,29395,connected,,,compute-067,be-gpu3-port0,server,be-plane-a-leaf-12,E1/2/1,leaf
53,29396,connected,,,compute-067,be-gpu3-port1,server,be-plane-b-leaf-12,E1/2/1,leaf
53,29397,connected,,,compute-067,be-gpu4-port0,server,be-plane-a-leaf-13,E1/2/1,leaf
53,29398,connected,,,compute-067,be-gpu4-port1,server,be-plane-b-leaf-13,E1/2/1,leaf
53,29399,connected,,,compute-067,be-gpu5-port0,server,be-plane-a-leaf-14,E1/2/1,leaf
53,29400,connected,,,compute-067,be-gpu5-port1,server,be-plane-b-leaf-14,E1/2/1,leaf
53,29401,connected,,,compute-067,be-gpu6-port0,server,be-plane-a-leaf-15,E1/2/1,leaf
53,29402,connected,,,compute-067,be-gpu6-port1,server,be-plane-b-leaf-15,E1/2/1,leaf
53,29403,connected,,,compute-067,be-gpu7-port0,server,be-plane-a-leaf-16,E1/2/1,leaf
53,29404,connected,,,compute-067,be-gpu7-port1,server,be-plane-b-leaf-16,E1/2/1,leaf
53,29405,connected,,,compute-067,fe-p0,server,fe-leaf-01,E1/33/3,leaf
53,29406,connected,,,compute-067,fe-p1,server,fe-leaf-02,E1/33/3,leaf
53,29407,connected,,,compute-068,be-gpu0-port0,server,be-plane-a-leaf-09,E1/2/2,leaf
53,29408,connected,,,compute-068,be-gpu0-port1,server,be-plane-b-leaf-09,E1/2/2,leaf
53,29409,connected,,,compute-068,be-gpu1-port0,server,be-plane-a-leaf-10,E1/2/2,leaf
53,29410,connected,,,compute-068,be-gpu1-port1,server,be-plane-b-leaf-10,E1/2/2,leaf
53,29411,connected,,,compute-068,be-gpu2-port0,server,be-plane-a-leaf-11,E1/2/2,leaf
53,29412,connected,,,compute-068,be-gpu2-port1,server,be-plane-b-leaf-11,E1/2/2,leaf
53,29413,connected,,,compute-068,be-gpu3-port0,server,be-plane-a-leaf-12,E1/2/2,leaf
53,29414,connected,,,compute-068,be-gpu3-port1,server,be-plane-b-leaf-12,E1/2/2,leaf
53,29415,connected,,,compute-068,be-gpu4-port0,server,be-plane-a-leaf-13,E1/2/2,leaf
53,29416,connected,,,compute-068,be-gpu4-port1,server,be-plane-b-leaf-13,E1/2/2,leaf
53,29417,connected,,,compute-068,be-gpu5-port0,server,be-plane-a-leaf-14,E1/2/2,leaf
53,29418,connected,,,compute-068,be-gpu5-port1,server,be-plane-b-leaf-14,E1/2/2,leaf
53,29419,connected,,,compute-068,be-gpu6-port0,server,be-plane-a-leaf-15,E1/2/2,leaf
53,29420,connected,,,compute-068,be-gpu6-port1,server,be-plane-b-leaf-15,E1/2/2,leaf
53,29421,connected,,,compute-068,be-gpu7-port0,server,be-plane-a-leaf-16,E1/2/2,leaf
53,29422,connected,,,compute-068,be-gpu7-port1,server,be-plane-b-leaf-16,E1/2/2,leaf
53,29423,connected,,,compute-068,fe-p0,server,fe-leaf-01,E1/33/4,leaf
53,29424,connected,,,compute-068,fe-p1,server,fe-leaf-02,E1/33/4,leaf
53,29425,connected,,,compute-069,be-gpu0-port0,server,be-plane-a-leaf-09,E1/3/1,leaf
53,29426,connected,,,compute-069,be-gpu0-port1,server,be-plane-b-leaf-09,E1/3/1,leaf
53,29427,connected,,,compute-069,be-gpu1-port0,server,be-plane-a-leaf-10,E1/3/1,leaf
53,29428,connected,,,compute-069,be-gpu1-port1,server,be-plane-b-leaf-10,E1/3/1,leaf
53,29429,connected,,,compute-069,be-gpu2-port0,server,be-plane-a-leaf-11,E1/3/1,leaf
53,29430,connected,,,compute-069,be-gpu2-port1,server,be-plane-b-leaf-11,E1/3/1,leaf
53,29431,connected,,,compute-069,be-gpu3-port0,server,be-plane-a-leaf-12,E1/3/1,leaf
53,29432,connected,,,compute-069,be-gpu3-port1,server,be-plane-b-leaf-12,E1/3/1,leaf
53,29433,connected,,,compute-069,be-gpu4-port0,server,be-plane-a-leaf-13,E1/3/1,leaf
53,29434,connected,,,compute-069,be-gpu4-port1,server,be-plane-b-leaf-13,E1/3/1,leaf
53,29435,connected,,,compute-069,be-gpu5-port0,server,be-plane-a-leaf-14,E1/3/1,leaf
53,29436,connected,,,compute-069,be-gpu5-port1,server,be-plane-b-leaf-14,E1/3/1,leaf
53,29437,connected,,,compute-069,be-gpu6-port0,server,be-plane-a-leaf-15,E1/3/1,leaf
53,29438,connected,,,compute-069,be-gpu6-port1,server,be-plane-b-leaf-15,E1/3/1,leaf
53,29439,connected,,,compute-069,be-gpu7-port0,server,be-plane-a-leaf-16,E1/3/1,leaf
53,29440,connected,,,compute-069,be-gpu7-port1,server,be-plane-b-leaf-16,E1/3/1,leaf
53,29441,connected,,,compute-069,fe-p0,server,fe-leaf-01,E1/35/1,leaf
53,29442,connected,,,compute-069,fe-p1,server,fe-leaf-02,E1/35/1,leaf
53,29443,connected,,,compute-070,be-gpu0-port0,server,be-plane-a-leaf-09,E1/3/2,leaf
53,29444,connected,,,compute-070,be-gpu0-port1,server,be-plane-b-leaf-09,E1/3/2,leaf
53,29445,connected,,,compute-070,be-gpu1-port0,server,be-plane-a-leaf-10,E1/3/2,leaf
53,29446,connected,,,compute-070,be-gpu1-port1,server,be-plane-b-leaf-10,E1/3/2,leaf
53,29447,connected,,,compute-070,be-gpu2-port0,server,be-plane-a-leaf-11,E1/3/2,leaf
53,29448,connected,,,compute-070,be-gpu2-port1,server,be-plane-b-leaf-11,E1/3/2,leaf
53,29449,connected,,,compute-070,be-gpu3-port0,server,be-plane-a-leaf-12,E1/3/2,leaf
53,29450,connected,,,compute-070,be-gpu3-port1,server,be-plane-b-leaf-12,E1/3/2,leaf
53,29451,connected,,,compute-070,be-gpu4-port0,server,be-plane-a-leaf-13,E1/3/2,leaf
53,29452,connected,,,compute-070,be-gpu4-port1,server,be-plane-b-leaf-13,E1/3/2,leaf
53,29453,connected,,,compute-070,be-gpu5-port0,server,be-plane-a-leaf-14,E1/3/2,leaf
53,29454,connected,,,compute-070,be-gpu5-port1,server,be-plane-b-leaf-14,E1/3/2,leaf
53,29455,connected,,,compute-070,be-gpu6-port0,server,be-plane-a-leaf-15,E1/3/2,leaf
53,29456,connected,,,compute-070,be-gpu6-port1,server,be-plane-b-leaf-15,E1/3/2,leaf
53,29457,connected,,,compute-070,be-gpu7-port0,server,be-plane-a-leaf-16,E1/3/2,leaf
53,29458,connected,,,compute-070,be-gpu7-port1,server,be-plane-b-leaf-16,E1/3/2,leaf
53,29459,connected,,,compute-070,fe-p0,server,fe-leaf-01,E1/35/2,leaf
53,29460,connected,,,compute-070,fe-p1,server,fe-leaf-02,E1/35/2,leaf
53,29461,connected,,,compute-071,be-gpu0-port0,server,be-plane-a-leaf-09,E1/4/1,leaf
53,29462,connected,,,compute-071,be-gpu0-port1,server,be-plane-b-leaf-09,E1/4/1,leaf
53,29463,connected,,,compute-071,be-gpu1-port0,server,be-plane-a-leaf-10,E1/4/1,leaf
53,29464,connected,,,compute-071,be-gpu1-port1,server,be-plane-b-leaf-10,E1/4/1,leaf
53,29465,connected,,,compute-071,be-gpu2-port0,server,be-plane-a-leaf-11,E1/4/1,leaf
53,29466,connected,,,compute-071,be-gpu2-port1,server,be-plane-b-leaf-11,E1/4/1,leaf
53,29467,connected,,,compute-071,be-gpu3-port0,server,be-plane-a-leaf-12,E1/4/1,leaf
53,29468,connected,,,compute-071,be-gpu3-port1,server,be-plane-b-leaf-12,E1/4/1,leaf
53,29469,connected,,,compute-071,be-gpu4-port0,server,be-plane-a-leaf-13,E1/4/1,leaf
53,29470,connected,,,compute-071,be-gpu4-port1,server,be-plane-b-leaf-13,E1/4/1,leaf
53,29471,connected,,,compute-071,be-gpu5-port0,server,be-plane-a-leaf-14,E1/4/1,leaf
53,29472,connected,,,compute-071,be-gpu5-port1,server,be-plane-b-leaf-14,E1/4/1,leaf
53,29473,connected,,,compute-071,be-gpu6-port0,server,be-plane-a-leaf-15,E1/4/1,leaf
53,29474,connected,,,compute-071,be-gpu6-port1,server,be-plane-b-leaf-15,E1/4/1,leaf
53,29475,connected,,,compute-071,be-gpu7-port0,server,be-plane-a-leaf-16,E1/4/1,leaf
53,29476,connected,,,compute-071,be-gpu7-port1,server,be-plane-b-leaf-16,E1/4/1,leaf
53,29477,connected,,,compute-071,fe-p0,server,fe-leaf-01,E1/35/3,leaf
53,29478,connected,,,compute-071,fe-p1,server,fe-leaf-02,E1/35/3,leaf
53,29479,connected,,,compute-072,be-gpu0-port0,server,be-plane-a-leaf-09,E1/4/2,leaf
53,29480,connected,,,compute-072,be-gpu0-port1,server,be-plane-b-leaf-09,E1/4/2,leaf
53,29481,connected,,,compute-072,be-gpu1-port0,server,be-plane-a-leaf-10,E1/4/2,leaf
53,29482,connected,,,compute-072,be-gpu1-port1,server,be-plane-b-leaf-10,E1/4/2,leaf
53,29483,connected,,,compute-072,be-gpu2-port0,server,be-plane-a-leaf-11,E1/4/2,leaf
53,29484,connected,,,compute-072,be-gpu2-port1,server,be-plane-b-leaf-11,E1/4/2,leaf
53,29485,connected,,,compute-072,be-gpu3-port0,server,be-plane-a-leaf-12,E1/4/2,leaf
53,29486,connected,,,compute-072,be-gpu3-port1,server,be-plane-b-leaf-12,E1/4/2,leaf
53,29487,connected,,,compute-072,be-gpu4-port0,server,be-plane-a-leaf-13,E1/4/2,leaf
53,29488,connected,,,compute-072,be-gpu4-port1,server,be-plane-b-leaf-13,E1/4/2,leaf
53,29489,connected,,,compute-072,be-gpu5-port0,server,be-plane-a-leaf-14,E1/4/2,leaf
53,29490,connected,,,compute-072,be-gpu5-port1,server,be-plane-b-leaf-14,E1/4/2,leaf
53,29491,connected,,,compute-072,be-gpu6-port0,server,be-plane-a-leaf-15,E1/4/2,leaf
53,29492,connected,,,compute-072,be-gpu6-port1,server,be-plane-b-leaf-15,E1/4/2,leaf
53,29493,connected,,,compute-072,be-gpu7-port0,server,be-plane-a-leaf-16,E1/4/2,leaf
53,29494,connected,,,compute-072,be-gpu7-port1,server,be-plane-b-leaf-16,E1/4/2,leaf
53,29495,connected,,,compute-072,fe-p0,server,fe-leaf-01,E1/35/4,leaf
53,29496,connected,,,compute-072,fe-p1,server,fe-leaf-02,E1/35/4,leaf
53,29497,connected,,,compute-073,be-gpu0-port0,server,be-plane-a-leaf-09,E1/5/1,leaf
53,29498,connected,,,compute-073,be-gpu0-port1,server,be-plane-b-leaf-09,E1/5/1,leaf
53,29499,connected,,,compute-073,be-gpu1-port0,server,be-plane-a-leaf-10,E1/5/1,leaf
53,29500,connected,,,compute-073,be-gpu1-port1,server,be-plane-b-leaf-10,E1/5/1,leaf
53,29501,connected,,,compute-073,be-gpu2-port0,server,be-plane-a-leaf-11,E1/5/1,leaf
53,29502,connected,,,compute-073,be-gpu2-port1,server,be-plane-b-leaf-11,E1/5/1,leaf
53,29503,connected,,,compute-073,be-gpu3-port0,server,be-plane-a-leaf-12,E1/5/1,leaf
53,29504,connected,,,compute-073,be-gpu3-port1,server,be-plane-b-leaf-12,E1/5/1,leaf
53,29505,connected,,,compute-073,be-gpu4-port0,server,be-plane-a-leaf-13,E1/5/1,leaf
53,29506,connected,,,compute-073,be-gpu4-port1,server,be-plane-b-leaf-13,E1/5/1,leaf
53,29507,connected,,,compute-073,be-gpu5-port0,server,be-plane-a-leaf-14,E1/5/1,leaf
53,29508,connected,,,compute-073,be-gpu5-port1,server,be-plane-b-leaf-14,E1/5/1,leaf
53,29509,connected,,,compute-073,be-gpu6-port0,server,be-plane-a-leaf-15,E1/5/1,leaf
53,29510,connected,,,compute-073,be-gpu6-port1,server,be-plane-b-leaf-15,E1/5/1,leaf
53,29511,connected,,,compute-073,be-gpu7-port0,server,be-plane-a-leaf-16,E1/5/1,leaf
53,29512,connected,,,compute-073,be-gpu7-port1,server,be-plane-b-leaf-16,E1/5/1,leaf
53,29513,connected,,,compute-073,fe-p0,server,fe-leaf-01,E1/37/1,leaf
53,29514,connected,,,compute-073,fe-p1,server,fe-leaf-02,E1/37/1,leaf
53,29515,connected,,,compute-074,be-gpu0-port0,server,be-plane-a-leaf-09,E1/5/2,leaf
53,29516,connected,,,compute-074,be-gpu0-port1,server,be-plane-b-leaf-09,E1/5/2,leaf
53,29517,connected,,,compute-074,be-gpu1-port0,server,be-plane-a-leaf-10,E1/5/2,leaf
53,29518,connected,,,compute-074,be-gpu1-port1,server,be-plane-b-leaf-10,E1/5/2,leaf
53,29519,connected,,,compute-074,be-gpu2-port0,server,be-plane-a-leaf-11,E1/5/2,leaf
53,29520,connected,,,compute-074,be-gpu2-port1,server,be-plane-b-leaf-11,E1/5/2,leaf
53,29521,connected,,,compute-074,be-gpu3-port0,server,be-plane-a-leaf-12,E1/5/2,leaf
53,29522,connected,,,compute-074,be-gpu3-port1,server,be-plane-b-leaf-12,E1/5/2,leaf
53,29523,connected,,,compute-074,be-gpu4-port0,server,be-plane-a-leaf-13,E1/5/2,leaf
53,29524,connected,,,compute-074,be-gpu4-port1,server,be-plane-b-leaf-13,E1/5/2,leaf
53,29525,connected,,,compute-074,be-gpu5-port0,server,be-plane-a-leaf-14,E1/5/2,leaf
53,29526,connected,,,compute-074,be-gpu5-port1,server,be-plane-b-leaf-14,E1/5/2,leaf
53,29527,connected,,,compute-074,be-gpu6-port0,server,be-plane-a-leaf-15,E1/5/2,leaf
53,29528,connected,,,compute-074,be-gpu6-port1,server,be-plane-b-leaf-15,E1/5/2,leaf
53,29529,connected,,,compute-074,be-gpu7-port0,server,be-plane-a-leaf-16,E1/5/2,leaf
53,29530,connected,,,compute-074,be-gpu7-port1,server,be-plane-b-leaf-16,E1/5/2,leaf
53,29531,connected,,,compute-074,fe-p0,server,fe-leaf-01,E1/37/2,leaf
53,29532,connected,,,compute-074,fe-p1,server,fe-leaf-02,E1/37/2,leaf
53,29533,connected,,,compute-075,be-gpu0-port0,server,be-plane-a-leaf-09,E1/6/1,leaf
53,29534,connected,,,compute-075,be-gpu0-port1,server,be-plane-b-leaf-09,E1/6/1,leaf
53,29535,connected,,,compute-075,be-gpu1-port0,server,be-plane-a-leaf-10,E1/6/1,leaf
53,29536,connected,,,compute-075,be-gpu1-port1,server,be-plane-b-leaf-10,E1/6/1,leaf
53,29537,connected,,,compute-075,be-gpu2-port0,server,be-plane-a-leaf-11,E1/6/1,leaf
53,29538,connected,,,compute-075,be-gpu2-port1,server,be-plane-b-leaf-11,E1/6/1,leaf
53,29539,connected,,,compute-075,be-gpu3-port0,server,be-plane-a-leaf-12,E1/6/1,leaf
53,29540,connected,,,compute-075,be-gpu3-port1,server,be-plane-b-leaf-12,E1/6/1,leaf
53,29541,connected,,,compute-075,be-gpu4-port0,server,be-plane-a-leaf-13,E1/6/1,leaf
53,29542,connected,,,compute-075,be-gpu4-port1,server,be-plane-b-leaf-13,E1/6/1,leaf
53,29543,connected,,,compute-075,be-gpu5-port0,server,be-plane-a-leaf-14,E1/6/1,leaf
53,29544,connected,,,compute-075,be-gpu5-port1,server,be-plane-b-leaf-14,E1/6/1,leaf
53,29545,connected,,,compute-075,be-gpu6-port0,server,be-plane-a-leaf-15,E1/6/1,leaf
53,29546,connected,,,compute-075,be-gpu6-port1,server,be-plane-b-leaf-15,E1/6/1,leaf
53,29547,connected,,,compute-075,be-gpu7-port0,server,be-plane-a-leaf-16,E1/6/1,leaf
53,29548,connected,,,compute-075,be-gpu7-port1,server,be-plane-b-leaf-16,E1/6/1,leaf
53,29549,connected,,,compute-075,fe-p0,server,fe-leaf-01,E1/37/3,leaf
53,29550,connected,,,compute-075,fe-p1,server,fe-leaf-02,E1/37/3,leaf
53,29551,connected,,,compute-076,be-gpu0-port0,server,be-plane-a-leaf-09,E1/6/2,leaf
53,29552,connected,,,compute-076,be-gpu0-port1,server,be-plane-b-leaf-09,E1/6/2,leaf
53,29553,connected,,,compute-076,be-gpu1-port0,server,be-plane-a-leaf-10,E1/6/2,leaf
53,29554,connected,,,compute-076,be-gpu1-port1,server,be-plane-b-leaf-10,E1/6/2,leaf
53,29555,connected,,,compute-076,be-gpu2-port0,server,be-plane-a-leaf-11,E1/6/2,leaf
53,29556,connected,,,compute-076,be-gpu2-port1,server,be-plane-b-leaf-11,E1/6/2,leaf
53,29557,connected,,,compute-076,be-gpu3-port0,server,be-plane-a-leaf-12,E1/6/2,leaf
53,29558,connected,,,compute-076,be-gpu3-port1,server,be-plane-b-leaf-12,E1/6/2,leaf
53,29559,connected,,,compute-076,be-gpu4-port0,server,be-plane-a-leaf-13,E1/6/2,leaf
53,29560,connected,,,compute-076,be-gpu4-port1,server,be-plane-b-leaf-13,E1/6/2,leaf
53,29561,connected,,,compute-076,be-gpu5-port0,server,be-plane-a-leaf-14,E1/6/2,leaf
53,29562,connected,,,compute-076,be-gpu5-port1,server,be-plane-b-leaf-14,E1/6/2,leaf
53,29563,connected,,,compute-076,be-gpu6-port0,server,be-plane-a-leaf-15,E1/6/2,leaf
53,29564,connected,,,compute-076,be-gpu6-port1,server,be-plane-b-leaf-15,E1/6/2,leaf
53,29565,connected,,,compute-076,be-gpu7-port0,server,be-plane-a-leaf-16,E1/6/2,leaf
53,29566,connected,,,compute-076,be-gpu7-port1,server,be-plane-b-leaf-16,E1/6/2,leaf
53,29567,connected,,,compute-076,fe-p0,server,fe-leaf-01,E1/37/4,leaf
53,29568,connected,,,compute-076,fe-p1,server,fe-leaf-02,E1/37/4,leaf
53,29569,connected,,,compute-077,be-gpu0-port0,server,be-plane-a-leaf-09,E1/7/1,leaf
53,29570,connected,,,compute-077,be-gpu0-port1,server,be-plane-b-leaf-09,E1/7/1,leaf
53,29571,connected,,,compute-077,be-gpu1-port0,server,be-plane-a-leaf-10,E1/7/1,leaf
53,29572,connected,,,compute-077,be-gpu1-port1,server,be-plane-b-leaf-10,E1/7/1,leaf
53,29573,connected,,,compute-077,be-gpu2-port0,server,be-plane-a-leaf-11,E1/7/1,leaf
53,29574,connected,,,compute-077,be-gpu2-port1,server,be-plane-b-leaf-11,E1/7/1,leaf
53,29575,connected,,,compute-077,be-gpu3-port0,server,be-plane-a-leaf-12,E1/7/1,leaf
53,29576,connected,,,compute-077,be-gpu3-port1,server,be-plane-b-leaf-12,E1/7/1,leaf
53,29577,connected,,,compute-077,be-gpu4-port0,server,be-plane-a-leaf-13,E1/7/1,leaf
53,29578,connected,,,compute-077,be-gpu4-port1,server,be-plane-b-leaf-13,E1/7/1,leaf
53,29579,connected,,,compute-077,be-gpu5-port0,server,be-plane-a-leaf-14,E1/7/1,leaf
53,29580,connected,,,compute-077,be-gpu5-port1,server,be-plane-b-leaf-14,E1/7/1,leaf
53,29581,connected,,,compute-077,be-gpu6-port0,server,be-plane-a-leaf-15,E1/7/1,leaf
53,29582,connected,,,compute-077,be-gpu6-port1,server,be-plane-b-leaf-15,E1/7/1,leaf
53,29583,connected,,,compute-077,be-gpu7-port0,server,be-plane-a-leaf-16,E1/7/1,leaf
53,29584,connected,,,compute-077,be-gpu7-port1,server,be-plane-b-leaf-16,E1/7/1,leaf
53,29585,connected,,,compute-077,fe-p0,server,fe-leaf-01,E1/39/1,leaf
53,29586,connected,,,compute-077,fe-p1,server,fe-leaf-02,E1/39/1,leaf
53,29587,connected,,,compute-078,be-gpu0-port0,server,be-plane-a-leaf-09,E1/7/2,leaf
53,29588,connected,,,compute-078,be-gpu0-port1,server,be-plane-b-leaf-09,E1/7/2,leaf
53,29589,connected,,,compute-078,be-gpu1-port0,server,be-plane-a-leaf-10,E1/7/2,leaf
53,29590,connected,,,compute-078,be-gpu1-port1,server,be-plane-b-leaf-10,E1/7/2,leaf
53,29591,connected,,,compute-078,be-gpu2-port0,server,be-plane-a-leaf-11,E1/7/2,leaf
53,29592,connected,,,compute-078,be-gpu2-port1,server,be-plane-b-leaf-11,E1/7/2,leaf
53,29593,connected,,,compute-078,be-gpu3-port0,server,be-plane-a-leaf-12,E1/7/2,leaf
53,29594,connected,,,compute-078,be-gpu3-port1,server,be-plane-b-leaf-12,E1/7/2,leaf
53,29595,connected,,,compute-078,be-gpu4-port0,server,be-plane-a-leaf-13,E1/7/2,leaf
53,29596,connected,,,compute-078,be-gpu4-port1,server,be-plane-b-leaf-13,E1/7/2,leaf
53,29597,connected,,,compute-078,be-gpu5-port0,server,be-plane-a-leaf-14,E1/7/2,leaf
53,29598,connected,,,compute-078,be-gpu5-port1,server,be-plane-b-leaf-14,E1/7/2,leaf
53,29599,connected,,,compute-078,be-gpu6-port0,server,be-plane-a-leaf-15,E1/7/2,leaf
53,29600,connected,,,compute-078,be-gpu6-port1,server,be-plane-b-leaf-15,E1/7/2,leaf
53,29601,connected,,,compute-078,be-gpu7-port0,server,be-plane-a-leaf-16,E1/7/2,leaf
53,29602,connected,,,compute-078,be-gpu7-port1,server,be-plane-b-leaf-16,E1/7/2,leaf
53,29603,connected,,,compute-078,fe-p0,server,fe-leaf-01,E1/39/2,leaf
53,29604,connected,,,compute-078,fe-p1,server,fe-leaf-02,E1/39/2,leaf
53,29605,connected,,,compute-079,be-gpu0-port0,server,be-plane-a-leaf-09,E1/8/1,leaf
53,29606,connected,,,compute-079,be-gpu0-port1,server,be-plane-b-leaf-09,E1/8/1,leaf
53,29607,connected,,,compute-079,be-gpu1-port0,server,be-plane-a-leaf-10,E1/8/1,leaf
53,29608,connected,,,compute-079,be-gpu1-port1,server,be-plane-b-leaf-10,E1/8/1,leaf
53,29609,connected,,,compute-079,be-gpu2-port0,server,be-plane-a-leaf-11,E1/8/1,leaf
53,29610,connected,,,compute-079,be-gpu2-port1,server,be-plane-b-leaf-11,E1/8/1,leaf
53,29611,connected,,,compute-079,be-gpu3-port0,server,be-plane-a-leaf-12,E1/8/1,leaf
53,29612,connected,,,compute-079,be-gpu3-port1,server,be-plane-b-leaf-12,E1/8/1,leaf
53,29613,connected,,,compute-079,be-gpu4-port0,server,be-plane-a-leaf-13,E1/8/1,leaf
53,29614,connected,,,compute-079,be-gpu4-port1,server,be-plane-b-leaf-13,E1/8/1,leaf
53,29615,connected,,,compute-079,be-gpu5-port0,server,be-plane-a-leaf-14,E1/8/1,leaf
53,29616,connected,,,compute-079,be-gpu5-port1,server,be-plane-b-leaf-14,E1/8/1,leaf
53,29617,connected,,,compute-079,be-gpu6-port0,server,be-plane-a-leaf-15,E1/8/1,leaf
53,29618,connected,,,compute-079,be-gpu6-port1,server,be-plane-b-leaf-15,E1/8/1,leaf
53,29619,connected,,,compute-079,be-gpu7-port0,server,be-plane-a-leaf-16,E1/8/1,leaf
53,29620,connected,,,compute-079,be-gpu7-port1,server,be-plane-b-leaf-16,E1/8/1,leaf
53,29621,connected,,,compute-079,fe-p0,server,fe-leaf-01,E1/39/3,leaf
53,29622,connected,,,compute-079,fe-p1,server,fe-leaf-02,E1/39/3,leaf
53,29623,connected,,,compute-080,be-gpu0-port0,server,be-plane-a-leaf-09,E1/8/2,leaf
53,29624,connected,,,compute-080,be-gpu0-port1,server,be-plane-b-leaf-09,E1/8/2,leaf
53,29625,connected,,,compute-080,be-gpu1-port0,server,be-plane-a-leaf-10,E1/8/2,leaf
53,29626,connected,,,compute-080,be-gpu1-port1,server,be-plane-b-leaf-10,E1/8/2,leaf
53,29627,connected,,,compute-080,be-gpu2-port0,server,be-plane-a-leaf-11,E1/8/2,leaf
53,29628,connected,,,compute-080,be-gpu2-port1,server,be-plane-b-leaf-11,E1/8/2,leaf
53,29629,connected,,,compute-080,be-gpu3-port0,server,be-plane-a-leaf-12,E1/8/2,leaf
53,29630,connected,,,compute-080,be-gpu3-port1,server,be-plane-b-leaf-12,E1/8/2,leaf
53,29631,connected,,,compute-080,be-gpu4-port0,server,be-plane-a-leaf-13,E1/8/2,leaf
53,29632,connected,,,compute-080,be-gpu4-port1,server,be-plane-b-leaf-13,E1/8/2,leaf
53,29633,connected,,,compute-080,be-gpu5-port0,server,be-plane-a-leaf-14,E1/8/2,leaf
53,29634,connected,,,compute-080,be-gpu5-port1,server,be-plane-b-leaf-14,E1/8/2,leaf
53,29635,connected,,,compute-080,be-gpu6-port0,server,be-plane-a-leaf-15,E1/8/2,leaf
53,29636,connected,,,compute-080,be-gpu6-port1,server,be-plane-b-leaf-15,E1/8/2,leaf
53,29637,connected,,,compute-080,be-gpu7-port0,server,be-plane-a-leaf-16,E1/8/2,leaf
53,29638,connected,,,compute-080,be-gpu7-port1,server,be-plane-b-leaf-16,E1/8/2,leaf
53,29639,connected,,,compute-080,fe-p0,server,fe-leaf-01,E1/39/4,leaf
53,29640,connected,,,compute-080,fe-p1,server,fe-leaf-02,E1/39/4,leaf
53,29641,connected,,,compute-081,be-gpu0-port0,server,be-plane-a-leaf-09,E1/9/1,leaf
53,29642,connected,,,compute-081,be-gpu0-port1,server,be-plane-b-leaf-09,E1/9/1,leaf
53,29643,connected,,,compute-081,be-gpu1-port0,server,be-plane-a-leaf-10,E1/9/1,leaf
53,29644,connected,,,compute-081,be-gpu1-port1,server,be-plane-b-leaf-10,E1/9/1,leaf
53,29645,connected,,,compute-081,be-gpu2-port0,server,be-plane-a-leaf-11,E1/9/1,leaf
53,29646,connected,,,compute-081,be-gpu2-port1,server,be-plane-b-leaf-11,E1/9/1,leaf
53,29647,connected,,,compute-081,be-gpu3-port0,server,be-plane-a-leaf-12,E1/9/1,leaf
53,29648,connected,,,compute-081,be-gpu3-port1,server,be-plane-b-leaf-12,E1/9/1,leaf
53,29649,connected,,,compute-081,be-gpu4-port0,server,be-plane-a-leaf-13,E1/9/1,leaf
53,29650,connected,,,compute-081,be-gpu4-port1,server,be-plane-b-leaf-13,E1/9/1,leaf
53,29651,connected,,,compute-081,be-gpu5-port0,server,be-plane-a-leaf-14,E1/9/1,leaf
53,29652,connected,,,compute-081,be-gpu5-port1,server,be-plane-b-leaf-14,E1/9/1,leaf
53,29653,connected,,,compute-081,be-gpu6-port0,server,be-plane-a-leaf-15,E1/9/1,leaf
53,29654,connected,,,compute-081,be-gpu6-port1,server,be-plane-b-leaf-15,E1/9/1,leaf
53,29655,connected,,,compute-081,be-gpu7-port0,server,be-plane-a-leaf-16,E1/9/1,leaf
53,29656,connected,,,compute-081,be-gpu7-port1,server,be-plane-b-leaf-16,E1/9/1,leaf
53,29657,connected,,,compute-081,fe-p0,server,fe-leaf-01,E1/41/1,leaf
53,29658,connected,,,compute-081,fe-p1,server,fe-leaf-02,E1/41/1,leaf
53,29659,connected,,,compute-082,be-gpu0-port0,server,be-plane-a-leaf-09,E1/9/2,leaf
53,29660,connected,,,compute-082,be-gpu0-port1,server,be-plane-b-leaf-09,E1/9/2,leaf
53,29661,connected,,,compute-082,be-gpu1-port0,server,be-plane-a-leaf-10,E1/9/2,leaf
53,29662,connected,,,compute-082,be-gpu1-port1,server,be-plane-b-leaf-10,E1/9/2,leaf
53,29663,connected,,,compute-082,be-gpu2-port0,server,be-plane-a-leaf-11,E1/9/2,leaf
53,29664,connected,,,compute-082,be-gpu2-port1,server,be-plane-b-leaf-11,E1/9/2,leaf
53,29665,connected,,,compute-082,be-gpu3-port0,server,be-plane-a-leaf-12,E1/9/2,leaf
53,29666,connected,,,compute-082,be-gpu3-port1,server,be-plane-b-leaf-12,E1/9/2,leaf
53,29667,connected,,,compute-082,be-gpu4-port0,server,be-plane-a-leaf-13,E1/9/2,leaf
53,29668,connected,,,compute-082,be-gpu4-port1,server,be-plane-b-leaf-13,E1/9/2,leaf
53,29669,connected,,,compute-082,be-gpu5-port0,server,be-plane-a-leaf-14,E1/9/2,leaf
53,29670,connected,,,compute-082,be-gpu5-port1,server,be-plane-b-leaf-14,E1/9/2,leaf
53,29671,connected,,,compute-082,be-gpu6-port0,server,be-plane-a-leaf-15,E1/9/2,leaf
53,29672,connected,,,compute-082,be-gpu6-port1,server,be-plane-b-leaf-15,E1/9/2,leaf
53,29673,connected,,,compute-082,be-gpu7-port0,server,be-plane-a-leaf-16,E1/9/2,leaf
53,29674,connected,,,compute-082,be-gpu7-port1,server,be-plane-b-leaf-16,E1/9/2,leaf
53,29675,connected,,,compute-082,fe-p0,server,fe-leaf-01,E1/41/2,leaf
53,29676,connected,,,compute-082,fe-p1,server,fe-leaf-02,E1/41/2,leaf
53,29677,connected,,,compute-083,be-gpu0-port0,server,be-plane-a-leaf-09,E1/10/1,leaf
53,29678,connected,,,compute-083,be-gpu0-port1,server,be-plane-b-leaf-09,E1/10/1,leaf
53,29679,connected,,,compute-083,be-gpu1-port0,server,be-plane-a-leaf-10,E1/10/1,leaf
53,29680,connected,,,compute-083,be-gpu1-port1,server,be-plane-b-leaf-10,E1/10/1,leaf
53,29681,connected,,,compute-083,be-gpu2-port0,server,be-plane-a-leaf-11,E1/10/1,leaf
53,29682,connected,,,compute-083,be-gpu2-port1,server,be-plane-b-leaf-11,E1/10/1,leaf
53,29683,connected,,,compute-083,be-gpu3-port0,server,be-plane-a-leaf-12,E1/10/1,leaf
53,29684,connected,,,compute-083,be-gpu3-port1,server,be-plane-b-leaf-12,E1/10/1,leaf
53,29685,connected,,,compute-083,be-gpu4-port0,server,be-plane-a-leaf-13,E1/10/1,leaf
53,29686,connected,,,compute-083,be-gpu4-port1,server,be-plane-b-leaf-13,E1/10/1,leaf
53,29687,connected,,,compute-083,be-gpu5-port0,server,be-plane-a-leaf-14,E1/10/1,leaf
53,29688,connected,,,compute-083,be-gpu5-port1,server,be-plane-b-leaf-14,E1/10/1,leaf
53,29689,connected,,,compute-083,be-gpu6-port0,server,be-plane-a-leaf-15,E1/10/1,leaf
53,29690,connected,,,compute-083,be-gpu6-port1,server,be-plane-b-leaf-15,E1/10/1,leaf
53,29691,connected,,,compute-083,be-gpu7-port0,server,be-plane-a-leaf-16,E1/10/1,leaf
53,29692,connected,,,compute-083,be-gpu7-port1,server,be-plane-b-leaf-16,E1/10/1,leaf
53,29693,connected,,,compute-083,fe-p0,server,fe-leaf-01,E1/41/3,leaf
53,29694,connected,,,compute-083,fe-p1,server,fe-leaf-02,E1/41/3,leaf
53,29695,connected,,,compute-084,be-gpu0-port0,server,be-plane-a-leaf-09,E1/10/2,leaf
53,29696,connected,,,compute-084,be-gpu0-port1,server,be-plane-b-leaf-09,E1/10/2,leaf
53,29697,connected,,,compute-084,be-gpu1-port0,server,be-plane-a-leaf-10,E1/10/2,leaf
53,29698,connected,,,compute-084,be-gpu1-port1,server,be-plane-b-leaf-10,E1/10/2,leaf
53,29699,connected,,,compute-084,be-gpu2-port0,server,be-plane-a-leaf-11,E1/10/2,leaf
53,29700,connected,,,compute-084,be-gpu2-port1,server,be-plane-b-leaf-11,E1/10/2,leaf
53,29701,connected,,,compute-084,be-gpu3-port0,server,be-plane-a-leaf-12,E1/10/2,leaf
53,29702,connected,,,compute-084,be-gpu3-port1,server,be-plane-b-leaf-12,E1/10/2,leaf
53,29703,connected,,,compute-084,be-gpu4-port0,server,be-plane-a-leaf-13,E1/10/2,leaf
53,29704,connected,,,compute-084,be-gpu4-port1,server,be-plane-b-leaf-13,E1/10/2,leaf
53,29705,connected,,,compute-084,be-gpu5-port0,server,be-plane-a-leaf-14,E1/10/2,leaf
53,29706,connected,,,compute-084,be-gpu5-port1,server,be-plane-b-leaf-14,E1/10/2,leaf
53,29707,connected,,,compute-084,be-gpu6-port0,server,be-plane-a-leaf-15,E1/10/2,leaf
53,29708,connected,,,compute-084,be-gpu6-port1,server,be-plane-b-leaf-15,E1/10/2,leaf
53,29709,connected,,,compute-084,be-gpu7-port0,server,be-plane-a-leaf-16,E1/10/2,leaf
53,29710,connected,,,compute-084,be-gpu7-port1,server,be-plane-b-leaf-16,E1/10/2,leaf
53,29711,connected,,,compute-084,fe-p0,server,fe-leaf-01,E1/41/4,leaf
53,29712,connected,,,compute-084,fe-p1,server,fe-leaf-02,E1/41/4,leaf
53,29713,connected,,,compute-085,be-gpu0-port0,server,be-plane-a-leaf-09,E1/11/1,leaf
53,29714,connected,,,compute-085,be-gpu0-port1,server,be-plane-b-leaf-09,E1/11/1,leaf
53,29715,connected,,,compute-085,be-gpu1-port0,server,be-plane-a-leaf-10,E1/11/1,leaf
53,29716,connected,,,compute-085,be-gpu1-port1,server,be-plane-b-leaf-10,E1/11/1,leaf
53,29717,connected,,,compute-085,be-gpu2-port0,server,be-plane-a-leaf-11,E1/11/1,leaf
53,29718,connected,,,compute-085,be-gpu2-port1,server,be-plane-b-leaf-11,E1/11/1,leaf
53,29719,connected,,,compute-085,be-gpu3-port0,server,be-plane-a-leaf-12,E1/11/1,leaf
53,29720,connected,,,compute-085,be-gpu3-port1,server,be-plane-b-leaf-12,E1/11/1,leaf
53,29721,connected,,,compute-085,be-gpu4-port0,server,be-plane-a-leaf-13,E1/11/1,leaf
53,29722,connected,,,compute-085,be-gpu4-port1,server,be-plane-b-leaf-13,E1/11/1,leaf
53,29723,connected,,,compute-085,be-gpu5-port0,server,be-plane-a-leaf-14,E1/11/1,leaf
53,29724,connected,,,compute-085,be-gpu5-port1,server,be-plane-b-leaf-14,E1/11/1,leaf
53,29725,connected,,,compute-085,be-gpu6-port0,server,be-plane-a-leaf-15,E1/11/1,leaf
53,29726,connected,,,compute-085,be-gpu6-port1,server,be-plane-b-leaf-15,E1/11/1,leaf
53,29727,connected,,,compute-085,be-gpu7-port0,server,be-plane-a-leaf-16,E1/11/1,leaf
53,29728,connected,,,compute-085,be-gpu7-port1,server,be-plane-b-leaf-16,E1/11/1,leaf
53,29729,connected,,,compute-085,fe-p0,server,fe-leaf-01,E1/43/1,leaf
53,29730,connected,,,compute-085,fe-p1,server,fe-leaf-02,E1/43/1,leaf
53,29731,connected,,,compute-086,be-gpu0-port0,server,be-plane-a-leaf-09,E1/11/2,leaf
53,29732,connected,,,compute-086,be-gpu0-port1,server,be-plane-b-leaf-09,E1/11/2,leaf
53,29733,connected,,,compute-086,be-gpu1-port0,server,be-plane-a-leaf-10,E1/11/2,leaf
53,29734,connected,,,compute-086,be-gpu1-port1,server,be-plane-b-leaf-10,E1/11/2,leaf
53,29735,connected,,,compute-086,be-gpu2-port0,server,be-plane-a-leaf-11,E1/11/2,leaf
53,29736,connected,,,compute-086,be-gpu2-port1,server,be-plane-b-leaf-11,E1/11/2,leaf
53,29737,connected,,,compute-086,be-gpu3-port0,server,be-plane-a-leaf-12,E1/11/2,leaf
53,29738,connected,,,compute-086,be-gpu3-port1,server,be-plane-b-leaf-12,E1/11/2,leaf
53,29739,connected,,,compute-086,be-gpu4-port0,server,be-plane-a-leaf-13,E1/11/2,leaf
53,29740,connected,,,compute-086,be-gpu4-port1,server,be-plane-b-leaf-13,E1/11/2,leaf
53,29741,connected,,,compute-086,be-gpu5-port0,server,be-plane-a-leaf-14,E1/11/2,leaf
53,29742,connected,,,compute-086,be-gpu5-port1,server,be-plane-b-leaf-14,E1/11/2,leaf
53,29743,connected,,,compute-086,be-gpu6-port0,server,be-plane-a-leaf-15,E1/11/2,leaf
53,29744,connected,,,compute-086,be-gpu6-port1,server,be-plane-b-leaf-15,E1/11/2,leaf
53,29745,connected,,,compute-086,be-gpu7-port0,server,be-plane-a-leaf-16,E1/11/2,leaf
53,29746,connected,,,compute-086,be-gpu7-port1,server,be-plane-b-leaf-16,E1/11/2,leaf
53,29747,connected,,,compute-086,fe-p0,server,fe-leaf-01,E1/43/2,leaf
53,29748,connected,,,compute-086,fe-p1,server,fe-leaf-02,E1/43/2,leaf
53,29749,connected,,,compute-087,be-gpu0-port0,server,be-plane-a-leaf-09,E1/12/1,leaf
53,29750,connected,,,compute-087,be-gpu0-port1,server,be-plane-b-leaf-09,E1/12/1,leaf
53,29751,connected,,,compute-087,be-gpu1-port0,server,be-plane-a-leaf-10,E1/12/1,leaf
53,29752,connected,,,compute-087,be-gpu1-port1,server,be-plane-b-leaf-10,E1/12/1,leaf
53,29753,connected,,,compute-087,be-gpu2-port0,server,be-plane-a-leaf-11,E1/12/1,leaf
53,29754,connected,,,compute-087,be-gpu2-port1,server,be-plane-b-leaf-11,E1/12/1,leaf
53,29755,connected,,,compute-087,be-gpu3-port0,server,be-plane-a-leaf-12,E1/12/1,leaf
53,29756,connected,,,compute-087,be-gpu3-port1,server,be-plane-b-leaf-12,E1/12/1,leaf
53,29757,connected,,,compute-087,be-gpu4-port0,server,be-plane-a-leaf-13,E1/12/1,leaf
53,29758,connected,,,compute-087,be-gpu4-port1,server,be-plane-b-leaf-13,E1/12/1,leaf
53,29759,connected,,,compute-087,be-gpu5-port0,server,be-plane-a-leaf-14,E1/12/1,leaf
53,29760,connected,,,compute-087,be-gpu5-port1,server,be-plane-b-leaf-14,E1/12/1,leaf
53,29761,connected,,,compute-087,be-gpu6-port0,server,be-plane-a-leaf-15,E1/12/1,leaf
53,29762,connected,,,compute-087,be-gpu6-port1,server,be-plane-b-leaf-15,E1/12/1,leaf
53,29763,connected,,,compute-087,be-gpu7-port0,server,be-plane-a-leaf-16,E1/12/1,leaf
53,29764,connected,,,compute-087,be-gpu7-port1,server,be-plane-b-leaf-16,E1/12/1,leaf
53,29765,connected,,,compute-087,fe-p0,server,fe-leaf-01,E1/43/3,leaf
53,29766,connected,,,compute-087,fe-p1,server,fe-leaf-02,E1/43/3,leaf
53,29767,connected,,,compute-088,be-gpu0-port0,server,be-plane-a-leaf-09,E1/12/2,leaf
53,29768,connected,,,compute-088,be-gpu0-port1,server,be-plane-b-leaf-09,E1/12/2,leaf
53,29769,connected,,,compute-088,be-gpu1-port0,server,be-plane-a-leaf-10,E1/12/2,leaf
53,29770,connected,,,compute-088,be-gpu1-port1,server,be-plane-b-leaf-10,E1/12/2,leaf
53,29771,connected,,,compute-088,be-gpu2-port0,server,be-plane-a-leaf-11,E1/12/2,leaf
53,29772,connected,,,compute-088,be-gpu2-port1,server,be-plane-b-leaf-11,E1/12/2,leaf
53,29773,connected,,,compute-088,be-gpu3-port0,server,be-plane-a-leaf-12,E1/12/2,leaf
53,29774,connected,,,compute-088,be-gpu3-port1,server,be-plane-b-leaf-12,E1/12/2,leaf
53,29775,connected,,,compute-088,be-gpu4-port0,server,be-plane-a-leaf-13,E1/12/2,leaf
53,29776,connected,,,compute-088,be-gpu4-port1,server,be-plane-b-leaf-13,E1/12/2,leaf
53,29777,connected,,,compute-088,be-gpu5-port0,server,be-plane-a-leaf-14,E1/12/2,leaf
53,29778,connected,,,compute-088,be-gpu5-port1,server,be-plane-b-leaf-14,E1/12/2,leaf
53,29779,connected,,,compute-088,be-gpu6-port0,server,be-plane-a-leaf-15,E1/12/2,leaf
53,29780,connected,,,compute-088,be-gpu6-port1,server,be-plane-b-leaf-15,E1/12/2,leaf
53,29781,connected,,,compute-088,be-gpu7-port0,server,be-plane-a-leaf-16,E1/12/2,leaf
53,29782,connected,,,compute-088,be-gpu7-port1,server,be-plane-b-leaf-16,E1/12/2,leaf
53,29783,connected,,,compute-088,fe-p0,server,fe-leaf-01,E1/43/4,leaf
53,29784,connected,,,compute-088,fe-p1,server,fe-leaf-02,E1/43/4,leaf
53,29785,connected,,,compute-089,be-gpu0-port0,server,be-plane-a-leaf-09,E1/13/1,leaf
53,29786,connected,,,compute-089,be-gpu0-port1,server,be-plane-b-leaf-09,E1/13/1,leaf
53,29787,connected,,,compute-089,be-gpu1-port0,server,be-plane-a-leaf-10,E1/13/1,leaf
53,29788,connected,,,compute-089,be-gpu1-port1,server,be-plane-b-leaf-10,E1/13/1,leaf
53,29789,connected,,,compute-089,be-gpu2-port0,server,be-plane-a-leaf-11,E1/13/1,leaf
53,29790,connected,,,compute-089,be-gpu2-port1,server,be-plane-b-leaf-11,E1/13/1,leaf
53,29791,connected,,,compute-089,be-gpu3-port0,server,be-plane-a-leaf-12,E1/13/1,leaf
53,29792,connected,,,compute-089,be-gpu3-port1,server,be-plane-b-leaf-12,E1/13/1,leaf
53,29793,connected,,,compute-089,be-gpu4-port0,server,be-plane-a-leaf-13,E1/13/1,leaf
53,29794,connected,,,compute-089,be-gpu4-port1,server,be-plane-b-leaf-13,E1/13/1,leaf
53,29795,connected,,,compute-089,be-gpu5-port0,server,be-plane-a-leaf-14,E1/13/1,leaf
53,29796,connected,,,compute-089,be-gpu5-port1,server,be-plane-b-leaf-14,E1/13/1,leaf
53,29797,connected,,,compute-089,be-gpu6-port0,server,be-plane-a-leaf-15,E1/13/1,leaf
53,29798,connected,,,compute-089,be-gpu6-port1,server,be-plane-b-leaf-15,E1/13/1,leaf
53,29799,connected,,,compute-089,be-gpu7-port0,server,be-plane-a-leaf-16,E1/13/1,leaf
53,29800,connected,,,compute-089,be-gpu7-port1,server,be-plane-b-leaf-16,E1/13/1,leaf
53,29801,connected,,,compute-089,fe-p0,server,fe-leaf-01,E1/45/1,leaf
53,29802,connected,,,compute-089,fe-p1,server,fe-leaf-02,E1/45/1,leaf
53,29803,connected,,,compute-090,be-gpu0-port0,server,be-plane-a-leaf-09,E1/13/2,leaf
53,29804,connected,,,compute-090,be-gpu0-port1,server,be-plane-b-leaf-09,E1/13/2,leaf
53,29805,connected,,,compute-090,be-gpu1-port0,server,be-plane-a-leaf-10,E1/13/2,leaf
53,29806,connected,,,compute-090,be-gpu1-port1,server,be-plane-b-leaf-10,E1/13/2,leaf
53,29807,connected,,,compute-090,be-gpu2-port0,server,be-plane-a-leaf-11,E1/13/2,leaf
53,29808,connected,,,compute-090,be-gpu2-port1,server,be-plane-b-leaf-11,E1/13/2,leaf
53,29809,connected,,,compute-090,be-gpu3-port0,server,be-plane-a-leaf-12,E1/13/2,leaf
53,29810,connected,,,compute-090,be-gpu3-port1,server,be-plane-b-leaf-12,E1/13/2,leaf
53,29811,connected,,,compute-090,be-gpu4-port0,server,be-plane-a-leaf-13,E1/13/2,leaf
53,29812,connected,,,compute-090,be-gpu4-port1,server,be-plane-b-leaf-13,E1/13/2,leaf
53,29813,connected,,,compute-090,be-gpu5-port0,server,be-plane-a-leaf-14,E1/13/2,leaf
53,29814,connected,,,compute-090,be-gpu5-port1,server,be-plane-b-leaf-14,E1/13/2,leaf
53,29815,connected,,,compute-090,be-gpu6-port0,server,be-plane-a-leaf-15,E1/13/2,leaf
53,29816,connected,,,compute-090,be-gpu6-port1,server,be-plane-b-leaf-15,E1/13/2,leaf
53,29817,connected,,,compute-090,be-gpu7-port0,server,be-plane-a-leaf-16,E1/13/2,leaf
53,29818,connected,,,compute-090,be-gpu7-port1,server,be-plane-b-leaf-16,E1/13/2,leaf
53,29819,connected,,,compute-090,fe-p0,server,fe-leaf-01,E1/45/2,leaf
53,29820,connected,,,compute-090,fe-p1,server,fe-leaf-02,E1/45/2,leaf
53,29821,connected,,,compute-091,be-gpu0-port0,server,be-plane-a-leaf-09,E1/14/1,leaf
53,29822,connected,,,compute-091,be-gpu0-port1,server,be-plane-b-leaf-09,E1/14/1,leaf
53,29823,connected,,,compute-091,be-gpu1-port0,server,be-plane-a-leaf-10,E1/14/1,leaf
53,29824,connected,,,compute-091,be-gpu1-port1,server,be-plane-b-leaf-10,E1/14/1,leaf
53,29825,connected,,,compute-091,be-gpu2-port0,server,be-plane-a-leaf-11,E1/14/1,leaf
53,29826,connected,,,compute-091,be-gpu2-port1,server,be-plane-b-leaf-11,E1/14/1,leaf
53,29827,connected,,,compute-091,be-gpu3-port0,server,be-plane-a-leaf-12,E1/14/1,leaf
53,29828,connected,,,compute-091,be-gpu3-port1,server,be-plane-b-leaf-12,E1/14/1,leaf
53,29829,connected,,,compute-091,be-gpu4-port0,server,be-plane-a-leaf-13,E1/14/1,leaf
53,29830,connected,,,compute-091,be-gpu4-port1,server,be-plane-b-leaf-13,E1/14/1,leaf
53,29831,connected,,,compute-091,be-gpu5-port0,server,be-plane-a-leaf-14,E1/14/1,leaf
53,29832,connected,,,compute-091,be-gpu5-port1,server,be-plane-b-leaf-14,E1/14/1,leaf
53,29833,connected,,,compute-091,be-gpu6-port0,server,be-plane-a-leaf-15,E1/14/1,leaf
53,29834,connected,,,compute-091,be-gpu6-port1,server,be-plane-b-leaf-15,E1/14/1,leaf
53,29835,connected,,,compute-091,be-gpu7-port0,server,be-plane-a-leaf-16,E1/14/1,leaf
53,29836,connected,,,compute-091,be-gpu7-port1,server,be-plane-b-leaf-16,E1/14/1,leaf
53,29837,connected,,,compute-091,fe-p0,server,fe-leaf-01,E1/45/3,leaf
53,29838,connected,,,compute-091,fe-p1,server,fe-leaf-02,E1/45/3,leaf
53,29839,connected,,,compute-092,be-gpu0-port0,server,be-plane-a-leaf-09,E1/14/2,leaf
53,29840,connected,,,compute-092,be-gpu0-port1,server,be-plane-b-leaf-09,E1/14/2,leaf
53,29841,connected,,,compute-092,be-gpu1-port0,server,be-plane-a-leaf-10,E1/14/2,leaf
53,29842,connected,,,compute-092,be-gpu1-port1,server,be-plane-b-leaf-10,E1/14/2,leaf
53,29843,connected,,,compute-092,be-gpu2-port0,server,be-plane-a-leaf-11,E1/14/2,leaf
53,29844,connected,,,compute-092,be-gpu2-port1,server,be-plane-b-leaf-11,E1/14/2,leaf
53,29845,connected,,,compute-092,be-gpu3-port0,server,be-plane-a-leaf-12,E1/14/2,leaf
53,29846,connected,,,compute-092,be-gpu3-port1,server,be-plane-b-leaf-12,E1/14/2,leaf
53,29847,connected,,,compute-092,be-gpu4-port0,server,be-plane-a-leaf-13,E1/14/2,leaf
53,29848,connected,,,compute-092,be-gpu4-port1,server,be-plane-b-leaf-13,E1/14/2,leaf
53,29849,connected,,,compute-092,be-gpu5-port0,server,be-plane-a-leaf-14,E1/14/2,leaf
53,29850,connected,,,compute-092,be-gpu5-port1,server,be-plane-b-leaf-14,E1/14/2,leaf
53,29851,connected,,,compute-092,be-gpu6-port0,server,be-plane-a-leaf-15,E1/14/2,leaf
53,29852,connected,,,compute-092,be-gpu6-port1,server,be-plane-b-leaf-15,E1/14/2,leaf
53,29853,connected,,,compute-092,be-gpu7-port0,server,be-plane-a-leaf-16,E1/14/2,leaf
53,29854,connected,,,compute-092,be-gpu7-port1,server,be-plane-b-leaf-16,E1/14/2,leaf
53,29855,connected,,,compute-092,fe-p0,server,fe-leaf-01,E1/45/4,leaf
53,29856,connected,,,compute-092,fe-p1,server,fe-leaf-02,E1/45/4,leaf
53,29857,connected,,,compute-093,be-gpu0-port0,server,be-plane-a-leaf-09,E1/15/1,leaf
53,29858,connected,,,compute-093,be-gpu0-port1,server,be-plane-b-leaf-09,E1/15/1,leaf
53,29859,connected,,,compute-093,be-gpu1-port0,server,be-plane-a-leaf-10,E1/15/1,leaf
53,29860,connected,,,compute-093,be-gpu1-port1,server,be-plane-b-leaf-10,E1/15/1,leaf
53,29861,connected,,,compute-093,be-gpu2-port0,server,be-plane-a-leaf-11,E1/15/1,leaf
53,29862,connected,,,compute-093,be-gpu2-port1,server,be-plane-b-leaf-11,E1/15/1,leaf
53,29863,connected,,,compute-093,be-gpu3-port0,server,be-plane-a-leaf-12,E1/15/1,leaf
53,29864,connected,,,compute-093,be-gpu3-port1,server,be-plane-b-leaf-12,E1/15/1,leaf
53,29865,connected,,,compute-093,be-gpu4-port0,server,be-plane-a-leaf-13,E1/15/1,leaf
53,29866,connected,,,compute-093,be-gpu4-port1,server,be-plane-b-leaf-13,E1/15/1,leaf
53,29867,connected,,,compute-093,be-gpu5-port0,server,be-plane-a-leaf-14,E1/15/1,leaf
53,29868,connected,,,compute-093,be-gpu5-port1,server,be-plane-b-leaf-14,E1/15/1,leaf
53,29869,connected,,,compute-093,be-gpu6-port0,server,be-plane-a-leaf-15,E1/15/1,leaf
53,29870,connected,,,compute-093,be-gpu6-port1,server,be-plane-b-leaf-15,E1/15/1,leaf
53,29871,connected,,,compute-093,be-gpu7-port0,server,be-plane-a-leaf-16,E1/15/1,leaf
53,29872,connected,,,compute-093,be-gpu7-port1,server,be-plane-b-leaf-16,E1/15/1,leaf
53,29873,connected,,,compute-093,fe-p0,server,fe-leaf-01,E1/47/1,leaf
53,29874,connected,,,compute-093,fe-p1,server,fe-leaf-02,E1/47/1,leaf
53,29875,connected,,,compute-094,be-gpu0-port0,server,be-plane-a-leaf-09,E1/15/2,leaf
53,29876,connected,,,compute-094,be-gpu0-port1,server,be-plane-b-leaf-09,E1/15/2,leaf
53,29877,connected,,,compute-094,be-gpu1-port0,server,be-plane-a-leaf-10,E1/15/2,leaf
53,29878,connected,,,compute-094,be-gpu1-port1,server,be-plane-b-leaf-10,E1/15/2,leaf
53,29879,connected,,,compute-094,be-gpu2-port0,server,be-plane-a-leaf-11,E1/15/2,leaf
53,29880,connected,,,compute-094,be-gpu2-port1,server,be-plane-b-leaf-11,E1/15/2,leaf
53,29881,connected,,,compute-094,be-gpu3-port0,server,be-plane-a-leaf-12,E1/15/2,leaf
53,29882,connected,,,compute-094,be-gpu3-port1,server,be-plane-b-leaf-12,E1/15/2,leaf
53,29883,connected,,,compute-094,be-gpu4-port0,server,be-plane-a-leaf-13,E1/15/2,leaf
53,29884,connected,,,compute-094,be-gpu4-port1,server,be-plane-b-leaf-13,E1/15/2,leaf
53,29885,connected,,,compute-094,be-gpu5-port0,server,be-plane-a-leaf-14,E1/15/2,leaf
53,29886,connected,,,compute-094,be-gpu5-port1,server,be-plane-b-leaf-14,E1/15/2,leaf
53,29887,connected,,,compute-094,be-gpu6-port0,server,be-plane-a-leaf-15,E1/15/2,leaf
53,29888,connected,,,compute-094,be-gpu6-port1,server,be-plane-b-leaf-15,E1/15/2,leaf
53,29889,connected,,,compute-094,be-gpu7-port0,server,be-plane-a-leaf-16,E1/15/2,leaf
53,29890,connected,,,compute-094,be-gpu7-port1,server,be-plane-b-leaf-16,E1/15/2,leaf
53,29891,connected,,,compute-094,fe-p0,server,fe-leaf-01,E1/47/2,leaf
53,29892,connected,,,compute-094,fe-p1,server,fe-leaf-02,E1/47/2,leaf
53,29893,connected,,,compute-095,be-gpu0-port0,server,be-plane-a-leaf-09,E1/16/1,leaf
53,29894,connected,,,compute-095,be-gpu0-port1,server,be-plane-b-leaf-09,E1/16/1,leaf
53,29895,connected,,,compute-095,be-gpu1-port0,server,be-plane-a-leaf-10,E1/16/1,leaf
53,29896,connected,,,compute-095,be-gpu1-port1,server,be-plane-b-leaf-10,E1/16/1,leaf
53,29897,connected,,,compute-095,be-gpu2-port0,server,be-plane-a-leaf-11,E1/16/1,leaf
53,29898,connected,,,compute-095,be-gpu2-port1,server,be-plane-b-leaf-11,E1/16/1,leaf
53,29899,connected,,,compute-095,be-gpu3-port0,server,be-plane-a-leaf-12,E1/16/1,leaf
53,29900,connected,,,compute-095,be-gpu3-port1,server,be-plane-b-leaf-12,E1/16/1,leaf
53,29901,connected,,,compute-095,be-gpu4-port0,server,be-plane-a-leaf-13,E1/16/1,leaf
53,29902,connected,,,compute-095,be-gpu4-port1,server,be-plane-b-leaf-13,E1/16/1,leaf
53,29903,connected,,,compute-095,be-gpu5-port0,server,be-plane-a-leaf-14,E1/16/1,leaf
53,29904,connected,,,compute-095,be-gpu5-port1,server,be-plane-b-leaf-14,E1/16/1,leaf
53,29905,connected,,,compute-095,be-gpu6-port0,server,be-plane-a-leaf-15,E1/16/1,leaf
53,29906,connected,,,compute-095,be-gpu6-port1,server,be-plane-b-leaf-15,E1/16/1,leaf
53,29907,connected,,,compute-095,be-gpu7-port0,server,be-plane-a-leaf-16,E1/16/1,leaf
53,29908,connected,,,compute-095,be-gpu7-port1,server,be-plane-b-leaf-16,E1/16/1,leaf
53,29909,connected,,,compute-095,fe-p0,server,fe-leaf-01,E1/47/3,leaf
53,29910,connected,,,compute-095,fe-p1,server,fe-leaf-02,E1/47/3,leaf
53,29911,connected,,,compute-096,be-gpu0-port0,server,be-plane-a-leaf-09,E1/16/2,leaf
53,29912,connected,,,compute-096,be-gpu0-port1,server,be-plane-b-leaf-09,E1/16/2,leaf
53,29913,connected,,,compute-096,be-gpu1-port0,server,be-plane-a-leaf-10,E1/16/2,leaf
53,29914,connected,,,compute-096,be-gpu1-port1,server,be-plane-b-leaf-10,E1/16/2,leaf
53,29915,connected,,,compute-096,be-gpu2-port0,server,be-plane-a-leaf-11,E1/16/2,leaf
53,29916,connected,,,compute-096,be-gpu2-port1,server,be-plane-b-leaf-11,E1/16/2,leaf
53,29917,connected,,,compute-096,be-gpu3-port0,server,be-plane-a-leaf-12,E1/16/2,leaf
53,29918,connected,,,compute-096,be-gpu3-port1,server,be-plane-b-leaf-12,E1/16/2,leaf
53,29919,connected,,,compute-096,be-gpu4-port0,server,be-plane-a-leaf-13,E1/16/2,leaf
53,29920,connected,,,compute-096,be-gpu4-port1,server,be-plane-b-leaf-13,E1/16/2,leaf
53,29921,connected,,,compute-096,be-gpu5-port0,server,be-plane-a-leaf-14,E1/16/2,leaf
53,29922,connected,,,compute-096,be-gpu5-port1,server,be-plane-b-leaf-14,E1/16/2,leaf
53,29923,connected,,,compute-096,be-gpu6-port0,server,be-plane-a-leaf-15,E1/16/2,leaf
53,29924,connected,,,compute-096,be-gpu6-port1,server,be-plane-b-leaf-15,E1/16/2,leaf
53,29925,connected,,,compute-096,be-gpu7-port0,server,be-plane-a-leaf-16,E1/16/2,leaf
53,29926,connected,,,compute-096,be-gpu7-port1,server,be-plane-b-leaf-16,E1/16/2,leaf
53,29927,connected,,,compute-096,fe-p0,server,fe-leaf-01,E1/47/4,leaf
53,29928,connected,,,compute-096,fe-p1,server,fe-leaf-02,E1/47/4,leaf
53,29929,connected,,,compute-097,be-gpu0-port0,server,be-plane-a-leaf-09,E1/17/1,leaf
53,29930,connected,,,compute-097,be-gpu0-port1,server,be-plane-b-leaf-09,E1/17/1,leaf
53,29931,connected,,,compute-097,be-gpu1-port0,server,be-plane-a-leaf-10,E1/17/1,leaf
53,29932,connected,,,compute-097,be-gpu1-port1,server,be-plane-b-leaf-10,E1/17/1,leaf
53,29933,connected,,,compute-097,be-gpu2-port0,server,be-plane-a-leaf-11,E1/17/1,leaf
53,29934,connected,,,compute-097,be-gpu2-port1,server,be-plane-b-leaf-11,E1/17/1,leaf
53,29935,connected,,,compute-097,be-gpu3-port0,server,be-plane-a-leaf-12,E1/17/1,leaf
53,29936,connected,,,compute-097,be-gpu3-port1,server,be-plane-b-leaf-12,E1/17/1,leaf
53,29937,connected,,,compute-097,be-gpu4-port0,server,be-plane-a-leaf-13,E1/17/1,leaf
53,29938,connected,,,compute-097,be-gpu4-port1,server,be-plane-b-leaf-13,E1/17/1,leaf
53,29939,connected,,,compute-097,be-gpu5-port0,server,be-plane-a-leaf-14,E1/17/1,leaf
53,29940,connected,,,compute-097,be-gpu5-port1,server,be-plane-b-leaf-14,E1/17/1,leaf
53,29941,connected,,,compute-097,be-gpu6-port0,server,be-plane-a-leaf-15,E1/17/1,leaf
53,29942,connected,,,compute-097,be-gpu6-port1,server,be-plane-b-leaf-15,E1/17/1,leaf
53,29943,connected,,,compute-097,be-gpu7-port0,server,be-plane-a-leaf-16,E1/17/1,leaf
53,29944,connected,,,compute-097,be-gpu7-port1,server,be-plane-b-leaf-16,E1/17/1,leaf
53,29945,connected,,,compute-097,fe-p0,server,fe-leaf-01,E1/49/1,leaf
53,29946,connected,,,compute-097,fe-p1,server,fe-leaf-02,E1/49/1,leaf
53,29947,connected,,,compute-098,be-gpu0-port0,server,be-plane-a-leaf-09,E1/17/2,leaf
53,29948,connected,,,compute-098,be-gpu0-port1,server,be-plane-b-leaf-09,E1/17/2,leaf
53,29949,connected,,,compute-098,be-gpu1-port0,server,be-plane-a-leaf-10,E1/17/2,leaf
53,29950,connected,,,compute-098,be-gpu1-port1,server,be-plane-b-leaf-10,E1/17/2,leaf
53,29951,connected,,,compute-098,be-gpu2-port0,server,be-plane-a-leaf-11,E1/17/2,leaf
53,29952,connected,,,compute-098,be-gpu2-port1,server,be-plane-b-leaf-11,E1/17/2,leaf
53,29953,connected,,,compute-098,be-gpu3-port0,server,be-plane-a-leaf-12,E1/17/2,leaf
53,29954,connected,,,compute-098,be-gpu3-port1,server,be-plane-b-leaf-12,E1/17/2,leaf
53,29955,connected,,,compute-098,be-gpu4-port0,server,be-plane-a-leaf-13,E1/17/2,leaf
53,29956,connected,,,compute-098,be-gpu4-port1,server,be-plane-b-leaf-13,E1/17/2,leaf
53,29957,connected,,,compute-098,be-gpu5-port0,server,be-plane-a-leaf-14,E1/17/2,leaf
53,29958,connected,,,compute-098,be-gpu5-port1,server,be-plane-b-leaf-14,E1/17/2,leaf
53,29959,connected,,,compute-098,be-gpu6-port0,server,be-plane-a-leaf-15,E1/17/2,leaf
53,29960,connected,,,compute-098,be-gpu6-port1,server,be-plane-b-leaf-15,E1/17/2,leaf
53,29961,connected,,,compute-098,be-gpu7-port0,server,be-plane-a-leaf-16,E1/17/2,leaf
53,29962,connected,,,compute-098,be-gpu7-port1,server,be-plane-b-leaf-16,E1/17/2,leaf
53,29963,connected,,,compute-098,fe-p0,server,fe-leaf-01,E1/49/2,leaf
53,29964,connected,,,compute-098,fe-p1,server,fe-leaf-02,E1/49/2,leaf
53,29965,connected,,,compute-099,be-gpu0-port0,server,be-plane-a-leaf-09,E1/18/1,leaf
53,29966,connected,,,compute-099,be-gpu0-port1,server,be-plane-b-leaf-09,E1/18/1,leaf
53,29967,connected,,,compute-099,be-gpu1-port0,server,be-plane-a-leaf-10,E1/18/1,leaf
53,29968,connected,,,compute-099,be-gpu1-port1,server,be-plane-b-leaf-10,E1/18/1,leaf
53,29969,connected,,,compute-099,be-gpu2-port0,server,be-plane-a-leaf-11,E1/18/1,leaf
53,29970,connected,,,compute-099,be-gpu2-port1,server,be-plane-b-leaf-11,E1/18/1,leaf
53,29971,connected,,,compute-099,be-gpu3-port0,server,be-plane-a-leaf-12,E1/18/1,leaf
53,29972,connected,,,compute-099,be-gpu3-port1,server,be-plane-b-leaf-12,E1/18/1,leaf
53,29973,connected,,,compute-099,be-gpu4-port0,server,be-plane-a-leaf-13,E1/18/1,leaf
53,29974,connected,,,compute-099,be-gpu4-port1,server,be-plane-b-leaf-13,E1/18/1,leaf
53,29975,connected,,,compute-099,be-gpu5-port0,server,be-plane-a-leaf-14,E1/18/1,leaf
53,29976,connected,,,compute-099,be-gpu5-port1,server,be-plane-b-leaf-14,E1/18/1,leaf
53,29977,connected,,,compute-099,be-gpu6-port0,server,be-plane-a-leaf-15,E1/18/1,leaf
53,29978,connected,,,compute-099,be-gpu6-port1,server,be-plane-b-leaf-15,E1/18/1,leaf
53,29979,connected,,,compute-099,be-gpu7-port0,server,be-plane-a-leaf-16,E1/18/1,leaf
53,29980,connected,,,compute-099,be-gpu7-port1,server,be-plane-b-leaf-16,E1/18/1,leaf
53,29981,connected,,,compute-099,fe-p0,server,fe-leaf-01,E1/49/3,leaf
53,29982,connected,,,compute-099,fe-p1,server,fe-leaf-02,E1/49/3,leaf
53,29983,connected,,,compute-100,be-gpu0-port0,server,be-plane-a-leaf-09,E1/18/2,leaf
53,29984,connected,,,compute-100,be-gpu0-port1,server,be-plane-b-leaf-09,E1/18/2,leaf
53,29985,connected,,,compute-100,be-gpu1-port0,server,be-plane-a-leaf-10,E1/18/2,leaf
53,29986,connected,,,compute-100,be-gpu1-port1,server,be-plane-b-leaf-10,E1/18/2,leaf
53,29987,connected,,,compute-100,be-gpu2-port0,server,be-plane-a-leaf-11,E1/18/2,leaf
53,29988,connected,,,compute-100,be-gpu2-port1,server,be-plane-b-leaf-11,E1/18/2,leaf
53,29989,connected,,,compute-100,be-gpu3-port0,server,be-plane-a-leaf-12,E1/18/2,leaf
53,29990,connected,,,compute-100,be-gpu3-port1,server,be-plane-b-leaf-12,E1/18/2,leaf
53,29991,connected,,,compute-100,be-gpu4-port0,server,be-plane-a-leaf-13,E1/18/2,leaf
53,29992,connected,,,compute-100,be-gpu4-port1,server,be-plane-b-leaf-13,E1/18/2,leaf
53,29993,connected,,,compute-100,be-gpu5-port0,server,be-plane-a-leaf-14,E1/18/2,leaf
53,29994,connected,,,compute-100,be-gpu5-port1,server,be-plane-b-leaf-14,E1/18/2,leaf
53,29995,connected,,,compute-100,be-gpu6-port0,server,be-plane-a-leaf-15,E1/18/2,leaf
53,29996,connected,,,compute-100,be-gpu6-port1,server,be-plane-b-leaf-15,E1/18/2,leaf
53,29997,connected,,,compute-100,be-gpu7-port0,server,be-plane-a-leaf-16,E1/18/2,leaf
53,29998,connected,,,compute-100,be-gpu7-port1,server,be-plane-b-leaf-16,E1/18/2,leaf
53,29999,connected,,,compute-100,fe-p0,server,fe-leaf-01,E1/49/4,leaf
53,30000,connected,,,compute-100,fe-p1,server,fe-leaf-02,E1/49/4,leaf
53,30001,connected,,,compute-101,be-gpu0-port0,server,be-plane-a-leaf-09,E1/19/1,leaf
53,30002,connected,,,compute-101,be-gpu0-port1,server,be-plane-b-leaf-09,E1/19/1,leaf
53,30003,connected,,,compute-101,be-gpu1-port0,server,be-plane-a-leaf-10,E1/19/1,leaf
53,30004,connected,,,compute-101,be-gpu1-port1,server,be-plane-b-leaf-10,E1/19/1,leaf
53,30005,connected,,,compute-101,be-gpu2-port0,server,be-plane-a-leaf-11,E1/19/1,leaf
53,30006,connected,,,compute-101,be-gpu2-port1,server,be-plane-b-leaf-11,E1/19/1,leaf
53,30007,connected,,,compute-101,be-gpu3-port0,server,be-plane-a-leaf-12,E1/19/1,leaf
53,30008,connected,,,compute-101,be-gpu3-port1,server,be-plane-b-leaf-12,E1/19/1,leaf
53,30009,connected,,,compute-101,be-gpu4-port0,server,be-plane-a-leaf-13,E1/19/1,leaf
53,30010,connected,,,compute-101,be-gpu4-port1,server,be-plane-b-leaf-13,E1/19/1,leaf
53,30011,connected,,,compute-101,be-gpu5-port0,server,be-plane-a-leaf-14,E1/19/1,leaf
53,30012,connected,,,compute-101,be-gpu5-port1,server,be-plane-b-leaf-14,E1/19/1,leaf
53,30013,connected,,,compute-101,be-gpu6-port0,server,be-plane-a-leaf-15,E1/19/1,leaf
53,30014,connected,,,compute-101,be-gpu6-port1,server,be-plane-b-leaf-15,E1/19/1,leaf
53,30015,connected,,,compute-101,be-gpu7-port0,server,be-plane-a-leaf-16,E1/19/1,leaf
53,30016,connected,,,compute-101,be-gpu7-port1,server,be-plane-b-leaf-16,E1/19/1,leaf
53,30017,connected,,,compute-101,fe-p0,server,fe-leaf-01,E1/51/1,leaf
53,30018,connected,,,compute-101,fe-p1,server,fe-leaf-02,E1/51/1,leaf
53,30019,connected,,,compute-102,be-gpu0-port0,server,be-plane-a-leaf-09,E1/19/2,leaf
53,30020,connected,,,compute-102,be-gpu0-port1,server,be-plane-b-leaf-09,E1/19/2,leaf
53,30021,connected,,,compute-102,be-gpu1-port0,server,be-plane-a-leaf-10,E1/19/2,leaf
53,30022,connected,,,compute-102,be-gpu1-port1,server,be-plane-b-leaf-10,E1/19/2,leaf
53,30023,connected,,,compute-102,be-gpu2-port0,server,be-plane-a-leaf-11,E1/19/2,leaf
53,30024,connected,,,compute-102,be-gpu2-port1,server,be-plane-b-leaf-11,E1/19/2,leaf
53,30025,connected,,,compute-102,be-gpu3-port0,server,be-plane-a-leaf-12,E1/19/2,leaf
53,30026,connected,,,compute-102,be-gpu3-port1,server,be-plane-b-leaf-12,E1/19/2,leaf
53,30027,connected,,,compute-102,be-gpu4-port0,server,be-plane-a-leaf-13,E1/19/2,leaf
53,30028,connected,,,compute-102,be-gpu4-port1,server,be-plane-b-leaf-13,E1/19/2,leaf
53,30029,connected,,,compute-102,be-gpu5-port0,server,be-plane-a-leaf-14,E1/19/2,leaf
53,30030,connected,,,compute-102,be-gpu5-port1,server,be-plane-b-leaf-14,E1/19/2,leaf
53,30031,connected,,,compute-102,be-gpu6-port0,server,be-plane-a-leaf-15,E1/19/2,leaf
53,30032,connected,,,compute-102,be-gpu6-port1,server,be-plane-b-leaf-15,E1/19/2,leaf
53,30033,connected,,,compute-102,be-gpu7-port0,server,be-plane-a-leaf-16,E1/19/2,leaf
53,30034,connected,,,compute-102,be-gpu7-port1,server,be-plane-b-leaf-16,E1/19/2,leaf
53,30035,connected,,,compute-102,fe-p0,server,fe-leaf-01,E1/51/2,leaf
53,30036,connected,,,compute-102,fe-p1,server,fe-leaf-02,E1/51/2,leaf
53,30037,connected,,,compute-103,be-gpu0-port0,server,be-plane-a-leaf-09,E1/20/1,leaf
53,30038,connected,,,compute-103,be-gpu0-port1,server,be-plane-b-leaf-09,E1/20/1,leaf
53,30039,connected,,,compute-103,be-gpu1-port0,server,be-plane-a-leaf-10,E1/20/1,leaf
53,30040,connected,,,compute-103,be-gpu1-port1,server,be-plane-b-leaf-10,E1/20/1,leaf
53,30041,connected,,,compute-103,be-gpu2-port0,server,be-plane-a-leaf-11,E1/20/1,leaf
53,30042,connected,,,compute-103,be-gpu2-port1,server,be-plane-b-leaf-11,E1/20/1,leaf
53,30043,connected,,,compute-103,be-gpu3-port0,server,be-plane-a-leaf-12,E1/20/1,leaf
53,30044,connected,,,compute-103,be-gpu3-port1,server,be-plane-b-leaf-12,E1/20/1,leaf
53,30045,connected,,,compute-103,be-gpu4-port0,server,be-plane-a-leaf-13,E1/20/1,leaf
53,30046,connected,,,compute-103,be-gpu4-port1,server,be-plane-b-leaf-13,E1/20/1,leaf
53,30047,connected,,,compute-103,be-gpu5-port0,server,be-plane-a-leaf-14,E1/20/1,leaf
53,30048,connected,,,compute-103,be-gpu5-port1,server,be-plane-b-leaf-14,E1/20/1,leaf
53,30049,connected,,,compute-103,be-gpu6-port0,server,be-plane-a-leaf-15,E1/20/1,leaf
53,30050,connected,,,compute-103,be-gpu6-port1,server,be-plane-b-leaf-15,E1/20/1,leaf
53,30051,connected,,,compute-103,be-gpu7-port0,server,be-plane-a-leaf-16,E1/20/1,leaf
53,30052,connected,,,compute-103,be-gpu7-port1,server,be-plane-b-leaf-16,E1/20/1,leaf
53,30053,connected,,,compute-103,fe-p0,server,fe-leaf-01,E1/51/3,leaf
53,30054,connected,,,compute-103,fe-p1,server,fe-leaf-02,E1/51/3,leaf
53,30055,connected,,,compute-104,be-gpu0-port0,server,be-plane-a-leaf-09,E1/20/2,leaf
53,30056,connected,,,compute-104,be-gpu0-port1,server,be-plane-b-leaf-09,E1/20/2,leaf
53,30057,connected,,,compute-104,be-gpu1-port0,server,be-plane-a-leaf-10,E1/20/2,leaf
53,30058,connected,,,compute-104,be-gpu1-port1,server,be-plane-b-leaf-10,E1/20/2,leaf
53,30059,connected,,,compute-104,be-gpu2-port0,server,be-plane-a-leaf-11,E1/20/2,leaf
53,30060,connected,,,compute-104,be-gpu2-port1,server,be-plane-b-leaf-11,E1/20/2,leaf
53,30061,connected,,,compute-104,be-gpu3-port0,server,be-plane-a-leaf-12,E1/20/2,leaf
53,30062,connected,,,compute-104,be-gpu3-port1,server,be-plane-b-leaf-12,E1/20/2,leaf
53,30063,connected,,,compute-104,be-gpu4-port0,server,be-plane-a-leaf-13,E1/20/2,leaf
53,30064,connected,,,compute-104,be-gpu4-port1,server,be-plane-b-leaf-13,E1/20/2,leaf
53,30065,connected,,,compute-104,be-gpu5-port0,server,be-plane-a-leaf-14,E1/20/2,leaf
53,30066,connected,,,compute-104,be-gpu5-port1,server,be-plane-b-leaf-14,E1/20/2,leaf
53,30067,connected,,,compute-104,be-gpu6-port0,server,be-plane-a-leaf-15,E1/20/2,leaf
53,30068,connected,,,compute-104,be-gpu6-port1,server,be-plane-b-leaf-15,E1/20/2,leaf
53,30069,connected,,,compute-104,be-gpu7-port0,server,be-plane-a-leaf-16,E1/20/2,leaf
53,30070,connected,,,compute-104,be-gpu7-port1,server,be-plane-b-leaf-16,E1/20/2,leaf
53,30071,connected,,,compute-104,fe-p0,server,fe-leaf-01,E1/51/4,leaf
53,30072,connected,,,compute-104,fe-p1,server,fe-leaf-02,E1/51/4,leaf
53,30073,connected,,,compute-105,be-gpu0-port0,server,be-plane-a-leaf-09,E1/21/1,leaf
53,30074,connected,,,compute-105,be-gpu0-port1,server,be-plane-b-leaf-09,E1/21/1,leaf
53,30075,connected,,,compute-105,be-gpu1-port0,server,be-plane-a-leaf-10,E1/21/1,leaf
53,30076,connected,,,compute-105,be-gpu1-port1,server,be-plane-b-leaf-10,E1/21/1,leaf
53,30077,connected,,,compute-105,be-gpu2-port0,server,be-plane-a-leaf-11,E1/21/1,leaf
53,30078,connected,,,compute-105,be-gpu2-port1,server,be-plane-b-leaf-11,E1/21/1,leaf
53,30079,connected,,,compute-105,be-gpu3-port0,server,be-plane-a-leaf-12,E1/21/1,leaf
53,30080,connected,,,compute-105,be-gpu3-port1,server,be-plane-b-leaf-12,E1/21/1,leaf
53,30081,connected,,,compute-105,be-gpu4-port0,server,be-plane-a-leaf-13,E1/21/1,leaf
53,30082,connected,,,compute-105,be-gpu4-port1,server,be-plane-b-leaf-13,E1/21/1,leaf
53,30083,connected,,,compute-105,be-gpu5-port0,server,be-plane-a-leaf-14,E1/21/1,leaf
53,30084,connected,,,compute-105,be-gpu5-port1,server,be-plane-b-leaf-14,E1/21/1,leaf
53,30085,connected,,,compute-105,be-gpu6-port0,server,be-plane-a-leaf-15,E1/21/1,leaf
53,30086,connected,,,compute-105,be-gpu6-port1,server,be-plane-b-leaf-15,E1/21/1,leaf
53,30087,connected,,,compute-105,be-gpu7-port0,server,be-plane-a-leaf-16,E1/21/1,leaf
53,30088,connected,,,compute-105,be-gpu7-port1,server,be-plane-b-leaf-16,E1/21/1,leaf
53,30089,connected,,,compute-105,fe-p0,server,fe-leaf-01,E1/53/1,leaf
53,30090,connected,,,compute-105,fe-p1,server,fe-leaf-02,E1/53/1,leaf
53,30091,connected,,,compute-106,be-gpu0-port0,server,be-plane-a-leaf-09,E1/21/2,leaf
53,30092,connected,,,compute-106,be-gpu0-port1,server,be-plane-b-leaf-09,E1/21/2,leaf
53,30093,connected,,,compute-106,be-gpu1-port0,server,be-plane-a-leaf-10,E1/21/2,leaf
53,30094,connected,,,compute-106,be-gpu1-port1,server,be-plane-b-leaf-10,E1/21/2,leaf
53,30095,connected,,,compute-106,be-gpu2-port0,server,be-plane-a-leaf-11,E1/21/2,leaf
53,30096,connected,,,compute-106,be-gpu2-port1,server,be-plane-b-leaf-11,E1/21/2,leaf
53,30097,connected,,,compute-106,be-gpu3-port0,server,be-plane-a-leaf-12,E1/21/2,leaf
53,30098,connected,,,compute-106,be-gpu3-port1,server,be-plane-b-leaf-12,E1/21/2,leaf
53,30099,connected,,,compute-106,be-gpu4-port0,server,be-plane-a-leaf-13,E1/21/2,leaf
53,30100,connected,,,compute-106,be-gpu4-port1,server,be-plane-b-leaf-13,E1/21/2,leaf
53,30101,connected,,,compute-106,be-gpu5-port0,server,be-plane-a-leaf-14,E1/21/2,leaf
53,30102,connected,,,compute-106,be-gpu5-port1,server,be-plane-b-leaf-14,E1/21/2,leaf
53,30103,connected,,,compute-106,be-gpu6-port0,server,be-plane-a-leaf-15,E1/21/2,leaf
53,30104,connected,,,compute-106,be-gpu6-port1,server,be-plane-b-leaf-15,E1/21/2,leaf
53,30105,connected,,,compute-106,be-gpu7-port0,server,be-plane-a-leaf-16,E1/21/2,leaf
53,30106,connected,,,compute-106,be-gpu7-port1,server,be-plane-b-leaf-16,E1/21/2,leaf
53,30107,connected,,,compute-106,fe-p0,server,fe-leaf-01,E1/53/2,leaf
53,30108,connected,,,compute-106,fe-p1,server,fe-leaf-02,E1/53/2,leaf
53,30109,connected,,,compute-107,be-gpu0-port0,server,be-plane-a-leaf-09,E1/22/1,leaf
53,30110,connected,,,compute-107,be-gpu0-port1,server,be-plane-b-leaf-09,E1/22/1,leaf
53,30111,connected,,,compute-107,be-gpu1-port0,server,be-plane-a-leaf-10,E1/22/1,leaf
53,30112,connected,,,compute-107,be-gpu1-port1,server,be-plane-b-leaf-10,E1/22/1,leaf
53,30113,connected,,,compute-107,be-gpu2-port0,server,be-plane-a-leaf-11,E1/22/1,leaf
53,30114,connected,,,compute-107,be-gpu2-port1,server,be-plane-b-leaf-11,E1/22/1,leaf
53,30115,connected,,,compute-107,be-gpu3-port0,server,be-plane-a-leaf-12,E1/22/1,leaf
53,30116,connected,,,compute-107,be-gpu3-port1,server,be-plane-b-leaf-12,E1/22/1,leaf
53,30117,connected,,,compute-107,be-gpu4-port0,server,be-plane-a-leaf-13,E1/22/1,leaf
53,30118,connected,,,compute-107,be-gpu4-port1,server,be-plane-b-leaf-13,E1/22/1,leaf
53,30119,connected,,,compute-107,be-gpu5-port0,server,be-plane-a-leaf-14,E1/22/1,leaf
53,30120,connected,,,compute-107,be-gpu5-port1,server,be-plane-b-leaf-14,E1/22/1,leaf
53,30121,connected,,,compute-107,be-gpu6-port0,server,be-plane-a-leaf-15,E1/22/1,leaf
53,30122,connected,,,compute-107,be-gpu6-port1,server,be-plane-b-leaf-15,E1/22/1,leaf
53,30123,connected,,,compute-107,be-gpu7-port0,server,be-plane-a-leaf-16,E1/22/1,leaf
53,30124,connected,,,compute-107,be-gpu7-port1,server,be-plane-b-leaf-16,E1/22/1,leaf
53,30125,connected,,,compute-107,fe-p0,server,fe-leaf-01,E1/53/3,leaf
53,30126,connected,,,compute-107,fe-p1,server,fe-leaf-02,E1/53/3,leaf
53,30127,connected,,,compute-108,be-gpu0-port0,server,be-plane-a-leaf-09,E1/22/2,leaf
53,30128,connected,,,compute-108,be-gpu0-port1,server,be-plane-b-leaf-09,E1/22/2,leaf
53,30129,connected,,,compute-108,be-gpu1-port0,server,be-plane-a-leaf-10,E1/22/2,leaf
53,30130,connected,,,compute-108,be-gpu1-port1,server,be-plane-b-leaf-10,E1/22/2,leaf
53,30131,connected,,,compute-108,be-gpu2-port0,server,be-plane-a-leaf-11,E1/22/2,leaf
53,30132,connected,,,compute-108,be-gpu2-port1,server,be-plane-b-leaf-11,E1/22/2,leaf
53,30133,connected,,,compute-108,be-gpu3-port0,server,be-plane-a-leaf-12,E1/22/2,leaf
53,30134,connected,,,compute-108,be-gpu3-port1,server,be-plane-b-leaf-12,E1/22/2,leaf
53,30135,connected,,,compute-108,be-gpu4-port0,server,be-plane-a-leaf-13,E1/22/2,leaf
53,30136,connected,,,compute-108,be-gpu4-port1,server,be-plane-b-leaf-13,E1/22/2,leaf
53,30137,connected,,,compute-108,be-gpu5-port0,server,be-plane-a-leaf-14,E1/22/2,leaf
53,30138,connected,,,compute-108,be-gpu5-port1,server,be-plane-b-leaf-14,E1/22/2,leaf
53,30139,connected,,,compute-108,be-gpu6-port0,server,be-plane-a-leaf-15,E1/22/2,leaf
53,30140,connected,,,compute-108,be-gpu6-port1,server,be-plane-b-leaf-15,E1/22/2,leaf
53,30141,connected,,,compute-108,be-gpu7-port0,server,be-plane-a-leaf-16,E1/22/2,leaf
53,30142,connected,,,compute-108,be-gpu7-port1,server,be-plane-b-leaf-16,E1/22/2,leaf
53,30143,connected,,,compute-108,fe-p0,server,fe-leaf-01,E1/53/4,leaf
53,30144,connected,,,compute-108,fe-p1,server,fe-leaf-02,E1/53/4,leaf
53,30145,connected,,,compute-109,be-gpu0-port0,server,be-plane-a-leaf-09,E1/23/1,leaf
53,30146,connected,,,compute-109,be-gpu0-port1,server,be-plane-b-leaf-09,E1/23/1,leaf
53,30147,connected,,,compute-109,be-gpu1-port0,server,be-plane-a-leaf-10,E1/23/1,leaf
53,30148,connected,,,compute-109,be-gpu1-port1,server,be-plane-b-leaf-10,E1/23/1,leaf
53,30149,connected,,,compute-109,be-gpu2-port0,server,be-plane-a-leaf-11,E1/23/1,leaf
53,30150,connected,,,compute-109,be-gpu2-port1,server,be-plane-b-leaf-11,E1/23/1,leaf
53,30151,connected,,,compute-109,be-gpu3-port0,server,be-plane-a-leaf-12,E1/23/1,leaf
53,30152,connected,,,compute-109,be-gpu3-port1,server,be-plane-b-leaf-12,E1/23/1,leaf
53,30153,connected,,,compute-109,be-gpu4-port0,server,be-plane-a-leaf-13,E1/23/1,leaf
53,30154,connected,,,compute-109,be-gpu4-port1,server,be-plane-b-leaf-13,E1/23/1,leaf
53,30155,connected,,,compute-109,be-gpu5-port0,server,be-plane-a-leaf-14,E1/23/1,leaf
53,30156,connected,,,compute-109,be-gpu5-port1,server,be-plane-b-leaf-14,E1/23/1,leaf
53,30157,connected,,,compute-109,be-gpu6-port0,server,be-plane-a-leaf-15,E1/23/1,leaf
53,30158,connected,,,compute-109,be-gpu6-port1,server,be-plane-b-leaf-15,E1/23/1,leaf
53,30159,connected,,,compute-109,be-gpu7-port0,server,be-plane-a-leaf-16,E1/23/1,leaf
53,30160,connected,,,compute-109,be-gpu7-port1,server,be-plane-b-leaf-16,E1/23/1,leaf
53,30161,connected,,,compute-109,fe-p0,server,fe-leaf-01,E1/55/1,leaf
53,30162,connected,,,compute-109,fe-p1,server,fe-leaf-02,E1/55/1,leaf
53,30163,connected,,,compute-110,be-gpu0-port0,server,be-plane-a-leaf-09,E1/23/2,leaf
53,30164,connected,,,compute-110,be-gpu0-port1,server,be-plane-b-leaf-09,E1/23/2,leaf
53,30165,connected,,,compute-110,be-gpu1-port0,server,be-plane-a-leaf-10,E1/23/2,leaf
53,30166,connected,,,compute-110,be-gpu1-port1,server,be-plane-b-leaf-10,E1/23/2,leaf
53,30167,connected,,,compute-110,be-gpu2-port0,server,be-plane-a-leaf-11,E1/23/2,leaf
53,30168,connected,,,compute-110,be-gpu2-port1,server,be-plane-b-leaf-11,E1/23/2,leaf
53,30169,connected,,,compute-110,be-gpu3-port0,server,be-plane-a-leaf-12,E1/23/2,leaf
53,30170,connected,,,compute-110,be-gpu3-port1,server,be-plane-b-leaf-12,E1/23/2,leaf
53,30171,connected,,,compute-110,be-gpu4-port0,server,be-plane-a-leaf-13,E1/23/2,leaf
53,30172,connected,,,compute-110,be-gpu4-port1,server,be-plane-b-leaf-13,E1/23/2,leaf
53,30173,connected,,,compute-110,be-gpu5-port0,server,be-plane-a-leaf-14,E1/23/2,leaf
53,30174,connected,,,compute-110,be-gpu5-port1,server,be-plane-b-leaf-14,E1/23/2,leaf
53,30175,connected,,,compute-110,be-gpu6-port0,server,be-plane-a-leaf-15,E1/23/2,leaf
53,30176,connected,,,compute-110,be-gpu6-port1,server,be-plane-b-leaf-15,E1/23/2,leaf
53,30177,connected,,,compute-110,be-gpu7-port0,server,be-plane-a-leaf-16,E1/23/2,leaf
53,30178,connected,,,compute-110,be-gpu7-port1,server,be-plane-b-leaf-16,E1/23/2,leaf
53,30179,connected,,,compute-110,fe-p0,server,fe-leaf-01,E1/55/2,leaf
53,30180,connected,,,compute-110,fe-p1,server,fe-leaf-02,E1/55/2,leaf
53,30181,connected,,,compute-111,be-gpu0-port0,server,be-plane-a-leaf-09,E1/24/1,leaf
53,30182,connected,,,compute-111,be-gpu0-port1,server,be-plane-b-leaf-09,E1/24/1,leaf
53,30183,connected,,,compute-111,be-gpu1-port0,server,be-plane-a-leaf-10,E1/24/1,leaf
53,30184,connected,,,compute-111,be-gpu1-port1,server,be-plane-b-leaf-10,E1/24/1,leaf
53,30185,connected,,,compute-111,be-gpu2-port0,server,be-plane-a-leaf-11,E1/24/1,leaf
53,30186,connected,,,compute-111,be-gpu2-port1,server,be-plane-b-leaf-11,E1/24/1,leaf
53,30187,connected,,,compute-111,be-gpu3-port0,server,be-plane-a-leaf-12,E1/24/1,leaf
53,30188,connected,,,compute-111,be-gpu3-port1,server,be-plane-b-leaf-12,E1/24/1,leaf
53,30189,connected,,,compute-111,be-gpu4-port0,server,be-plane-a-leaf-13,E1/24/1,leaf
53,30190,connected,,,compute-111,be-gpu4-port1,server,be-plane-b-leaf-13,E1/24/1,leaf
53,30191,connected,,,compute-111,be-gpu5-port0,server,be-plane-a-leaf-14,E1/24/1,leaf
53,30192,connected,,,compute-111,be-gpu5-port1,server,be-plane-b-leaf-14,E1/24/1,leaf
53,30193,connected,,,compute-111,be-gpu6-port0,server,be-plane-a-leaf-15,E1/24/1,leaf
53,30194,connected,,,compute-111,be-gpu6-port1,server,be-plane-b-leaf-15,E1/24/1,leaf
53,30195,connected,,,compute-111,be-gpu7-port0,server,be-plane-a-leaf-16,E1/24/1,leaf
53,30196,connected,,,compute-111,be-gpu7-port1,server,be-plane-b-leaf-16,E1/24/1,leaf
53,30197,connected,,,compute-111,fe-p0,server,fe-leaf-01,E1/55/3,leaf
53,30198,connected,,,compute-111,fe-p1,server,fe-leaf-02,E1/55/3,leaf
53,30199,connected,,,compute-112,be-gpu0-port0,server,be-plane-a-leaf-09,E1/24/2,leaf
53,30200,connected,,,compute-112,be-gpu0-port1,server,be-plane-b-leaf-09,E1/24/2,leaf
53,30201,connected,,,compute-112,be-gpu1-port0,server,be-plane-a-leaf-10,E1/24/2,leaf
53,30202,connected,,,compute-112,be-gpu1-port1,server,be-plane-b-leaf-10,E1/24/2,leaf
53,30203,connected,,,compute-112,be-gpu2-port0,server,be-plane-a-leaf-11,E1/24/2,leaf
53,30204,connected,,,compute-112,be-gpu2-port1,server,be-plane-b-leaf-11,E1/24/2,leaf
53,30205,connected,,,compute-112,be-gpu3-port0,server,be-plane-a-leaf-12,E1/24/2,leaf
53,30206,connected,,,compute-112,be-gpu3-port1,server,be-plane-b-leaf-12,E1/24/2,leaf
53,30207,connected,,,compute-112,be-gpu4-port0,server,be-plane-a-leaf-13,E1/24/2,leaf
53,30208,connected,,,compute-112,be-gpu4-port1,server,be-plane-b-leaf-13,E1/24/2,leaf
53,30209,connected,,,compute-112,be-gpu5-port0,server,be-plane-a-leaf-14,E1/24/2,leaf
53,30210,connected,,,compute-112,be-gpu5-port1,server,be-plane-b-leaf-14,E1/24/2,leaf
53,30211,connected,,,compute-112,be-gpu6-port0,server,be-plane-a-leaf-15,E1/24/2,leaf
53,30212,connected,,,compute-112,be-gpu6-port1,server,be-plane-b-leaf-15,E1/24/2,leaf
53,30213,connected,,,compute-112,be-gpu7-port0,server,be-plane-a-leaf-16,E1/24/2,leaf
53,30214,connected,,,compute-112,be-gpu7-port1,server,be-plane-b-leaf-16,E1/24/2,leaf
53,30215,connected,,,compute-112,fe-p0,server,fe-leaf-01,E1/55/4,leaf
53,30216,connected,,,compute-112,fe-p1,server,fe-leaf-02,E1/55/4,leaf
53,30217,connected,,,compute-113,be-gpu0-port0,server,be-plane-a-leaf-09,E1/25/1,leaf
53,30218,connected,,,compute-113,be-gpu0-port1,server,be-plane-b-leaf-09,E1/25/1,leaf
53,30219,connected,,,compute-113,be-gpu1-port0,server,be-plane-a-leaf-10,E1/25/1,leaf
53,30220,connected,,,compute-113,be-gpu1-port1,server,be-plane-b-leaf-10,E1/25/1,leaf
53,30221,connected,,,compute-113,be-gpu2-port0,server,be-plane-a-leaf-11,E1/25/1,leaf
53,30222,connected,,,compute-113,be-gpu2-port1,server,be-plane-b-leaf-11,E1/25/1,leaf
53,30223,connected,,,compute-113,be-gpu3-port0,server,be-plane-a-leaf-12,E1/25/1,leaf
53,30224,connected,,,compute-113,be-gpu3-port1,server,be-plane-b-leaf-12,E1/25/1,leaf
53,30225,connected,,,compute-113,be-gpu4-port0,server,be-plane-a-leaf-13,E1/25/1,leaf
53,30226,connected,,,compute-113,be-gpu4-port1,server,be-plane-b-leaf-13,E1/25/1,leaf
53,30227,connected,,,compute-113,be-gpu5-port0,server,be-plane-a-leaf-14,E1/25/1,leaf
53,30228,connected,,,compute-113,be-gpu5-port1,server,be-plane-b-leaf-14,E1/25/1,leaf
53,30229,connected,,,compute-113,be-gpu6-port0,server,be-plane-a-leaf-15,E1/25/1,leaf
53,30230,connected,,,compute-113,be-gpu6-port1,server,be-plane-b-leaf-15,E1/25/1,leaf
53,30231,connected,,,compute-113,be-gpu7-port0,server,be-plane-a-leaf-16,E1/25/1,leaf
53,30232,connected,,,compute-113,be-gpu7-port1,server,be-plane-b-leaf-16,E1/25/1,leaf
53,30233,connected,,,compute-113,fe-p0,server,fe-leaf-01,E1/57/1,leaf
53,30234,connected,,,compute-113,fe-p1,server,fe-leaf-02,E1/57/1,leaf
53,30235,connected,,,compute-114,be-gpu0-port0,server,be-plane-a-leaf-09,E1/25/2,leaf
53,30236,connected,,,compute-114,be-gpu0-port1,server,be-plane-b-leaf-09,E1/25/2,leaf
53,30237,connected,,,compute-114,be-gpu1-port0,server,be-plane-a-leaf-10,E1/25/2,leaf
53,30238,connected,,,compute-114,be-gpu1-port1,server,be-plane-b-leaf-10,E1/25/2,leaf
53,30239,connected,,,compute-114,be-gpu2-port0,server,be-plane-a-leaf-11,E1/25/2,leaf
53,30240,connected,,,compute-114,be-gpu2-port1,server,be-plane-b-leaf-11,E1/25/2,leaf
53,30241,connected,,,compute-114,be-gpu3-port0,server,be-plane-a-leaf-12,E1/25/2,leaf
53,30242,connected,,,compute-114,be-gpu3-port1,server,be-plane-b-leaf-12,E1/25/2,leaf
53,30243,connected,,,compute-114,be-gpu4-port0,server,be-plane-a-leaf-13,E1/25/2,leaf
53,30244,connected,,,compute-114,be-gpu4-port1,server,be-plane-b-leaf-13,E1/25/2,leaf
53,30245,connected,,,compute-114,be-gpu5-port0,server,be-plane-a-leaf-14,E1/25/2,leaf
53,30246,connected,,,compute-114,be-gpu5-port1,server,be-plane-b-leaf-14,E1/25/2,leaf
53,30247,connected,,,compute-114,be-gpu6-port0,server,be-plane-a-leaf-15,E1/25/2,leaf
53,30248,connected,,,compute-114,be-gpu6-port1,server,be-plane-b-leaf-15,E1/25/2,leaf
53,30249,connected,,,compute-114,be-gpu7-port0,server,be-plane-a-leaf-16,E1/25/2,leaf
53,30250,connected,,,compute-114,be-gpu7-port1,server,be-plane-b-leaf-16,E1/25/2,leaf
53,30251,connected,,,compute-114,fe-p0,server,fe-leaf-01,E1/57/2,leaf
53,30252,connected,,,compute-114,fe-p1,server,fe-leaf-02,E1/57/2,leaf
53,30253,connected,,,compute-115,be-gpu0-port0,server,be-plane-a-leaf-09,E1/26/1,leaf
53,30254,connected,,,compute-115,be-gpu0-port1,server,be-plane-b-leaf-09,E1/26/1,leaf
53,30255,connected,,,compute-115,be-gpu1-port0,server,be-plane-a-leaf-10,E1/26/1,leaf
53,30256,connected,,,compute-115,be-gpu1-port1,server,be-plane-b-leaf-10,E1/26/1,leaf
53,30257,connected,,,compute-115,be-gpu2-port0,server,be-plane-a-leaf-11,E1/26/1,leaf
53,30258,connected,,,compute-115,be-gpu2-port1,server,be-plane-b-leaf-11,E1/26/1,leaf
53,30259,connected,,,compute-115,be-gpu3-port0,server,be-plane-a-leaf-12,E1/26/1,leaf
53,30260,connected,,,compute-115,be-gpu3-port1,server,be-plane-b-leaf-12,E1/26/1,leaf
53,30261,connected,,,compute-115,be-gpu4-port0,server,be-plane-a-leaf-13,E1/26/1,leaf
53,30262,connected,,,compute-115,be-gpu4-port1,server,be-plane-b-leaf-13,E1/26/1,leaf
53,30263,connected,,,compute-115,be-gpu5-port0,server,be-plane-a-leaf-14,E1/26/1,leaf
53,30264,connected,,,compute-115,be-gpu5-port1,server,be-plane-b-leaf-14,E1/26/1,leaf
53,30265,connected,,,compute-115,be-gpu6-port0,server,be-plane-a-leaf-15,E1/26/1,leaf
53,30266,connected,,,compute-115,be-gpu6-port1,server,be-plane-b-leaf-15,E1/26/1,leaf
53,30267,connected,,,compute-115,be-gpu7-port0,server,be-plane-a-leaf-16,E1/26/1,leaf
53,30268,connected,,,compute-115,be-gpu7-port1,server,be-plane-b-leaf-16,E1/26/1,leaf
53,30269,connected,,,compute-115,fe-p0,server,fe-leaf-01,E1/57/3,leaf
53,30270,connected,,,compute-115,fe-p1,server,fe-leaf-02,E1/57/3,leaf
53,30271,connected,,,compute-116,be-gpu0-port0,server,be-plane-a-leaf-09,E1/26/2,leaf
53,30272,connected,,,compute-116,be-gpu0-port1,server,be-plane-b-leaf-09,E1/26/2,leaf
53,30273,connected,,,compute-116,be-gpu1-port0,server,be-plane-a-leaf-10,E1/26/2,leaf
53,30274,connected,,,compute-116,be-gpu1-port1,server,be-plane-b-leaf-10,E1/26/2,leaf
53,30275,connected,,,compute-116,be-gpu2-port0,server,be-plane-a-leaf-11,E1/26/2,leaf
53,30276,connected,,,compute-116,be-gpu2-port1,server,be-plane-b-leaf-11,E1/26/2,leaf
53,30277,connected,,,compute-116,be-gpu3-port0,server,be-plane-a-leaf-12,E1/26/2,leaf
53,30278,connected,,,compute-116,be-gpu3-port1,server,be-plane-b-leaf-12,E1/26/2,leaf
53,30279,connected,,,compute-116,be-gpu4-port0,server,be-plane-a-leaf-13,E1/26/2,leaf
53,30280,connected,,,compute-116,be-gpu4-port1,server,be-plane-b-leaf-13,E1/26/2,leaf
53,30281,connected,,,compute-116,be-gpu5-port0,server,be-plane-a-leaf-14,E1/26/2,leaf
53,30282,connected,,,compute-116,be-gpu5-port1,server,be-plane-b-leaf-14,E1/26/2,leaf
53,30283,connected,,,compute-116,be-gpu6-port0,server,be-plane-a-leaf-15,E1/26/2,leaf
53,30284,connected,,,compute-116,be-gpu6-port1,server,be-plane-b-leaf-15,E1/26/2,leaf
53,30285,connected,,,compute-116,be-gpu7-port0,server,be-plane-a-leaf-16,E1/26/2,leaf
53,30286,connected,,,compute-116,be-gpu7-port1,server,be-plane-b-leaf-16,E1/26/2,leaf
53,30287,connected,,,compute-116,fe-p0,server,fe-leaf-01,E1/57/4,leaf
53,30288,connected,,,compute-116,fe-p1,server,fe-leaf-02,E1/57/4,leaf
53,30289,connected,,,compute-117,be-gpu0-port0,server,be-plane-a-leaf-09,E1/27/1,leaf
53,30290,connected,,,compute-117,be-gpu0-port1,server,be-plane-b-leaf-09,E1/27/1,leaf
53,30291,connected,,,compute-117,be-gpu1-port0,server,be-plane-a-leaf-10,E1/27/1,leaf
53,30292,connected,,,compute-117,be-gpu1-port1,server,be-plane-b-leaf-10,E1/27/1,leaf
53,30293,connected,,,compute-117,be-gpu2-port0,server,be-plane-a-leaf-11,E1/27/1,leaf
53,30294,connected,,,compute-117,be-gpu2-port1,server,be-plane-b-leaf-11,E1/27/1,leaf
53,30295,connected,,,compute-117,be-gpu3-port0,server,be-plane-a-leaf-12,E1/27/1,leaf
53,30296,connected,,,compute-117,be-gpu3-port1,server,be-plane-b-leaf-12,E1/27/1,leaf
53,30297,connected,,,compute-117,be-gpu4-port0,server,be-plane-a-leaf-13,E1/27/1,leaf
53,30298,connected,,,compute-117,be-gpu4-port1,server,be-plane-b-leaf-13,E1/27/1,leaf
53,30299,connected,,,compute-117,be-gpu5-port0,server,be-plane-a-leaf-14,E1/27/1,leaf
53,30300,connected,,,compute-117,be-gpu5-port1,server,be-plane-b-leaf-14,E1/27/1,leaf
53,30301,connected,,,compute-117,be-gpu6-port0,server,be-plane-a-leaf-15,E1/27/1,leaf
53,30302,connected,,,compute-117,be-gpu6-port1,server,be-plane-b-leaf-15,E1/27/1,leaf
53,30303,connected,,,compute-117,be-gpu7-port0,server,be-plane-a-leaf-16,E1/27/1,leaf
53,30304,connected,,,compute-117,be-gpu7-port1,server,be-plane-b-leaf-16,E1/27/1,leaf
53,30305,connected,,,compute-117,fe-p0,server,fe-leaf-01,E1/59/1,leaf
53,30306,connected,,,compute-117,fe-p1,server,fe-leaf-02,E1/59/1,leaf
53,30307,connected,,,compute-118,be-gpu0-port0,server,be-plane-a-leaf-09,E1/27/2,leaf
53,30308,connected,,,compute-118,be-gpu0-port1,server,be-plane-b-leaf-09,E1/27/2,leaf
53,30309,connected,,,compute-118,be-gpu1-port0,server,be-plane-a-leaf-10,E1/27/2,leaf
53,30310,connected,,,compute-118,be-gpu1-port1,server,be-plane-b-leaf-10,E1/27/2,leaf
53,30311,connected,,,compute-118,be-gpu2-port0,server,be-plane-a-leaf-11,E1/27/2,leaf
53,30312,connected,,,compute-118,be-gpu2-port1,server,be-plane-b-leaf-11,E1/27/2,leaf
53,30313,connected,,,compute-118,be-gpu3-port0,server,be-plane-a-leaf-12,E1/27/2,leaf
53,30314,connected,,,compute-118,be-gpu3-port1,server,be-plane-b-leaf-12,E1/27/2,leaf
53,30315,connected,,,compute-118,be-gpu4-port0,server,be-plane-a-leaf-13,E1/27/2,leaf
53,30316,connected,,,compute-118,be-gpu4-port1,server,be-plane-b-leaf-13,E1/27/2,leaf
53,30317,connected,,,compute-118,be-gpu5-port0,server,be-plane-a-leaf-14,E1/27/2,leaf
53,30318,connected,,,compute-118,be-gpu5-port1,server,be-plane-b-leaf-14,E1/27/2,leaf
53,30319,connected,,,compute-118,be-gpu6-port0,server,be-plane-a-leaf-15,E1/27/2,leaf
53,30320,connected,,,compute-118,be-gpu6-port1,server,be-plane-b-leaf-15,E1/27/2,leaf
53,30321,connected,,,compute-118,be-gpu7-port0,server,be-plane-a-leaf-16,E1/27/2,leaf
53,30322,connected,,,compute-118,be-gpu7-port1,server,be-plane-b-leaf-16,E1/27/2,leaf
53,30323,connected,,,compute-118,fe-p0,server,fe-leaf-01,E1/59/2,leaf
53,30324,connected,,,compute-118,fe-p1,server,fe-leaf-02,E1/59/2,leaf
53,30325,connected,,,compute-119,be-gpu0-port0,server,be-plane-a-leaf-09,E1/28/1,leaf
53,30326,connected,,,compute-119,be-gpu0-port1,server,be-plane-b-leaf-09,E1/28/1,leaf
53,30327,connected,,,compute-119,be-gpu1-port0,server,be-plane-a-leaf-10,E1/28/1,leaf
53,30328,connected,,,compute-119,be-gpu1-port1,server,be-plane-b-leaf-10,E1/28/1,leaf
53,30329,connected,,,compute-119,be-gpu2-port0,server,be-plane-a-leaf-11,E1/28/1,leaf
53,30330,connected,,,compute-119,be-gpu2-port1,server,be-plane-b-leaf-11,E1/28/1,leaf
53,30331,connected,,,compute-119,be-gpu3-port0,server,be-plane-a-leaf-12,E1/28/1,leaf
53,30332,connected,,,compute-119,be-gpu3-port1,server,be-plane-b-leaf-12,E1/28/1,leaf
53,30333,connected,,,compute-119,be-gpu4-port0,server,be-plane-a-leaf-13,E1/28/1,leaf
53,30334,connected,,,compute-119,be-gpu4-port1,server,be-plane-b-leaf-13,E1/28/1,leaf
53,30335,connected,,,compute-119,be-gpu5-port0,server,be-plane-a-leaf-14,E1/28/1,leaf
53,30336,connected,,,compute-119,be-gpu5-port1,server,be-plane-b-leaf-14,E1/28/1,leaf
53,30337,connected,,,compute-119,be-gpu6-port0,server,be-plane-a-leaf-15,E1/28/1,leaf
53,30338,connected,,,compute-119,be-gpu6-port1,server,be-plane-b-leaf-15,E1/28/1,leaf
53,30339,connected,,,compute-119,be-gpu7-port0,server,be-plane-a-leaf-16,E1/28/1,leaf
53,30340,connected,,,compute-119,be-gpu7-port1,server,be-plane-b-leaf-16,E1/28/1,leaf
53,30341,connected,,,compute-119,fe-p0,server,fe-leaf-01,E1/59/3,leaf
53,30342,connected,,,compute-119,fe-p1,server,fe-leaf-02,E1/59/3,leaf
53,30343,connected,,,compute-120,be-gpu0-port0,server,be-plane-a-leaf-09,E1/28/2,leaf
53,30344,connected,,,compute-120,be-gpu0-port1,server,be-plane-b-leaf-09,E1/28/2,leaf
53,30345,connected,,,compute-120,be-gpu1-port0,server,be-plane-a-leaf-10,E1/28/2,leaf
53,30346,connected,,,compute-120,be-gpu1-port1,server,be-plane-b-leaf-10,E1/28/2,leaf
53,30347,connected,,,compute-120,be-gpu2-port0,server,be-plane-a-leaf-11,E1/28/2,leaf
53,30348,connected,,,compute-120,be-gpu2-port1,server,be-plane-b-leaf-11,E1/28/2,leaf
53,30349,connected,,,compute-120,be-gpu3-port0,server,be-plane-a-leaf-12,E1/28/2,leaf
53,30350,connected,,,compute-120,be-gpu3-port1,server,be-plane-b-leaf-12,E1/28/2,leaf
53,30351,connected,,,compute-120,be-gpu4-port0,server,be-plane-a-leaf-13,E1/28/2,leaf
53,30352,connected,,,compute-120,be-gpu4-port1,server,be-plane-b-leaf-13,E1/28/2,leaf
53,30353,connected,,,compute-120,be-gpu5-port0,server,be-plane-a-leaf-14,E1/28/2,leaf
53,30354,connected,,,compute-120,be-gpu5-port1,server,be-plane-b-leaf-14,E1/28/2,leaf
53,30355,connected,,,compute-120,be-gpu6-port0,server,be-plane-a-leaf-15,E1/28/2,leaf
53,30356,connected,,,compute-120,be-gpu6-port1,server,be-plane-b-leaf-15,E1/28/2,leaf
53,30357,connected,,,compute-120,be-gpu7-port0,server,be-plane-a-leaf-16,E1/28/2,leaf
53,30358,connected,,,compute-120,be-gpu7-port1,server,be-plane-b-leaf-16,E1/28/2,leaf
53,30359,connected,,,compute-120,fe-p0,server,fe-leaf-01,E1/59/4,leaf
53,30360,connected,,,compute-120,fe-p1,server,fe-leaf-02,E1/59/4,leaf
53,30361,connected,,,compute-121,be-gpu0-port0,server,be-plane-a-leaf-09,E1/29/1,leaf
53,30362,connected,,,compute-121,be-gpu0-port1,server,be-plane-b-leaf-09,E1/29/1,leaf
53,30363,connected,,,compute-121,be-gpu1-port0,server,be-plane-a-leaf-10,E1/29/1,leaf
53,30364,connected,,,compute-121,be-gpu1-port1,server,be-plane-b-leaf-10,E1/29/1,leaf
53,30365,connected,,,compute-121,be-gpu2-port0,server,be-plane-a-leaf-11,E1/29/1,leaf
53,30366,connected,,,compute-121,be-gpu2-port1,server,be-plane-b-leaf-11,E1/29/1,leaf
53,30367,connected,,,compute-121,be-gpu3-port0,server,be-plane-a-leaf-12,E1/29/1,leaf
53,30368,connected,,,compute-121,be-gpu3-port1,server,be-plane-b-leaf-12,E1/29/1,leaf
53,30369,connected,,,compute-121,be-gpu4-port0,server,be-plane-a-leaf-13,E1/29/1,leaf
53,30370,connected,,,compute-121,be-gpu4-port1,server,be-plane-b-leaf-13,E1/29/1,leaf
53,30371,connected,,,compute-121,be-gpu5-port0,server,be-plane-a-leaf-14,E1/29/1,leaf
53,30372,connected,,,compute-121,be-gpu5-port1,server,be-plane-b-leaf-14,E1/29/1,leaf
53,30373,connected,,,compute-121,be-gpu6-port0,server,be-plane-a-leaf-15,E1/29/1,leaf
53,30374,connected,,,compute-121,be-gpu6-port1,server,be-plane-b-leaf-15,E1/29/1,leaf
53,30375,connected,,,compute-121,be-gpu7-port0,server,be-plane-a-leaf-16,E1/29/1,leaf
53,30376,connected,,,compute-121,be-gpu7-port1,server,be-plane-b-leaf-16,E1/29/1,leaf
53,30377,connected,,,compute-121,fe-p0,server,fe-leaf-01,E1/61/1,leaf
53,30378,connected,,,compute-121,fe-p1,server,fe-leaf-02,E1/61/1,leaf
53,30379,connected,,,compute-122,be-gpu0-port0,server,be-plane-a-leaf-09,E1/29/2,leaf
53,30380,connected,,,compute-122,be-gpu0-port1,server,be-plane-b-leaf-09,E1/29/2,leaf
53,30381,connected,,,compute-122,be-gpu1-port0,server,be-plane-a-leaf-10,E1/29/2,leaf
53,30382,connected,,,compute-122,be-gpu1-port1,server,be-plane-b-leaf-10,E1/29/2,leaf
53,30383,connected,,,compute-122,be-gpu2-port0,server,be-plane-a-leaf-11,E1/29/2,leaf
53,30384,connected,,,compute-122,be-gpu2-port1,server,be-plane-b-leaf-11,E1/29/2,leaf
53,30385,connected,,,compute-122,be-gpu3-port0,server,be-plane-a-leaf-12,E1/29/2,leaf
53,30386,connected,,,compute-122,be-gpu3-port1,server,be-plane-b-leaf-12,E1/29/2,leaf
53,30387,connected,,,compute-122,be-gpu4-port0,server,be-plane-a-leaf-13,E1/29/2,leaf
53,30388,connected,,,compute-122,be-gpu4-port1,server,be-plane-b-leaf-13,E1/29/2,leaf
53,30389,connected,,,compute-122,be-gpu5-port0,server,be-plane-a-leaf-14,E1/29/2,leaf
53,30390,connected,,,compute-122,be-gpu5-port1,server,be-plane-b-leaf-14,E1/29/2,leaf
53,30391,connected,,,compute-122,be-gpu6-port0,server,be-plane-a-leaf-15,E1/29/2,leaf
53,30392,connected,,,compute-122,be-gpu6-port1,server,be-plane-b-leaf-15,E1/29/2,leaf
53,30393,connected,,,compute-122,be-gpu7-port0,server,be-plane-a-leaf-16,E1/29/2,leaf
53,30394,connected,,,compute-122,be-gpu7-port1,server,be-plane-b-leaf-16,E1/29/2,leaf
53,30395,connected,,,compute-122,fe-p0,server,fe-leaf-01,E1/61/2,leaf
53,30396,connected,,,compute-122,fe-p1,server,fe-leaf-02,E1/61/2,leaf
53,30397,connected,,,compute-123,be-gpu0-port0,server,be-plane-a-leaf-09,E1/30/1,leaf
53,30398,connected,,,compute-123,be-gpu0-port1,server,be-plane-b-leaf-09,E1/30/1,leaf
53,30399,connected,,,compute-123,be-gpu1-port0,server,be-plane-a-leaf-10,E1/30/1,leaf
53,30400,connected,,,compute-123,be-gpu1-port1,server,be-plane-b-leaf-10,E1/30/1,leaf
53,30401,connected,,,compute-123,be-gpu2-port0,server,be-plane-a-leaf-11,E1/30/1,leaf
53,30402,connected,,,compute-123,be-gpu2-port1,server,be-plane-b-leaf-11,E1/30/1,leaf
53,30403,connected,,,compute-123,be-gpu3-port0,server,be-plane-a-leaf-12,E1/30/1,leaf
53,30404,connected,,,compute-123,be-gpu3-port1,server,be-plane-b-leaf-12,E1/30/1,leaf
53,30405,connected,,,compute-123,be-gpu4-port0,server,be-plane-a-leaf-13,E1/30/1,leaf
53,30406,connected,,,compute-123,be-gpu4-port1,server,be-plane-b-leaf-13,E1/30/1,leaf
53,30407,connected,,,compute-123,be-gpu5-port0,server,be-plane-a-leaf-14,E1/30/1,leaf
53,30408,connected,,,compute-123,be-gpu5-port1,server,be-plane-b-leaf-14,E1/30/1,leaf
53,30409,connected,,,compute-123,be-gpu6-port0,server,be-plane-a-leaf-15,E1/30/1,leaf
53,30410,connected,,,compute-123,be-gpu6-port1,server,be-plane-b-leaf-15,E1/30/1,leaf
53,30411,connected,,,compute-123,be-gpu7-port0,server,be-plane-a-leaf-16,E1/30/1,leaf
53,30412,connected,,,compute-123,be-gpu7-port1,server,be-plane-b-leaf-16,E1/30/1,leaf
53,30413,connected,,,compute-123,fe-p0,server,fe-leaf-01,E1/61/3,leaf
53,30414,connected,,,compute-123,fe-p1,server,fe-leaf-02,E1/61/3,leaf
53,30415,connected,,,compute-124,be-gpu0-port0,server,be-plane-a-leaf-09,E1/30/2,leaf
53,30416,connected,,,compute-124,be-gpu0-port1,server,be-plane-b-leaf-09,E1/30/2,leaf
53,30417,connected,,,compute-124,be-gpu1-port0,server,be-plane-a-leaf-10,E1/30/2,leaf
53,30418,connected,,,compute-124,be-gpu1-port1,server,be-plane-b-leaf-10,E1/30/2,leaf
53,30419,connected,,,compute-124,be-gpu2-port0,server,be-plane-a-leaf-11,E1/30/2,leaf
53,30420,connected,,,compute-124,be-gpu2-port1,server,be-plane-b-leaf-11,E1/30/2,leaf
53,30421,connected,,,compute-124,be-gpu3-port0,server,be-plane-a-leaf-12,E1/30/2,leaf
53,30422,connected,,,compute-124,be-gpu3-port1,server,be-plane-b-leaf-12,E1/30/2,leaf
53,30423,connected,,,compute-124,be-gpu4-port0,server,be-plane-a-leaf-13,E1/30/2,leaf
53,30424,connected,,,compute-124,be-gpu4-port1,server,be-plane-b-leaf-13,E1/30/2,leaf
53,30425,connected,,,compute-124,be-gpu5-port0,server,be-plane-a-leaf-14,E1/30/2,leaf
53,30426,connected,,,compute-124,be-gpu5-port1,server,be-plane-b-leaf-14,E1/30/2,leaf
53,30427,connected,,,compute-124,be-gpu6-port0,server,be-plane-a-leaf-15,E1/30/2,leaf
53,30428,connected,,,compute-124,be-gpu6-port1,server,be-plane-b-leaf-15,E1/30/2,leaf
53,30429,connected,,,compute-124,be-gpu7-port0,server,be-plane-a-leaf-16,E1/30/2,leaf
53,30430,connected,,,compute-124,be-gpu7-port1,server,be-plane-b-leaf-16,E1/30/2,leaf
53,30431,connected,,,compute-124,fe-p0,server,fe-leaf-01,E1/61/4,leaf
53,30432,connected,,,compute-124,fe-p1,server,fe-leaf-02,E1/61/4,leaf
53,30433,connected,,,compute-125,be-gpu0-port0,server,be-plane-a-leaf-09,E1/31/1,leaf
53,30434,connected,,,compute-125,be-gpu0-port1,server,be-plane-b-leaf-09,E1/31/1,leaf
53,30435,connected,,,compute-125,be-gpu1-port0,server,be-plane-a-leaf-10,E1/31/1,leaf
53,30436,connected,,,compute-125,be-gpu1-port1,server,be-plane-b-leaf-10,E1/31/1,leaf
53,30437,connected,,,compute-125,be-gpu2-port0,server,be-plane-a-leaf-11,E1/31/1,leaf
53,30438,connected,,,compute-125,be-gpu2-port1,server,be-plane-b-leaf-11,E1/31/1,leaf
53,30439,connected,,,compute-125,be-gpu3-port0,server,be-plane-a-leaf-12,E1/31/1,leaf
53,30440,connected,,,compute-125,be-gpu3-port1,server,be-plane-b-leaf-12,E1/31/1,leaf
53,30441,connected,,,compute-125,be-gpu4-port0,server,be-plane-a-leaf-13,E1/31/1,leaf
53,30442,connected,,,compute-125,be-gpu4-port1,server,be-plane-b-leaf-13,E1/31/1,leaf
53,30443,connected,,,compute-125,be-gpu5-port0,server,be-plane-a-leaf-14,E1/31/1,leaf
53,30444,connected,,,compute-125,be-gpu5-port1,server,be-plane-b-leaf-14,E1/31/1,leaf
53,30445,connected,,,compute-125,be-gpu6-port0,server,be-plane-a-leaf-15,E1/31/1,leaf
53,30446,connected,,,compute-125,be-gpu6-port1,server,be-plane-b-leaf-15,E1/31/1,leaf
53,30447,connected,,,compute-125,be-gpu7-port0,server,be-plane-a-leaf-16,E1/31/1,leaf
53,30448,connected,,,compute-125,be-gpu7-port1,server,be-plane-b-leaf-16,E1/31/1,leaf
53,30449,connected,,,compute-125,fe-p0,server,fe-leaf-01,E1/63/1,leaf
53,30450,connected,,,compute-125,fe-p1,server,fe-leaf-02,E1/63/1,leaf
53,30451,connected,,,compute-126,be-gpu0-port0,server,be-plane-a-leaf-09,E1/31/2,leaf
53,30452,connected,,,compute-126,be-gpu0-port1,server,be-plane-b-leaf-09,E1/31/2,leaf
53,30453,connected,,,compute-126,be-gpu1-port0,server,be-plane-a-leaf-10,E1/31/2,leaf
53,30454,connected,,,compute-126,be-gpu1-port1,server,be-plane-b-leaf-10,E1/31/2,leaf
53,30455,connected,,,compute-126,be-gpu2-port0,server,be-plane-a-leaf-11,E1/31/2,leaf
53,30456,connected,,,compute-126,be-gpu2-port1,server,be-plane-b-leaf-11,E1/31/2,leaf
53,30457,connected,,,compute-126,be-gpu3-port0,server,be-plane-a-leaf-12,E1/31/2,leaf
53,30458,connected,,,compute-126,be-gpu3-port1,server,be-plane-b-leaf-12,E1/31/2,leaf
53,30459,connected,,,compute-126,be-gpu4-port0,server,be-plane-a-leaf-13,E1/31/2,leaf
53,30460,connected,,,compute-126,be-gpu4-port1,server,be-plane-b-leaf-13,E1/31/2,leaf
53,30461,connected,,,compute-126,be-gpu5-port0,server,be-plane-a-leaf-14,E1/31/2,leaf
53,30462,connected,,,compute-126,be-gpu5-port1,server,be-plane-b-leaf-14,E1/31/2,leaf
53,30463,connected,,,compute-126,be-gpu6-port0,server,be-plane-a-leaf-15,E1/31/2,leaf
53,30464,connected,,,compute-126,be-gpu6-port1,server,be-plane-b-leaf-15,E1/31/2,leaf
53,30465,connected,,,compute-126,be-gpu7-port0,server,be-plane-a-leaf-16,E1/31/2,leaf
53,30466,connected,,,compute-126,be-gpu7-port1,server,be-plane-b-leaf-16,E1/31/2,leaf
53,30467,connected,,,compute-126,fe-p0,server,fe-leaf-01,E1/63/2,leaf
53,30468,connected,,,compute-126,fe-p1,server,fe-leaf-02,E1/63/2,leaf
53,30469,connected,,,compute-127,be-gpu0-port0,server,be-plane-a-leaf-09,E1/32/1,leaf
53,30470,connected,,,compute-127,be-gpu0-port1,server,be-plane-b-leaf-09,E1/32/1,leaf
53,30471,connected,,,compute-127,be-gpu1-port0,server,be-plane-a-leaf-10,E1/32/1,leaf
53,30472,connected,,,compute-127,be-gpu1-port1,server,be-plane-b-leaf-10,E1/32/1,leaf
53,30473,connected,,,compute-127,be-gpu2-port0,server,be-plane-a-leaf-11,E1/32/1,leaf
53,30474,connected,,,compute-127,be-gpu2-port1,server,be-plane-b-leaf-11,E1/32/1,leaf
53,30475,connected,,,compute-127,be-gpu3-port0,server,be-plane-a-leaf-12,E1/32/1,leaf
53,30476,connected,,,compute-127,be-gpu3-port1,server,be-plane-b-leaf-12,E1/32/1,leaf
53,30477,connected,,,compute-127,be-gpu4-port0,server,be-plane-a-leaf-13,E1/32/1,leaf
53,30478,connected,,,compute-127,be-gpu4-port1,server,be-plane-b-leaf-13,E1/32/1,leaf
53,30479,connected,,,compute-127,be-gpu5-port0,server,be-plane-a-leaf-14,E1/32/1,leaf
53,30480,connected,,,compute-127,be-gpu5-port1,server,be-plane-b-leaf-14,E1/32/1,leaf
53,30481,connected,,,compute-127,be-gpu6-port0,server,be-plane-a-leaf-15,E1/32/1,leaf
53,30482,connected,,,compute-127,be-gpu6-port1,server,be-plane-b-leaf-15,E1/32/1,leaf
53,30483,connected,,,compute-127,be-gpu7-port0,server,be-plane-a-leaf-16,E1/32/1,leaf
53,30484,connected,,,compute-127,be-gpu7-port1,server,be-plane-b-leaf-16,E1/32/1,leaf
53,30485,connected,,,compute-127,fe-p0,server,fe-leaf-01,E1/63/3,leaf
53,30486,connected,,,compute-127,fe-p1,server,fe-leaf-02,E1/63/3,leaf
53,30487,connected,,,compute-128,be-gpu0-port0,server,be-plane-a-leaf-09,E1/32/2,leaf
53,30488,connected,,,compute-128,be-gpu0-port1,server,be-plane-b-leaf-09,E1/32/2,leaf
53,30489,connected,,,compute-128,be-gpu1-port0,server,be-plane-a-leaf-10,E1/32/2,leaf
53,30490,connected,,,compute-128,be-gpu1-port1,server,be-plane-b-leaf-10,E1/32/2,leaf
53,30491,connected,,,compute-128,be-gpu2-port0,server,be-plane-a-leaf-11,E1/32/2,leaf
53,30492,connected,,,compute-128,be-gpu2-port1,server,be-plane-b-leaf-11,E1/32/2,leaf
53,30493,connected,,,compute-128,be-gpu3-port0,server,be-plane-a-leaf-12,E1/32/2,leaf
53,30494,connected,,,compute-128,be-gpu3-port1,server,be-plane-b-leaf-12,E1/32/2,leaf
53,30495,connected,,,compute-128,be-gpu4-port0,server,be-plane-a-leaf-13,E1/32/2,leaf
53,30496,connected,,,compute-128,be-gpu4-port1,server,be-plane-b-leaf-13,E1/32/2,leaf
53,30497,connected,,,compute-128,be-gpu5-port0,server,be-plane-a-leaf-14,E1/32/2,leaf
53,30498,connected,,,compute-128,be-gpu5-port1,server,be-plane-b-leaf-14,E1/32/2,leaf
53,30499,connected,,,compute-128,be-gpu6-port0,server,be-plane-a-leaf-15,E1/32/2,leaf
53,30500,connected,,,compute-128,be-gpu6-port1,server,be-plane-b-leaf-15,E1/32/2,leaf
53,30501,connected,,,compute-128,be-gpu7-port0,server,be-plane-a-leaf-16,E1/32/2,leaf
53,30502,connected,,,compute-128,be-gpu7-port1,server,be-plane-b-leaf-16,E1/32/2,leaf
53,30503,connected,,,compute-128,fe-p0,server,fe-leaf-01,E1/63/4,leaf
53,30504,connected,,,compute-128,fe-p1,server,fe-leaf-02,E1/63/4,leaf
53,30505,connected,,,be-plane-a-leaf-01,E1/33,leaf,be-plane-a-spine-01,E1/1,spine
53,30506,connected,,,be-plane-a-leaf-01,E1/34,leaf,be-plane-a-spine-01,E1/2,spine
53,30507,connected,,,be-plane-a-leaf-01,E1/35,leaf,be-plane-a-spine-01,E1/3,spine
53,30508,connected,,,be-plane-a-leaf-01,E1/36,leaf,be-plane-a-spine-01,E1/4,spine
53,30509,connected,,,be-plane-a-leaf-01,E1/37,leaf,be-plane-a-spine-02,E1/1,spine
53,30510,connected,,,be-plane-a-leaf-01,E1/38,leaf,be-plane-a-spine-02,E1/2,spine
53,30511,connected,,,be-plane-a-leaf-01,E1/39,leaf,be-plane-a-spine-02,E1/3,spine
53,30512,connected,,,be-plane-a-leaf-01,E1/40,leaf,be-plane-a-spine-02,E1/4,spine
53,30513,connected,,,be-plane-a-leaf-01,E1/41,leaf,be-plane-a-spine-03,E1/1,spine
53,30514,connected,,,be-plane-a-leaf-01,E1/42,leaf,be-plane-a-spine-03,E1/2,spine
53,30515,connected,,,be-plane-a-leaf-01,E1/43,leaf,be-plane-a-spine-03,E1/3,spine
53,30516,connected,,,be-plane-a-leaf-01,E1/44,leaf,be-plane-a-spine-03,E1/4,spine
53,30517,connected,,,be-plane-a-leaf-01,E1/45,leaf,be-plane-a-spine-04,E1/1,spine
53,30518,connected,,,be-plane-a-leaf-01,E1/46,leaf,be-plane-a-spine-04,E1/2,spine
53,30519,connected,,,be-plane-a-leaf-01,E1/47,leaf,be-plane-a-spine-04,E1/3,spine
53,30520,connected,,,be-plane-a-leaf-01,E1/48,leaf,be-plane-a-spine-04,E1/4,spine
53,30521,connected,,,be-plane-a-leaf-01,E1/49,leaf,be-plane-a-spine-05,E1/1,spine
53,30522,connected,,,be-plane-a-leaf-01,E1/50,leaf,be-plane-a-spine-05,E1/2,spine
53,30523,connected,,,be-plane-a-leaf-01,E1/51,leaf,be-plane-a-spine-05,E1/3,spine
53,30524,connected,,,be-plane-a-leaf-01,E1/52,leaf,be-plane-a-spine-05,E1/4,spine
53,30525,connected,,,be-plane-a-leaf-01,E1/53,leaf,be-plane-a-spine-06,E1/1,spine
53,30526,connected,,,be-plane-a-leaf-01,E1/54,leaf,be-plane-a-spine-06,E1/2,spine
53,30527,connected,,,be-plane-a-leaf-01,E1/55,leaf,be-plane-a-spine-06,E1/3,spine
53,30528,connected,,,be-plane-a-leaf-01,E1/56,leaf,be-plane-a-spine-06,E1/4,spine
53,30529,connected,,,be-plane-a-leaf-01,E1/57,leaf,be-plane-a-spine-07,E1/1,spine
53,30530,connected,,,be-plane-a-leaf-01,E1/58,leaf,be-plane-a-spine-07,E1/2,spine
53,30531,connected,,,be-plane-a-leaf-01,E1/59,leaf,be-plane-a-spine-07,E1/3,spine
53,30532,connected,,,be-plane-a-leaf-01,E1/60,leaf,be-plane-a-spine-07,E1/4,spine
53,30533,connected,,,be-plane-a-leaf-01,E1/61,leaf,be-plane-a-spine-08,E1/1,spine
53,30534,connected,,,be-plane-a-leaf-01,E1/62,leaf,be-plane-a-spine-08,E1/2,spine
53,30535,connected,,,be-plane-a-leaf-01,E1/63,leaf,be-plane-a-spine-08,E1/3,spine
53,30536,connected,,,be-plane-a-leaf-01,E1/64,leaf,be-plane-a-spine-08,E1/4,spine
53,30537,connected,,,be-plane-a-leaf-02,E1/33,leaf,be-plane-a-spine-01,E1/5,spine
53,30538,connected,,,be-plane-a-leaf-02,E1/34,leaf,be-plane-a-spine-01,E1/6,spine
53,30539,connected,,,be-plane-a-leaf-02,E1/35,leaf,be-plane-a-spine-01,E1/7,spine
53,30540,connected,,,be-plane-a-leaf-02,E1/36,leaf,be-plane-a-spine-01,E1/8,spine
53,30541,connected,,,be-plane-a-leaf-02,E1/37,leaf,be-plane-a-spine-02,E1/5,spine
53,30542,connected,,,be-plane-a-leaf-02,E1/38,leaf,be-plane-a-spine-02,E1/6,spine
53,30543,connected,,,be-plane-a-leaf-02,E1/39,leaf,be-plane-a-spine-02,E1/7,spine
53,30544,connected,,,be-plane-a-leaf-02,E1/40,leaf,be-plane-a-spine-02,E1/8,spine
53,30545,connected,,,be-plane-a-leaf-02,E1/41,leaf,be-plane-a-spine-03,E1/5,spine
53,30546,connected,,,be-plane-a-leaf-02,E1/42,leaf,be-plane-a-spine-03,E1/6,spine
53,30547,connected,,,be-plane-a-leaf-02,E1/43,leaf,be-plane-a-spine-03,E1/7,spine
53,30548,connected,,,be-plane-a-leaf-02,E1/44,leaf,be-plane-a-spine-03,E1/8,spine
53,30549,connected,,,be-plane-a-leaf-02,E1/45,leaf,be-plane-a-spine-04,E1/5,spine
53,30550,connected,,,be-plane-a-leaf-02,E1/46,leaf,be-plane-a-spine-04,E1/6,spine
53,30551,connected,,,be-plane-a-leaf-02,E1/47,leaf,be-plane-a-spine-04,E1/7,spine
53,30552,connected,,,be-plane-a-leaf-02,E1/48,leaf,be-plane-a-spine-04,E1/8,spine
53,30553,connected,,,be-plane-a-leaf-02,E1/49,leaf,be-plane-a-spine-05,E1/5,spine
53,30554,connected,,,be-plane-a-leaf-02,E1/50,leaf,be-plane-a-spine-05,E1/6,spine
53,30555,connected,,,be-plane-a-leaf-02,E1/51,leaf,be-plane-a-spine-05,E1/7,spine
53,30556,connected,,,be-plane-a-leaf-02,E1/52,leaf,be-plane-a-spine-05,E1/8,spine
53,30557,connected,,,be-plane-a-leaf-02,E1/53,leaf,be-plane-a-spine-06,E1/5,spine
53,30558,connected,,,be-plane-a-leaf-02,E1/54,leaf,be-plane-a-spine-06,E1/6,spine
53,30559,connected,,,be-plane-a-leaf-02,E1/55,leaf,be-plane-a-spine-06,E1/7,spine
53,30560,connected,,,be-plane-a-leaf-02,E1/56,leaf,be-plane-a-spine-06,E1/8,spine
53,30561,connected,,,be-plane-a-leaf-02,E1/57,leaf,be-plane-a-spine-07,E1/5,spine
53,30562,connected,,,be-plane-a-leaf-02,E1/58,leaf,be-plane-a-spine-07,E1/6,spine
53,30563,connected,,,be-plane-a-leaf-02,E1/59,leaf,be-plane-a-spine-07,E1/7,spine
53,30564,connected,,,be-plane-a-leaf-02,E1/60,leaf,be-plane-a-spine-07,E1/8,spine
53,30565,connected,,,be-plane-a-leaf-02,E1/61,leaf,be-plane-a-spine-08,E1/5,spine
53,30566,connected,,,be-plane-a-leaf-02,E1/62,leaf,be-plane-a-spine-08,E1/6,spine
53,30567,connected,,,be-plane-a-leaf-02,E1/63,leaf,be-plane-a-spine-08,E1/7,spine
53,30568,connected,,,be-plane-a-leaf-02,E1/64,leaf,be-plane-a-spine-08,E1/8,spine
53,30569,connected,,,be-plane-a-leaf-03,E1/33,leaf,be-plane-a-spine-01,E1/9,spine
53,30570,connected,,,be-plane-a-leaf-03,E1/34,leaf,be-plane-a-spine-01,E1/10,spine
53,30571,connected,,,be-plane-a-leaf-03,E1/35,leaf,be-plane-a-spine-01,E1/11,spine
53,30572,connected,,,be-plane-a-leaf-03,E1/36,leaf,be-plane-a-spine-01,E1/12,spine
53,30573,connected,,,be-plane-a-leaf-03,E1/37,leaf,be-plane-a-spine-02,E1/9,spine
53,30574,connected,,,be-plane-a-leaf-03,E1/38,leaf,be-plane-a-spine-02,E1/10,spine
53,30575,connected,,,be-plane-a-leaf-03,E1/39,leaf,be-plane-a-spine-02,E1/11,spine
53,30576,connected,,,be-plane-a-leaf-03,E1/40,leaf,be-plane-a-spine-02,E1/12,spine
53,30577,connected,,,be-plane-a-leaf-03,E1/41,leaf,be-plane-a-spine-03,E1/9,spine
53,30578,connected,,,be-plane-a-leaf-03,E1/42,leaf,be-plane-a-spine-03,E1/10,spine
53,30579,connected,,,be-plane-a-leaf-03,E1/43,leaf,be-plane-a-spine-03,E1/11,spine
53,30580,connected,,,be-plane-a-leaf-03,E1/44,leaf,be-plane-a-spine-03,E1/12,spine
53,30581,connected,,,be-plane-a-leaf-03,E1/45,leaf,be-plane-a-spine-04,E1/9,spine
53,30582,connected,,,be-plane-a-leaf-03,E1/46,leaf,be-plane-a-spine-04,E1/10,spine
53,30583,connected,,,be-plane-a-leaf-03,E1/47,leaf,be-plane-a-spine-04,E1/11,spine
53,30584,connected,,,be-plane-a-leaf-03,E1/48,leaf,be-plane-a-spine-04,E1/12,spine
53,30585,connected,,,be-plane-a-leaf-03,E1/49,leaf,be-plane-a-spine-05,E1/9,spine
53,30586,connected,,,be-plane-a-leaf-03,E1/50,leaf,be-plane-a-spine-05,E1/10,spine
53,30587,connected,,,be-plane-a-leaf-03,E1/51,leaf,be-plane-a-spine-05,E1/11,spine
53,30588,connected,,,be-plane-a-leaf-03,E1/52,leaf,be-plane-a-spine-05,E1/12,spine
53,30589,connected,,,be-plane-a-leaf-03,E1/53,leaf,be-plane-a-spine-06,E1/9,spine
53,30590,connected,,,be-plane-a-leaf-03,E1/54,leaf,be-plane-a-spine-06,E1/10,spine
53,30591,connected,,,be-plane-a-leaf-03,E1/55,leaf,be-plane-a-spine-06,E1/11,spine
53,30592,connected,,,be-plane-a-leaf-03,E1/56,leaf,be-plane-a-spine-06,E1/12,spine
53,30593,connected,,,be-plane-a-leaf-03,E1/57,leaf,be-plane-a-spine-07,E1/9,spine
53,30594,connected,,,be-plane-a-leaf-03,E1/58,leaf,be-plane-a-spine-07,E1/10,spine
53,30595,connected,,,be-plane-a-leaf-03,E1/59,leaf,be-plane-a-spine-07,E1/11,spine
53,30596,connected,,,be-plane-a-leaf-03,E1/60,leaf,be-plane-a-spine-07,E1/12,spine
53,30597,connected,,,be-plane-a-leaf-03,E1/61,leaf,be-plane-a-spine-08,E1/9,spine
53,30598,connected,,,be-plane-a-leaf-03,E1/62,leaf,be-plane-a-spine-08,E1/10,spine
53,30599,connected,,,be-plane-a-leaf-03,E1/63,leaf,be-plane-a-spine-08,E1/11,spine
53,30600,connected,,,be-plane-a-leaf-03,E1/64,leaf,be-plane-a-spine-08,E1/12,spine
53,30601,connected,,,be-plane-a-leaf-04,E1/33,leaf,be-plane-a-spine-01,E1/13,spine
53,30602,connected,,,be-plane-a-leaf-04,E1/34,leaf,be-plane-a-spine-01,E1/14,spine
53,30603,connected,,,be-plane-a-leaf-04,E1/35,leaf,be-plane-a-spine-01,E1/15,spine
53,30604,connected,,,be-plane-a-leaf-04,E1/36,leaf,be-plane-a-spine-01,E1/16,spine
53,30605,connected,,,be-plane-a-leaf-04,E1/37,leaf,be-plane-a-spine-02,E1/13,spine
53,30606,connected,,,be-plane-a-leaf-04,E1/38,leaf,be-plane-a-spine-02,E1/14,spine
53,30607,connected,,,be-plane-a-leaf-04,E1/39,leaf,be-plane-a-spine-02,E1/15,spine
53,30608,connected,,,be-plane-a-leaf-04,E1/40,leaf,be-plane-a-spine-02,E1/16,spine
53,30609,connected,,,be-plane-a-leaf-04,E1/41,leaf,be-plane-a-spine-03,E1/13,spine
53,30610,connected,,,be-plane-a-leaf-04,E1/42,leaf,be-plane-a-spine-03,E1/14,spine
53,30611,connected,,,be-plane-a-leaf-04,E1/43,leaf,be-plane-a-spine-03,E1/15,spine
53,30612,connected,,,be-plane-a-leaf-04,E1/44,leaf,be-plane-a-spine-03,E1/16,spine
53,30613,connected,,,be-plane-a-leaf-04,E1/45,leaf,be-plane-a-spine-04,E1/13,spine
53,30614,connected,,,be-plane-a-leaf-04,E1/46,leaf,be-plane-a-spine-04,E1/14,spine
53,30615,connected,,,be-plane-a-leaf-04,E1/47,leaf,be-plane-a-spine-04,E1/15,spine
53,30616,connected,,,be-plane-a-leaf-04,E1/48,leaf,be-plane-a-spine-04,E1/16,spine
53,30617,connected,,,be-plane-a-leaf-04,E1/49,leaf,be-plane-a-spine-05,E1/13,spine
53,30618,connected,,,be-plane-a-leaf-04,E1/50,leaf,be-plane-a-spine-05,E1/14,spine
53,30619,connected,,,be-plane-a-leaf-04,E1/51,leaf,be-plane-a-spine-05,E1/15,spine
53,30620,connected,,,be-plane-a-leaf-04,E1/52,leaf,be-plane-a-spine-05,E1/16,spine
53,30621,connected,,,be-plane-a-leaf-04,E1/53,leaf,be-plane-a-spine-06,E1/13,spine
53,30622,connected,,,be-plane-a-leaf-04,E1/54,leaf,be-plane-a-spine-06,E1/14,spine
53,30623,connected,,,be-plane-a-leaf-04,E1/55,leaf,be-plane-a-spine-06,E1/15,spine
53,30624,connected,,,be-plane-a-leaf-04,E1/56,leaf,be-plane-a-spine-06,E1/16,spine
53,30625,connected,,,be-plane-a-leaf-04,E1/57,leaf,be-plane-a-spine-07,E1/13,spine
53,30626,connected,,,be-plane-a-leaf-04,E1/58,leaf,be-plane-a-spine-07,E1/14,spine
53,30627,connected,,,be-plane-a-leaf-04,E1/59,leaf,be-plane-a-spine-07,E1/15,spine
53,30628,connected,,,be-plane-a-leaf-04,E1/60,leaf,be-plane-a-spine-07,E1/16,spine
53,30629,connected,,,be-plane-a-leaf-04,E1/61,leaf,be-plane-a-spine-08,E1/13,spine
53,30630,connected,,,be-plane-a-leaf-04,E1/62,leaf,be-plane-a-spine-08,E1/14,spine
53,30631,connected,,,be-plane-a-leaf-04,E1/63,leaf,be-plane-a-spine-08,E1/15,spine
53,30632,connected,,,be-plane-a-leaf-04,E1/64,leaf,be-plane-a-spine-08,E1/16,spine
53,30633,connected,,,be-plane-a-leaf-05,E1/33,leaf,be-plane-a-spine-01,E1/17,spine
53,30634,connected,,,be-plane-a-leaf-05,E1/34,leaf,be-plane-a-spine-01,E1/18,spine
53,30635,connected,,,be-plane-a-leaf-05,E1/35,leaf,be-plane-a-spine-01,E1/19,spine
53,30636,connected,,,be-plane-a-leaf-05,E1/36,leaf,be-plane-a-spine-01,E1/20,spine
53,30637,connected,,,be-plane-a-leaf-05,E1/37,leaf,be-plane-a-spine-02,E1/17,spine
53,30638,connected,,,be-plane-a-leaf-05,E1/38,leaf,be-plane-a-spine-02,E1/18,spine
53,30639,connected,,,be-plane-a-leaf-05,E1/39,leaf,be-plane-a-spine-02,E1/19,spine
53,30640,connected,,,be-plane-a-leaf-05,E1/40,leaf,be-plane-a-spine-02,E1/20,spine
53,30641,connected,,,be-plane-a-leaf-05,E1/41,leaf,be-plane-a-spine-03,E1/17,spine
53,30642,connected,,,be-plane-a-leaf-05,E1/42,leaf,be-plane-a-spine-03,E1/18,spine
53,30643,connected,,,be-plane-a-leaf-05,E1/43,leaf,be-plane-a-spine-03,E1/19,spine
53,30644,connected,,,be-plane-a-leaf-05,E1/44,leaf,be-plane-a-spine-03,E1/20,spine
53,30645,connected,,,be-plane-a-leaf-05,E1/45,leaf,be-plane-a-spine-04,E1/17,spine
53,30646,connected,,,be-plane-a-leaf-05,E1/46,leaf,be-plane-a-spine-04,E1/18,spine
53,30647,connected,,,be-plane-a-leaf-05,E1/47,leaf,be-plane-a-spine-04,E1/19,spine
53,30648,connected,,,be-plane-a-leaf-05,E1/48,leaf,be-plane-a-spine-04,E1/20,spine
53,30649,connected,,,be-plane-a-leaf-05,E1/49,leaf,be-plane-a-spine-05,E1/17,spine
53,30650,connected,,,be-plane-a-leaf-05,E1/50,leaf,be-plane-a-spine-05,E1/18,spine
53,30651,connected,,,be-plane-a-leaf-05,E1/51,leaf,be-plane-a-spine-05,E1/19,spine
53,30652,connected,,,be-plane-a-leaf-05,E1/52,leaf,be-plane-a-spine-05,E1/20,spine
53,30653,connected,,,be-plane-a-leaf-05,E1/53,leaf,be-plane-a-spine-06,E1/17,spine
53,30654,connected,,,be-plane-a-leaf-05,E1/54,leaf,be-plane-a-spine-06,E1/18,spine
53,30655,connected,,,be-plane-a-leaf-05,E1/55,leaf,be-plane-a-spine-06,E1/19,spine
53,30656,connected,,,be-plane-a-leaf-05,E1/56,leaf,be-plane-a-spine-06,E1/20,spine
53,30657,connected,,,be-plane-a-leaf-05,E1/57,leaf,be-plane-a-spine-07,E1/17,spine
53,30658,connected,,,be-plane-a-leaf-05,E1/58,leaf,be-plane-a-spine-07,E1/18,spine
53,30659,connected,,,be-plane-a-leaf-05,E1/59,leaf,be-plane-a-spine-07,E1/19,spine
53,30660,connected,,,be-plane-a-leaf-05,E1/60,leaf,be-plane-a-spine-07,E1/20,spine
53,30661,connected,,,be-plane-a-leaf-05,E1/61,leaf,be-plane-a-spine-08,E1/17,spine
53,30662,connected,,,be-plane-a-leaf-05,E1/62,leaf,be-plane-a-spine-08,E1/18,spine
53,30663,connected,,,be-plane-a-leaf-05,E1/63,leaf,be-plane-a-spine-08,E1/19,spine
53,30664,connected,,,be-plane-a-leaf-05,E1/64,leaf,be-plane-a-spine-08,E1/20,spine
53,30665,connected,,,be-plane-a-leaf-06,E1/33,leaf,be-plane-a-spine-01,E1/21,spine
53,30666,connected,,,be-plane-a-leaf-06,E1/34,leaf,be-plane-a-spine-01,E1/22,spine
53,30667,connected,,,be-plane-a-leaf-06,E1/35,leaf,be-plane-a-spine-01,E1/23,spine
53,30668,connected,,,be-plane-a-leaf-06,E1/36,leaf,be-plane-a-spine-01,E1/24,spine
53,30669,connected,,,be-plane-a-leaf-06,E1/37,leaf,be-plane-a-spine-02,E1/21,spine
53,30670,connected,,,be-plane-a-leaf-06,E1/38,leaf,be-plane-a-spine-02,E1/22,spine
53,30671,connected,,,be-plane-a-leaf-06,E1/39,leaf,be-plane-a-spine-02,E1/23,spine
53,30672,connected,,,be-plane-a-leaf-06,E1/40,leaf,be-plane-a-spine-02,E1/24,spine
53,30673,connected,,,be-plane-a-leaf-06,E1/41,leaf,be-plane-a-spine-03,E1/21,spine
53,30674,connected,,,be-plane-a-leaf-06,E1/42,leaf,be-plane-a-spine-03,E1/22,spine
53,30675,connected,,,be-plane-a-leaf-06,E1/43,leaf,be-plane-a-spine-03,E1/23,spine
53,30676,connected,,,be-plane-a-leaf-06,E1/44,leaf,be-plane-a-spine-03,E1/24,spine
53,30677,connected,,,be-plane-a-leaf-06,E1/45,leaf,be-plane-a-spine-04,E1/21,spine
53,30678,connected,,,be-plane-a-leaf-06,E1/46,leaf,be-plane-a-spine-04,E1/22,spine
53,30679,connected,,,be-plane-a-leaf-06,E1/47,leaf,be-plane-a-spine-04,E1/23,spine
53,30680,connected,,,be-plane-a-leaf-06,E1/48,leaf,be-plane-a-spine-04,E1/24,spine
53,30681,connected,,,be-plane-a-leaf-06,E1/49,leaf,be-plane-a-spine-05,E1/21,spine
53,30682,connected,,,be-plane-a-leaf-06,E1/50,leaf,be-plane-a-spine-05,E1/22,spine
53,30683,connected,,,be-plane-a-leaf-06,E1/51,leaf,be-plane-a-spine-05,E1/23,spine
53,30684,connected,,,be-plane-a-leaf-06,E1/52,leaf,be-plane-a-spine-05,E1/24,spine
53,30685,connected,,,be-plane-a-leaf-06,E1/53,leaf,be-plane-a-spine-06,E1/21,spine
53,30686,connected,,,be-plane-a-leaf-06,E1/54,leaf,be-plane-a-spine-06,E1/22,spine
53,30687,connected,,,be-plane-a-leaf-06,E1/55,leaf,be-plane-a-spine-06,E1/23,spine
53,30688,connected,,,be-plane-a-leaf-06,E1/56,leaf,be-plane-a-spine-06,E1/24,spine
53,30689,connected,,,be-plane-a-leaf-06,E1/57,leaf,be-plane-a-spine-07,E1/21,spine
53,30690,connected,,,be-plane-a-leaf-06,E1/58,leaf,be-plane-a-spine-07,E1/22,spine
53,30691,connected,,,be-plane-a-leaf-06,E1/59,leaf,be-plane-a-spine-07,E1/23,spine
53,30692,connected,,,be-plane-a-leaf-06,E1/60,leaf,be-plane-a-spine-07,E1/24,spine
53,30693,connected,,,be-plane-a-leaf-06,E1/61,leaf,be-plane-a-spine-08,E1/21,spine
53,30694,connected,,,be-plane-a-leaf-06,E1/62,leaf,be-plane-a-spine-08,E1/22,spine
53,30695,connected,,,be-plane-a-leaf-06,E1/63,leaf,be-plane-a-spine-08,E1/23,spine
53,30696,connected,,,be-plane-a-leaf-06,E1/64,leaf,be-plane-a-spine-08,E1/24,spine
53,30697,connected,,,be-plane-a-leaf-07,E1/33,leaf,be-plane-a-spine-01,E1/25,spine
53,30698,connected,,,be-plane-a-leaf-07,E1/34,leaf,be-plane-a-spine-01,E1/26,spine
53,30699,connected,,,be-plane-a-leaf-07,E1/35,leaf,be-plane-a-spine-01,E1/27,spine
53,30700,connected,,,be-plane-a-leaf-07,E1/36,leaf,be-plane-a-spine-01,E1/28,spine
53,30701,connected,,,be-plane-a-leaf-07,E1/37,leaf,be-plane-a-spine-02,E1/25,spine
53,30702,connected,,,be-plane-a-leaf-07,E1/38,leaf,be-plane-a-spine-02,E1/26,spine
53,30703,connected,,,be-plane-a-leaf-07,E1/39,leaf,be-plane-a-spine-02,E1/27,spine
53,30704,connected,,,be-plane-a-leaf-07,E1/40,leaf,be-plane-a-spine-02,E1/28,spine
53,30705,connected,,,be-plane-a-leaf-07,E1/41,leaf,be-plane-a-spine-03,E1/25,spine
53,30706,connected,,,be-plane-a-leaf-07,E1/42,leaf,be-plane-a-spine-03,E1/26,spine
53,30707,connected,,,be-plane-a-leaf-07,E1/43,leaf,be-plane-a-spine-03,E1/27,spine
53,30708,connected,,,be-plane-a-leaf-07,E1/44,leaf,be-plane-a-spine-03,E1/28,spine
53,30709,connected,,,be-plane-a-leaf-07,E1/45,leaf,be-plane-a-spine-04,E1/25,spine
53,30710,connected,,,be-plane-a-leaf-07,E1/46,leaf,be-plane-a-spine-04,E1/26,spine
53,30711,connected,,,be-plane-a-leaf-07,E1/47,leaf,be-plane-a-spine-04,E1/27,spine
53,30712,connected,,,be-plane-a-leaf-07,E1/48,leaf,be-plane-a-spine-04,E1/28,spine
53,30713,connected,,,be-plane-a-leaf-07,E1/49,leaf,be-plane-a-spine-05,E1/25,spine
53,30714,connected,,,be-plane-a-leaf-07,E1/50,leaf,be-plane-a-spine-05,E1/26,spine
53,30715,connected,,,be-plane-a-leaf-07,E1/51,leaf,be-plane-a-spine-05,E1/27,spine
53,30716,connected,,,be-plane-a-leaf-07,E1/52,leaf,be-plane-a-spine-05,E1/28,spine
53,30717,connected,,,be-plane-a-leaf-07,E1/53,leaf,be-plane-a-spine-06,E1/25,spine
53,30718,connected,,,be-plane-a-leaf-07,E1/54,leaf,be-plane-a-spine-06,E1/26,spine
53,30719,connected,,,be-plane-a-leaf-07,E1/55,leaf,be-plane-a-spine-06,E1/27,spine
53,30720,connected,,,be-plane-a-leaf-07,E1/56,leaf,be-plane-a-spine-06,E1/28,spine
53,30721,connected,,,be-plane-a-leaf-07,E1/57,leaf,be-plane-a-spine-07,E1/25,spine
53,30722,connected,,,be-plane-a-leaf-07,E1/58,leaf,be-plane-a-spine-07,E1/26,spine
53,30723,connected,,,be-plane-a-leaf-07,E1/59,leaf,be-plane-a-spine-07,E1/27,spine
53,30724,connected,,,be-plane-a-leaf-07,E1/60,leaf,be-plane-a-spine-07,E1/28,spine
53,30725,connected,,,be-plane-a-leaf-07,E1/61,leaf,be-plane-a-spine-08,E1/25,spine
53,30726,connected,,,be-plane-a-leaf-07,E1/62,leaf,be-plane-a-spine-08,E1/26,spine
53,30727,connected,,,be-plane-a-leaf-07,E1/63,leaf,be-plane-a-spine-08,E1/27,spine
53,30728,connected,,,be-plane-a-leaf-07,E1/64,leaf,be-plane-a-spine-08,E1/28,spine
53,30729,connected,,,be-plane-a-leaf-08,E1/33,leaf,be-plane-a-spine-01,E1/29,spine
53,30730,connected,,,be-plane-a-leaf-08,E1/34,leaf,be-plane-a-spine-01,E1/30,spine
53,30731,connected,,,be-plane-a-leaf-08,E1/35,leaf,be-plane-a-spine-01,E1/31,spine
53,30732,connected,,,be-plane-a-leaf-08,E1/36,leaf,be-plane-a-spine-01,E1/32,spine
53,30733,connected,,,be-plane-a-leaf-08,E1/37,leaf,be-plane-a-spine-02,E1/29,spine
53,30734,connected,,,be-plane-a-leaf-08,E1/38,leaf,be-plane-a-spine-02,E1/30,spine
53,30735,connected,,,be-plane-a-leaf-08,E1/39,leaf,be-plane-a-spine-02,E1/31,spine
53,30736,connected,,,be-plane-a-leaf-08,E1/40,leaf,be-plane-a-spine-02,E1/32,spine
53,30737,connected,,,be-plane-a-leaf-08,E1/41,leaf,be-plane-a-spine-03,E1/29,spine
53,30738,connected,,,be-plane-a-leaf-08,E1/42,leaf,be-plane-a-spine-03,E1/30,spine
53,30739,connected,,,be-plane-a-leaf-08,E1/43,leaf,be-plane-a-spine-03,E1/31,spine
53,30740,connected,,,be-plane-a-leaf-08,E1/44,leaf,be-plane-a-spine-03,E1/32,spine
53,30741,connected,,,be-plane-a-leaf-08,E1/45,leaf,be-plane-a-spine-04,E1/29,spine
53,30742,connected,,,be-plane-a-leaf-08,E1/46,leaf,be-plane-a-spine-04,E1/30,spine
53,30743,connected,,,be-plane-a-leaf-08,E1/47,leaf,be-plane-a-spine-04,E1/31,spine
53,30744,connected,,,be-plane-a-leaf-08,E1/48,leaf,be-plane-a-spine-04,E1/32,spine
53,30745,connected,,,be-plane-a-leaf-08,E1/49,leaf,be-plane-a-spine-05,E1/29,spine
53,30746,connected,,,be-plane-a-leaf-08,E1/50,leaf,be-plane-a-spine-05,E1/30,spine
53,30747,connected,,,be-plane-a-leaf-08,E1/51,leaf,be-plane-a-spine-05,E1/31,spine
53,30748,connected,,,be-plane-a-leaf-08,E1/52,leaf,be-plane-a-spine-05,E1/32,spine
53,30749,connected,,,be-plane-a-leaf-08,E1/53,leaf,be-plane-a-spine-06,E1/29,spine
53,30750,connected,,,be-plane-a-leaf-08,E1/54,leaf,be-plane-a-spine-06,E1/30,spine
53,30751,connected,,,be-plane-a-leaf-08,E1/55,leaf,be-plane-a-spine-06,E1/31,spine
53,30752,connected,,,be-plane-a-leaf-08,E1/56,leaf,be-plane-a-spine-06,E1/32,spine
53,30753,connected,,,be-plane-a-leaf-08,E1/57,leaf,be-plane-a-spine-07,E1/29,spine
53,30754,connected,,,be-plane-a-leaf-08,E1/58,leaf,be-plane-a-spine-07,E1/30,spine
53,30755,connected,,,be-plane-a-leaf-08,E1/59,leaf,be-plane-a-spine-07,E1/31,spine
53,30756,connected,,,be-plane-a-leaf-08,E1/60,leaf,be-plane-a-spine-07,E1/32,spine
53,30757,connected,,,be-plane-a-leaf-08,E1/61,leaf,be-plane-a-spine-08,E1/29,spine
53,30758,connected,,,be-plane-a-leaf-08,E1/62,leaf,be-plane-a-spine-08,E1/30,spine
53,30759,connected,,,be-plane-a-leaf-08,E1/63,leaf,be-plane-a-spine-08,E1/31,spine
53,30760,connected,,,be-plane-a-leaf-08,E1/64,leaf,be-plane-a-spine-08,E1/32,spine
53,30761,connected,,,be-plane-a-leaf-09,E1/33,leaf,be-plane-a-spine-01,E1/33,spine
53,30762,connected,,,be-plane-a-leaf-09,E1/34,leaf,be-plane-a-spine-01,E1/34,spine
53,30763,connected,,,be-plane-a-leaf-09,E1/35,leaf,be-plane-a-spine-01,E1/35,spine
53,30764,connected,,,be-plane-a-leaf-09,E1/36,leaf,be-plane-a-spine-01,E1/36,spine
53,30765,connected,,,be-plane-a-leaf-09,E1/37,leaf,be-plane-a-spine-02,E1/33,spine
53,30766,connected,,,be-plane-a-leaf-09,E1/38,leaf,be-plane-a-spine-02,E1/34,spine
53,30767,connected,,,be-plane-a-leaf-09,E1/39,leaf,be-plane-a-spine-02,E1/35,spine
53,30768,connected,,,be-plane-a-leaf-09,E1/40,leaf,be-plane-a-spine-02,E1/36,spine
53,30769,connected,,,be-plane-a-leaf-09,E1/41,leaf,be-plane-a-spine-03,E1/33,spine
53,30770,connected,,,be-plane-a-leaf-09,E1/42,leaf,be-plane-a-spine-03,E1/34,spine
53,30771,connected,,,be-plane-a-leaf-09,E1/43,leaf,be-plane-a-spine-03,E1/35,spine
53,30772,connected,,,be-plane-a-leaf-09,E1/44,leaf,be-plane-a-spine-03,E1/36,spine
53,30773,connected,,,be-plane-a-leaf-09,E1/45,leaf,be-plane-a-spine-04,E1/33,spine
53,30774,connected,,,be-plane-a-leaf-09,E1/46,leaf,be-plane-a-spine-04,E1/34,spine
53,30775,connected,,,be-plane-a-leaf-09,E1/47,leaf,be-plane-a-spine-04,E1/35,spine
53,30776,connected,,,be-plane-a-leaf-09,E1/48,leaf,be-plane-a-spine-04,E1/36,spine
53,30777,connected,,,be-plane-a-leaf-09,E1/49,leaf,be-plane-a-spine-05,E1/33,spine
53,30778,connected,,,be-plane-a-leaf-09,E1/50,leaf,be-plane-a-spine-05,E1/34,spine
53,30779,connected,,,be-plane-a-leaf-09,E1/51,leaf,be-plane-a-spine-05,E1/35,spine
53,30780,connected,,,be-plane-a-leaf-09,E1/52,leaf,be-plane-a-spine-05,E1/36,spine
53,30781,connected,,,be-plane-a-leaf-09,E1/53,leaf,be-plane-a-spine-06,E1/33,spine
53,30782,connected,,,be-plane-a-leaf-09,E1/54,leaf,be-plane-a-spine-06,E1/34,spine
53,30783,connected,,,be-plane-a-leaf-09,E1/55,leaf,be-plane-a-spine-06,E1/35,spine
53,30784,connected,,,be-plane-a-leaf-09,E1/56,leaf,be-plane-a-spine-06,E1/36,spine
53,30785,connected,,,be-plane-a-leaf-09,E1/57,leaf,be-plane-a-spine-07,E1/33,spine
53,30786,connected,,,be-plane-a-leaf-09,E1/58,leaf,be-plane-a-spine-07,E1/34,spine
53,30787,connected,,,be-plane-a-leaf-09,E1/59,leaf,be-plane-a-spine-07,E1/35,spine
53,30788,connected,,,be-plane-a-leaf-09,E1/60,leaf,be-plane-a-spine-07,E1/36,spine
53,30789,connected,,,be-plane-a-leaf-09,E1/61,leaf,be-plane-a-spine-08,E1/33,spine
53,30790,connected,,,be-plane-a-leaf-09,E1/62,leaf,be-plane-a-spine-08,E1/34,spine
53,30791,connected,,,be-plane-a-leaf-09,E1/63,leaf,be-plane-a-spine-08,E1/35,spine
53,30792,connected,,,be-plane-a-leaf-09,E1/64,leaf,be-plane-a-spine-08,E1/36,spine
53,30793,connected,,,be-plane-a-leaf-10,E1/33,leaf,be-plane-a-spine-01,E1/37,spine
53,30794,connected,,,be-plane-a-leaf-10,E1/34,leaf,be-plane-a-spine-01,E1/38,spine
53,30795,connected,,,be-plane-a-leaf-10,E1/35,leaf,be-plane-a-spine-01,E1/39,spine
53,30796,connected,,,be-plane-a-leaf-10,E1/36,leaf,be-plane-a-spine-01,E1/40,spine
53,30797,connected,,,be-plane-a-leaf-10,E1/37,leaf,be-plane-a-spine-02,E1/37,spine
53,30798,connected,,,be-plane-a-leaf-10,E1/38,leaf,be-plane-a-spine-02,E1/38,spine
53,30799,connected,,,be-plane-a-leaf-10,E1/39,leaf,be-plane-a-spine-02,E1/39,spine
53,30800,connected,,,be-plane-a-leaf-10,E1/40,leaf,be-plane-a-spine-02,E1/40,spine
53,30801,connected,,,be-plane-a-leaf-10,E1/41,leaf,be-plane-a-spine-03,E1/37,spine
53,30802,connected,,,be-plane-a-leaf-10,E1/42,leaf,be-plane-a-spine-03,E1/38,spine
53,30803,connected,,,be-plane-a-leaf-10,E1/43,leaf,be-plane-a-spine-03,E1/39,spine
53,30804,connected,,,be-plane-a-leaf-10,E1/44,leaf,be-plane-a-spine-03,E1/40,spine
53,30805,connected,,,be-plane-a-leaf-10,E1/45,leaf,be-plane-a-spine-04,E1/37,spine
53,30806,connected,,,be-plane-a-leaf-10,E1/46,leaf,be-plane-a-spine-04,E1/38,spine
53,30807,connected,,,be-plane-a-leaf-10,E1/47,leaf,be-plane-a-spine-04,E1/39,spine
53,30808,connected,,,be-plane-a-leaf-10,E1/48,leaf,be-plane-a-spine-04,E1/40,spine
53,30809,connected,,,be-plane-a-leaf-10,E1/49,leaf,be-plane-a-spine-05,E1/37,spine
53,30810,connected,,,be-plane-a-leaf-10,E1/50,leaf,be-plane-a-spine-05,E1/38,spine
53,30811,connected,,,be-plane-a-leaf-10,E1/51,leaf,be-plane-a-spine-05,E1/39,spine
53,30812,connected,,,be-plane-a-leaf-10,E1/52,leaf,be-plane-a-spine-05,E1/40,spine
53,30813,connected,,,be-plane-a-leaf-10,E1/53,leaf,be-plane-a-spine-06,E1/37,spine
53,30814,connected,,,be-plane-a-leaf-10,E1/54,leaf,be-plane-a-spine-06,E1/38,spine
53,30815,connected,,,be-plane-a-leaf-10,E1/55,leaf,be-plane-a-spine-06,E1/39,spine
53,30816,connected,,,be-plane-a-leaf-10,E1/56,leaf,be-plane-a-spine-06,E1/40,spine
53,30817,connected,,,be-plane-a-leaf-10,E1/57,leaf,be-plane-a-spine-07,E1/37,spine
53,30818,connected,,,be-plane-a-leaf-10,E1/58,leaf,be-plane-a-spine-07,E1/38,spine
53,30819,connected,,,be-plane-a-leaf-10,E1/59,leaf,be-plane-a-spine-07,E1/39,spine
53,30820,connected,,,be-plane-a-leaf-10,E1/60,leaf,be-plane-a-spine-07,E1/40,spine
53,30821,connected,,,be-plane-a-leaf-10,E1/61,leaf,be-plane-a-spine-08,E1/37,spine
53,30822,connected,,,be-plane-a-leaf-10,E1/62,leaf,be-plane-a-spine-08,E1/38,spine
53,30823,connected,,,be-plane-a-leaf-10,E1/63,leaf,be-plane-a-spine-08,E1/39,spine
53,30824,connected,,,be-plane-a-leaf-10,E1/64,leaf,be-plane-a-spine-08,E1/40,spine
53,30825,connected,,,be-plane-a-leaf-11,E1/33,leaf,be-plane-a-spine-01,E1/41,spine
53,30826,connected,,,be-plane-a-leaf-11,E1/34,leaf,be-plane-a-spine-01,E1/42,spine
53,30827,connected,,,be-plane-a-leaf-11,E1/35,leaf,be-plane-a-spine-01,E1/43,spine
53,30828,connected,,,be-plane-a-leaf-11,E1/36,leaf,be-plane-a-spine-01,E1/44,spine
53,30829,connected,,,be-plane-a-leaf-11,E1/37,leaf,be-plane-a-spine-02,E1/41,spine
53,30830,connected,,,be-plane-a-leaf-11,E1/38,leaf,be-plane-a-spine-02,E1/42,spine
53,30831,connected,,,be-plane-a-leaf-11,E1/39,leaf,be-plane-a-spine-02,E1/43,spine
53,30832,connected,,,be-plane-a-leaf-11,E1/40,leaf,be-plane-a-spine-02,E1/44,spine
53,30833,connected,,,be-plane-a-leaf-11,E1/41,leaf,be-plane-a-spine-03,E1/41,spine
53,30834,connected,,,be-plane-a-leaf-11,E1/42,leaf,be-plane-a-spine-03,E1/42,spine
53,30835,connected,,,be-plane-a-leaf-11,E1/43,leaf,be-plane-a-spine-03,E1/43,spine
53,30836,connected,,,be-plane-a-leaf-11,E1/44,leaf,be-plane-a-spine-03,E1/44,spine
53,30837,connected,,,be-plane-a-leaf-11,E1/45,leaf,be-plane-a-spine-04,E1/41,spine
53,30838,connected,,,be-plane-a-leaf-11,E1/46,leaf,be-plane-a-spine-04,E1/42,spine
53,30839,connected,,,be-plane-a-leaf-11,E1/47,leaf,be-plane-a-spine-04,E1/43,spine
53,30840,connected,,,be-plane-a-leaf-11,E1/48,leaf,be-plane-a-spine-04,E1/44,spine
53,30841,connected,,,be-plane-a-leaf-11,E1/49,leaf,be-plane-a-spine-05,E1/41,spine
53,30842,connected,,,be-plane-a-leaf-11,E1/50,leaf,be-plane-a-spine-05,E1/42,spine
53,30843,connected,,,be-plane-a-leaf-11,E1/51,leaf,be-plane-a-spine-05,E1/43,spine
53,30844,connected,,,be-plane-a-leaf-11,E1/52,leaf,be-plane-a-spine-05,E1/44,spine
53,30845,connected,,,be-plane-a-leaf-11,E1/53,leaf,be-plane-a-spine-06,E1/41,spine
53,30846,connected,,,be-plane-a-leaf-11,E1/54,leaf,be-plane-a-spine-06,E1/42,spine
53,30847,connected,,,be-plane-a-leaf-11,E1/55,leaf,be-plane-a-spine-06,E1/43,spine
53,30848,connected,,,be-plane-a-leaf-11,E1/56,leaf,be-plane-a-spine-06,E1/44,spine
53,30849,connected,,,be-plane-a-leaf-11,E1/57,leaf,be-plane-a-spine-07,E1/41,spine
53,30850,connected,,,be-plane-a-leaf-11,E1/58,leaf,be-plane-a-spine-07,E1/42,spine
53,30851,connected,,,be-plane-a-leaf-11,E1/59,leaf,be-plane-a-spine-07,E1/43,spine
53,30852,connected,,,be-plane-a-leaf-11,E1/60,leaf,be-plane-a-spine-07,E1/44,spine
53,30853,connected,,,be-plane-a-leaf-11,E1/61,leaf,be-plane-a-spine-08,E1/41,spine
53,30854,connected,,,be-plane-a-leaf-11,E1/62,leaf,be-plane-a-spine-08,E1/42,spine
53,30855,connected,,,be-plane-a-leaf-11,E1/63,leaf,be-plane-a-spine-08,E1/43,spine
53,30856,connected,,,be-plane-a-leaf-11,E1/64,leaf,be-plane-a-spine-08,E1/44,spine
53,30857,connected,,,be-plane-a-leaf-12,E1/33,leaf,be-plane-a-spine-01,E1/45,spine
53,30858,connected,,,be-plane-a-leaf-12,E1/34,leaf,be-plane-a-spine-01,E1/46,spine
53,30859,connected,,,be-plane-a-leaf-12,E1/35,leaf,be-plane-a-spine-01,E1/47,spine
53,30860,connected,,,be-plane-a-leaf-12,E1/36,leaf,be-plane-a-spine-01,E1/48,spine
53,30861,connected,,,be-plane-a-leaf-12,E1/37,leaf,be-plane-a-spine-02,E1/45,spine
53,30862,connected,,,be-plane-a-leaf-12,E1/38,leaf,be-plane-a-spine-02,E1/46,spine
53,30863,connected,,,be-plane-a-leaf-12,E1/39,leaf,be-plane-a-spine-02,E1/47,spine
53,30864,connected,,,be-plane-a-leaf-12,E1/40,leaf,be-plane-a-spine-02,E1/48,spine
53,30865,connected,,,be-plane-a-leaf-12,E1/41,leaf,be-plane-a-spine-03,E1/45,spine
53,30866,connected,,,be-plane-a-leaf-12,E1/42,leaf,be-plane-a-spine-03,E1/46,spine
53,30867,connected,,,be-plane-a-leaf-12,E1/43,leaf,be-plane-a-spine-03,E1/47,spine
53,30868,connected,,,be-plane-a-leaf-12,E1/44,leaf,be-plane-a-spine-03,E1/48,spine
53,30869,connected,,,be-plane-a-leaf-12,E1/45,leaf,be-plane-a-spine-04,E1/45,spine
53,30870,connected,,,be-plane-a-leaf-12,E1/46,leaf,be-plane-a-spine-04,E1/46,spine
53,30871,connected,,,be-plane-a-leaf-12,E1/47,leaf,be-plane-a-spine-04,E1/47,spine
53,30872,connected,,,be-plane-a-leaf-12,E1/48,leaf,be-plane-a-spine-04,E1/48,spine
53,30873,connected,,,be-plane-a-leaf-12,E1/49,leaf,be-plane-a-spine-05,E1/45,spine
53,30874,connected,,,be-plane-a-leaf-12,E1/50,leaf,be-plane-a-spine-05,E1/46,spine
53,30875,connected,,,be-plane-a-leaf-12,E1/51,leaf,be-plane-a-spine-05,E1/47,spine
53,30876,connected,,,be-plane-a-leaf-12,E1/52,leaf,be-plane-a-spine-05,E1/48,spine
53,30877,connected,,,be-plane-a-leaf-12,E1/53,leaf,be-plane-a-spine-06,E1/45,spine
53,30878,connected,,,be-plane-a-leaf-12,E1/54,leaf,be-plane-a-spine-06,E1/46,spine
53,30879,connected,,,be-plane-a-leaf-12,E1/55,leaf,be-plane-a-spine-06,E1/47,spine
53,30880,connected,,,be-plane-a-leaf-12,E1/56,leaf,be-plane-a-spine-06,E1/48,spine
53,30881,connected,,,be-plane-a-leaf-12,E1/57,leaf,be-plane-a-spine-07,E1/45,spine
53,30882,connected,,,be-plane-a-leaf-12,E1/58,leaf,be-plane-a-spine-07,E1/46,spine
53,30883,connected,,,be-plane-a-leaf-12,E1/59,leaf,be-plane-a-spine-07,E1/47,spine
53,30884,connected,,,be-plane-a-leaf-12,E1/60,leaf,be-plane-a-spine-07,E1/48,spine
53,30885,connected,,,be-plane-a-leaf-12,E1/61,leaf,be-plane-a-spine-08,E1/45,spine
53,30886,connected,,,be-plane-a-leaf-12,E1/62,leaf,be-plane-a-spine-08,E1/46,spine
53,30887,connected,,,be-plane-a-leaf-12,E1/63,leaf,be-plane-a-spine-08,E1/47,spine
53,30888,connected,,,be-plane-a-leaf-12,E1/64,leaf,be-plane-a-spine-08,E1/48,spine
53,30889,connected,,,be-plane-a-leaf-13,E1/33,leaf,be-plane-a-spine-01,E1/49,spine
53,30890,connected,,,be-plane-a-leaf-13,E1/34,leaf,be-plane-a-spine-01,E1/50,spine
53,30891,connected,,,be-plane-a-leaf-13,E1/35,leaf,be-plane-a-spine-01,E1/51,spine
53,30892,connected,,,be-plane-a-leaf-13,E1/36,leaf,be-plane-a-spine-01,E1/52,spine
53,30893,connected,,,be-plane-a-leaf-13,E1/37,leaf,be-plane-a-spine-02,E1/49,spine
53,30894,connected,,,be-plane-a-leaf-13,E1/38,leaf,be-plane-a-spine-02,E1/50,spine
53,30895,connected,,,be-plane-a-leaf-13,E1/39,leaf,be-plane-a-spine-02,E1/51,spine
53,30896,connected,,,be-plane-a-leaf-13,E1/40,leaf,be-plane-a-spine-02,E1/52,spine
53,30897,connected,,,be-plane-a-leaf-13,E1/41,leaf,be-plane-a-spine-03,E1/49,spine
53,30898,connected,,,be-plane-a-leaf-13,E1/42,leaf,be-plane-a-spine-03,E1/50,spine
53,30899,connected,,,be-plane-a-leaf-13,E1/43,leaf,be-plane-a-spine-03,E1/51,spine
53,30900,connected,,,be-plane-a-leaf-13,E1/44,leaf,be-plane-a-spine-03,E1/52,spine
53,30901,connected,,,be-plane-a-leaf-13,E1/45,leaf,be-plane-a-spine-04,E1/49,spine
53,30902,connected,,,be-plane-a-leaf-13,E1/46,leaf,be-plane-a-spine-04,E1/50,spine
53,30903,connected,,,be-plane-a-leaf-13,E1/47,leaf,be-plane-a-spine-04,E1/51,spine
53,30904,connected,,,be-plane-a-leaf-13,E1/48,leaf,be-plane-a-spine-04,E1/52,spine
53,30905,connected,,,be-plane-a-leaf-13,E1/49,leaf,be-plane-a-spine-05,E1/49,spine
53,30906,connected,,,be-plane-a-leaf-13,E1/50,leaf,be-plane-a-spine-05,E1/50,spine
53,30907,connected,,,be-plane-a-leaf-13,E1/51,leaf,be-plane-a-spine-05,E1/51,spine
53,30908,connected,,,be-plane-a-leaf-13,E1/52,leaf,be-plane-a-spine-05,E1/52,spine
53,30909,connected,,,be-plane-a-leaf-13,E1/53,leaf,be-plane-a-spine-06,E1/49,spine
53,30910,connected,,,be-plane-a-leaf-13,E1/54,leaf,be-plane-a-spine-06,E1/50,spine
53,30911,connected,,,be-plane-a-leaf-13,E1/55,leaf,be-plane-a-spine-06,E1/51,spine
53,30912,connected,,,be-plane-a-leaf-13,E1/56,leaf,be-plane-a-spine-06,E1/52,spine
53,30913,connected,,,be-plane-a-leaf-13,E1/57,leaf,be-plane-a-spine-07,E1/49,spine
53,30914,connected,,,be-plane-a-leaf-13,E1/58,leaf,be-plane-a-spine-07,E1/50,spine
53,30915,connected,,,be-plane-a-leaf-13,E1/59,leaf,be-plane-a-spine-07,E1/51,spine
53,30916,connected,,,be-plane-a-leaf-13,E1/60,leaf,be-plane-a-spine-07,E1/52,spine
53,30917,connected,,,be-plane-a-leaf-13,E1/61,leaf,be-plane-a-spine-08,E1/49,spine
53,30918,connected,,,be-plane-a-leaf-13,E1/62,leaf,be-plane-a-spine-08,E1/50,spine
53,30919,connected,,,be-plane-a-leaf-13,E1/63,leaf,be-plane-a-spine-08,E1/51,spine
53,30920,connected,,,be-plane-a-leaf-13,E1/64,leaf,be-plane-a-spine-08,E1/52,spine
53,30921,connected,,,be-plane-a-leaf-14,E1/33,leaf,be-plane-a-spine-01,E1/53,spine
53,30922,connected,,,be-plane-a-leaf-14,E1/34,leaf,be-plane-a-spine-01,E1/54,spine
53,30923,connected,,,be-plane-a-leaf-14,E1/35,leaf,be-plane-a-spine-01,E1/55,spine
53,30924,connected,,,be-plane-a-leaf-14,E1/36,leaf,be-plane-a-spine-01,E1/56,spine
53,30925,connected,,,be-plane-a-leaf-14,E1/37,leaf,be-plane-a-spine-02,E1/53,spine
53,30926,connected,,,be-plane-a-leaf-14,E1/38,leaf,be-plane-a-spine-02,E1/54,spine
53,30927,connected,,,be-plane-a-leaf-14,E1/39,leaf,be-plane-a-spine-02,E1/55,spine
53,30928,connected,,,be-plane-a-leaf-14,E1/40,leaf,be-plane-a-spine-02,E1/56,spine
53,30929,connected,,,be-plane-a-leaf-14,E1/41,leaf,be-plane-a-spine-03,E1/53,spine
53,30930,connected,,,be-plane-a-leaf-14,E1/42,leaf,be-plane-a-spine-03,E1/54,spine
53,30931,connected,,,be-plane-a-leaf-14,E1/43,leaf,be-plane-a-spine-03,E1/55,spine
53,30932,connected,,,be-plane-a-leaf-14,E1/44,leaf,be-plane-a-spine-03,E1/56,spine
53,30933,connected,,,be-plane-a-leaf-14,E1/45,leaf,be-plane-a-spine-04,E1/53,spine
53,30934,connected,,,be-plane-a-leaf-14,E1/46,leaf,be-plane-a-spine-04,E1/54,spine
53,30935,connected,,,be-plane-a-leaf-14,E1/47,leaf,be-plane-a-spine-04,E1/55,spine
53,30936,connected,,,be-plane-a-leaf-14,E1/48,leaf,be-plane-a-spine-04,E1/56,spine
53,30937,connected,,,be-plane-a-leaf-14,E1/49,leaf,be-plane-a-spine-05,E1/53,spine
53,30938,connected,,,be-plane-a-leaf-14,E1/50,leaf,be-plane-a-spine-05,E1/54,spine
53,30939,connected,,,be-plane-a-leaf-14,E1/51,leaf,be-plane-a-spine-05,E1/55,spine
53,30940,connected,,,be-plane-a-leaf-14,E1/52,leaf,be-plane-a-spine-05,E1/56,spine
53,30941,connected,,,be-plane-a-leaf-14,E1/53,leaf,be-plane-a-spine-06,E1/53,spine
53,30942,connected,,,be-plane-a-leaf-14,E1/54,leaf,be-plane-a-spine-06,E1/54,spine
53,30943,connected,,,be-plane-a-leaf-14,E1/55,leaf,be-plane-a-spine-06,E1/55,spine
53,30944,connected,,,be-plane-a-leaf-14,E1/56,leaf,be-plane-a-spine-06,E1/56,spine
53,30945,connected,,,be-plane-a-leaf-14,E1/57,leaf,be-plane-a-spine-07,E1/53,spine
53,30946,connected,,,be-plane-a-leaf-14,E1/58,leaf,be-plane-a-spine-07,E1/54,spine
53,30947,connected,,,be-plane-a-leaf-14,E1/59,leaf,be-plane-a-spine-07,E1/55,spine
53,30948,connected,,,be-plane-a-leaf-14,E1/60,leaf,be-plane-a-spine-07,E1/56,spine
53,30949,connected,,,be-plane-a-leaf-14,E1/61,leaf,be-plane-a-spine-08,E1/53,spine
53,30950,connected,,,be-plane-a-leaf-14,E1/62,leaf,be-plane-a-spine-08,E1/54,spine
53,30951,connected,,,be-plane-a-leaf-14,E1/63,leaf,be-plane-a-spine-08,E1/55,spine
53,30952,connected,,,be-plane-a-leaf-14,E1/64,leaf,be-plane-a-spine-08,E1/56,spine
53,30953,connected,,,be-plane-a-leaf-15,E1/33,leaf,be-plane-a-spine-01,E1/57,spine
53,30954,connected,,,be-plane-a-leaf-15,E1/34,leaf,be-plane-a-spine-01,E1/58,spine
53,30955,connected,,,be-plane-a-leaf-15,E1/35,leaf,be-plane-a-spine-01,E1/59,spine
53,30956,connected,,,be-plane-a-leaf-15,E1/36,leaf,be-plane-a-spine-01,E1/60,spine
53,30957,connected,,,be-plane-a-leaf-15,E1/37,leaf,be-plane-a-spine-02,E1/57,spine
53,30958,connected,,,be-plane-a-leaf-15,E1/38,leaf,be-plane-a-spine-02,E1/58,spine
53,30959,connected,,,be-plane-a-leaf-15,E1/39,leaf,be-plane-a-spine-02,E1/59,spine
53,30960,connected,,,be-plane-a-leaf-15,E1/40,leaf,be-plane-a-spine-02,E1/60,spine
53,30961,connected,,,be-plane-a-leaf-15,E1/41,leaf,be-plane-a-spine-03,E1/57,spine
53,30962,connected,,,be-plane-a-leaf-15,E1/42,leaf,be-plane-a-spine-03,E1/58,spine
53,30963,connected,,,be-plane-a-leaf-15,E1/43,leaf,be-plane-a-spine-03,E1/59,spine
53,30964,connected,,,be-plane-a-leaf-15,E1/44,leaf,be-plane-a-spine-03,E1/60,spine
53,30965,connected,,,be-plane-a-leaf-15,E1/45,leaf,be-plane-a-spine-04,E1/57,spine
53,30966,connected,,,be-plane-a-leaf-15,E1/46,leaf,be-plane-a-spine-04,E1/58,spine
53,30967,connected,,,be-plane-a-leaf-15,E1/47,leaf,be-plane-a-spine-04,E1/59,spine
53,30968,connected,,,be-plane-a-leaf-15,E1/48,leaf,be-plane-a-spine-04,E1/60,spine
53,30969,connected,,,be-plane-a-leaf-15,E1/49,leaf,be-plane-a-spine-05,E1/57,spine
53,30970,connected,,,be-plane-a-leaf-15,E1/50,leaf,be-plane-a-spine-05,E1/58,spine
53,30971,connected,,,be-plane-a-leaf-15,E1/51,leaf,be-plane-a-spine-05,E1/59,spine
53,30972,connected,,,be-plane-a-leaf-15,E1/52,leaf,be-plane-a-spine-05,E1/60,spine
53,30973,connected,,,be-plane-a-leaf-15,E1/53,leaf,be-plane-a-spine-06,E1/57,spine
53,30974,connected,,,be-plane-a-leaf-15,E1/54,leaf,be-plane-a-spine-06,E1/58,spine
53,30975,connected,,,be-plane-a-leaf-15,E1/55,leaf,be-plane-a-spine-06,E1/59,spine
53,30976,connected,,,be-plane-a-leaf-15,E1/56,leaf,be-plane-a-spine-06,E1/60,spine
53,30977,connected,,,be-plane-a-leaf-15,E1/57,leaf,be-plane-a-spine-07,E1/57,spine
53,30978,connected,,,be-plane-a-leaf-15,E1/58,leaf,be-plane-a-spine-07,E1/58,spine
53,30979,connected,,,be-plane-a-leaf-15,E1/59,leaf,be-plane-a-spine-07,E1/59,spine
53,30980,connected,,,be-plane-a-leaf-15,E1/60,leaf,be-plane-a-spine-07,E1/60,spine
53,30981,connected,,,be-plane-a-leaf-15,E1/61,leaf,be-plane-a-spine-08,E1/57,spine
53,30982,connected,,,be-plane-a-leaf-15,E1/62,leaf,be-plane-a-spine-08,E1/58,spine
53,30983,connected,,,be-plane-a-leaf-15,E1/63,leaf,be-plane-a-spine-08,E1/59,spine
53,30984,connected,,,be-plane-a-leaf-15,E1/64,leaf,be-plane-a-spine-08,E1/60,spine
53,30985,connected,,,be-plane-a-leaf-16,E1/33,leaf,be-plane-a-spine-01,E1/61,spine
53,30986,connected,,,be-plane-a-leaf-16,E1/34,leaf,be-plane-a-spine-01,E1/62,spine
53,30987,connected,,,be-plane-a-leaf-16,E1/35,leaf,be-plane-a-spine-01,E1/63,spine
53,30988,connected,,,be-plane-a-leaf-16,E1/36,leaf,be-plane-a-spine-01,E1/64,spine
53,30989,connected,,,be-plane-a-leaf-16,E1/37,leaf,be-plane-a-spine-02,E1/61,spine
53,30990,connected,,,be-plane-a-leaf-16,E1/38,leaf,be-plane-a-spine-02,E1/62,spine
53,30991,connected,,,be-plane-a-leaf-16,E1/39,leaf,be-plane-a-spine-02,E1/63,spine
53,30992,connected,,,be-plane-a-leaf-16,E1/40,leaf,be-plane-a-spine-02,E1/64,spine
53,30993,connected,,,be-plane-a-leaf-16,E1/41,leaf,be-plane-a-spine-03,E1/61,spine
53,30994,connected,,,be-plane-a-leaf-16,E1/42,leaf,be-plane-a-spine-03,E1/62,spine
53,30995,connected,,,be-plane-a-leaf-16,E1/43,leaf,be-plane-a-spine-03,E1/63,spine
53,30996,connected,,,be-plane-a-leaf-16,E1/44,leaf,be-plane-a-spine-03,E1/64,spine
53,30997,connected,,,be-plane-a-leaf-16,E1/45,leaf,be-plane-a-spine-04,E1/61,spine
53,30998,connected,,,be-plane-a-leaf-16,E1/46,leaf,be-plane-a-spine-04,E1/62,spine
53,30999,connected,,,be-plane-a-leaf-16,E1/47,leaf,be-plane-a-spine-04,E1/63,spine
53,31000,connected,,,be-plane-a-leaf-16,E1/48,leaf,be-plane-a-spine-04,E1/64,spine
53,31001,connected,,,be-plane-a-leaf-16,E1/49,leaf,be-plane-a-spine-05,E1/61,spine
53,31002,connected,,,be-plane-a-leaf-16,E1/50,leaf,be-plane-a-spine-05,E1/62,spine
53,31003,connected,,,be-plane-a-leaf-16,E1/51,leaf,be-plane-a-spine-05,E1/63,spine
53,31004,connected,,,be-plane-a-leaf-16,E1/52,leaf,be-plane-a-spine-05,E1/64,spine
53,31005,connected,,,be-plane-a-leaf-16,E1/53,leaf,be-plane-a-spine-06,E1/61,spine
53,31006,connected,,,be-plane-a-leaf-16,E1/54,leaf,be-plane-a-spine-06,E1/62,spine
53,31007,connected,,,be-plane-a-leaf-16,E1/55,leaf,be-plane-a-spine-06,E1/63,spine
53,31008,connected,,,be-plane-a-leaf-16,E1/56,leaf,be-plane-a-spine-06,E1/64,spine
53,31009,connected,,,be-plane-a-leaf-16,E1/57,leaf,be-plane-a-spine-07,E1/61,spine
53,31010,connected,,,be-plane-a-leaf-16,E1/58,leaf,be-plane-a-spine-07,E1/62,spine
53,31011,connected,,,be-plane-a-leaf-16,E1/59,leaf,be-plane-a-spine-07,E1/63,spine
53,31012,connected,,,be-plane-a-leaf-16,E1/60,leaf,be-plane-a-spine-07,E1/64,spine
53,31013,connected,,,be-plane-a-leaf-16,E1/61,leaf,be-plane-a-spine-08,E1/61,spine
53,31014,connected,,,be-plane-a-leaf-16,E1/62,leaf,be-plane-a-spine-08,E1/62,spine
53,31015,connected,,,be-plane-a-leaf-16,E1/63,leaf,be-plane-a-spine-08,E1/63,spine
53,31016,connected,,,be-plane-a-leaf-16,E1/64,leaf,be-plane-a-spine-08,E1/64,spine
53,31017,connected,,,be-plane-b-leaf-01,E1/33,leaf,be-plane-b-spine-01,E1/1,spine
53,31018,connected,,,be-plane-b-leaf-01,E1/34,leaf,be-plane-b-spine-01,E1/2,spine
53,31019,connected,,,be-plane-b-leaf-01,E1/35,leaf,be-plane-b-spine-01,E1/3,spine
53,31020,connected,,,be-plane-b-leaf-01,E1/36,leaf,be-plane-b-spine-01,E1/4,spine
53,31021,connected,,,be-plane-b-leaf-01,E1/37,leaf,be-plane-b-spine-02,E1/1,spine
53,31022,connected,,,be-plane-b-leaf-01,E1/38,leaf,be-plane-b-spine-02,E1/2,spine
53,31023,connected,,,be-plane-b-leaf-01,E1/39,leaf,be-plane-b-spine-02,E1/3,spine
53,31024,connected,,,be-plane-b-leaf-01,E1/40,leaf,be-plane-b-spine-02,E1/4,spine
53,31025,connected,,,be-plane-b-leaf-01,E1/41,leaf,be-plane-b-spine-03,E1/1,spine
53,31026,connected,,,be-plane-b-leaf-01,E1/42,leaf,be-plane-b-spine-03,E1/2,spine
53,31027,connected,,,be-plane-b-leaf-01,E1/43,leaf,be-plane-b-spine-03,E1/3,spine
53,31028,connected,,,be-plane-b-leaf-01,E1/44,leaf,be-plane-b-spine-03,E1/4,spine
53,31029,connected,,,be-plane-b-leaf-01,E1/45,leaf,be-plane-b-spine-04,E1/1,spine
53,31030,connected,,,be-plane-b-leaf-01,E1/46,leaf,be-plane-b-spine-04,E1/2,spine
53,31031,connected,,,be-plane-b-leaf-01,E1/47,leaf,be-plane-b-spine-04,E1/3,spine
53,31032,connected,,,be-plane-b-leaf-01,E1/48,leaf,be-plane-b-spine-04,E1/4,spine
53,31033,connected,,,be-plane-b-leaf-01,E1/49,leaf,be-plane-b-spine-05,E1/1,spine
53,31034,connected,,,be-plane-b-leaf-01,E1/50,leaf,be-plane-b-spine-05,E1/2,spine
53,31035,connected,,,be-plane-b-leaf-01,E1/51,leaf,be-plane-b-spine-05,E1/3,spine
53,31036,connected,,,be-plane-b-leaf-01,E1/52,leaf,be-plane-b-spine-05,E1/4,spine
53,31037,connected,,,be-plane-b-leaf-01,E1/53,leaf,be-plane-b-spine-06,E1/1,spine
53,31038,connected,,,be-plane-b-leaf-01,E1/54,leaf,be-plane-b-spine-06,E1/2,spine
53,31039,connected,,,be-plane-b-leaf-01,E1/55,leaf,be-plane-b-spine-06,E1/3,spine
53,31040,connected,,,be-plane-b-leaf-01,E1/56,leaf,be-plane-b-spine-06,E1/4,spine
53,31041,connected,,,be-plane-b-leaf-01,E1/57,leaf,be-plane-b-spine-07,E1/1,spine
53,31042,connected,,,be-plane-b-leaf-01,E1/58,leaf,be-plane-b-spine-07,E1/2,spine
53,31043,connected,,,be-plane-b-leaf-01,E1/59,leaf,be-plane-b-spine-07,E1/3,spine
53,31044,connected,,,be-plane-b-leaf-01,E1/60,leaf,be-plane-b-spine-07,E1/4,spine
53,31045,connected,,,be-plane-b-leaf-01,E1/61,leaf,be-plane-b-spine-08,E1/1,spine
53,31046,connected,,,be-plane-b-leaf-01,E1/62,leaf,be-plane-b-spine-08,E1/2,spine
53,31047,connected,,,be-plane-b-leaf-01,E1/63,leaf,be-plane-b-spine-08,E1/3,spine
53,31048,connected,,,be-plane-b-leaf-01,E1/64,leaf,be-plane-b-spine-08,E1/4,spine
53,31049,connected,,,be-plane-b-leaf-02,E1/33,leaf,be-plane-b-spine-01,E1/5,spine
53,31050,connected,,,be-plane-b-leaf-02,E1/34,leaf,be-plane-b-spine-01,E1/6,spine
53,31051,connected,,,be-plane-b-leaf-02,E1/35,leaf,be-plane-b-spine-01,E1/7,spine
53,31052,connected,,,be-plane-b-leaf-02,E1/36,leaf,be-plane-b-spine-01,E1/8,spine
53,31053,connected,,,be-plane-b-leaf-02,E1/37,leaf,be-plane-b-spine-02,E1/5,spine
53,31054,connected,,,be-plane-b-leaf-02,E1/38,leaf,be-plane-b-spine-02,E1/6,spine
53,31055,connected,,,be-plane-b-leaf-02,E1/39,leaf,be-plane-b-spine-02,E1/7,spine
53,31056,connected,,,be-plane-b-leaf-02,E1/40,leaf,be-plane-b-spine-02,E1/8,spine
53,31057,connected,,,be-plane-b-leaf-02,E1/41,leaf,be-plane-b-spine-03,E1/5,spine
53,31058,connected,,,be-plane-b-leaf-02,E1/42,leaf,be-plane-b-spine-03,E1/6,spine
53,31059,connected,,,be-plane-b-leaf-02,E1/43,leaf,be-plane-b-spine-03,E1/7,spine
53,31060,connected,,,be-plane-b-leaf-02,E1/44,leaf,be-plane-b-spine-03,E1/8,spine
53,31061,connected,,,be-plane-b-leaf-02,E1/45,leaf,be-plane-b-spine-04,E1/5,spine
53,31062,connected,,,be-plane-b-leaf-02,E1/46,leaf,be-plane-b-spine-04,E1/6,spine
53,31063,connected,,,be-plane-b-leaf-02,E1/47,leaf,be-plane-b-spine-04,E1/7,spine
53,31064,connected,,,be-plane-b-leaf-02,E1/48,leaf,be-plane-b-spine-04,E1/8,spine
53,31065,connected,,,be-plane-b-leaf-02,E1/49,leaf,be-plane-b-spine-05,E1/5,spine
53,31066,connected,,,be-plane-b-leaf-02,E1/50,leaf,be-plane-b-spine-05,E1/6,spine
53,31067,connected,,,be-plane-b-leaf-02,E1/51,leaf,be-plane-b-spine-05,E1/7,spine
53,31068,connected,,,be-plane-b-leaf-02,E1/52,leaf,be-plane-b-spine-05,E1/8,spine
53,31069,connected,,,be-plane-b-leaf-02,E1/53,leaf,be-plane-b-spine-06,E1/5,spine
53,31070,connected,,,be-plane-b-leaf-02,E1/54,leaf,be-plane-b-spine-06,E1/6,spine
53,31071,connected,,,be-plane-b-leaf-02,E1/55,leaf,be-plane-b-spine-06,E1/7,spine
53,31072,connected,,,be-plane-b-leaf-02,E1/56,leaf,be-plane-b-spine-06,E1/8,spine
53,31073,connected,,,be-plane-b-leaf-02,E1/57,leaf,be-plane-b-spine-07,E1/5,spine
53,31074,connected,,,be-plane-b-leaf-02,E1/58,leaf,be-plane-b-spine-07,E1/6,spine
53,31075,connected,,,be-plane-b-leaf-02,E1/59,leaf,be-plane-b-spine-07,E1/7,spine
53,31076,connected,,,be-plane-b-leaf-02,E1/60,leaf,be-plane-b-spine-07,E1/8,spine
53,31077,connected,,,be-plane-b-leaf-02,E1/61,leaf,be-plane-b-spine-08,E1/5,spine
53,31078,connected,,,be-plane-b-leaf-02,E1/62,leaf,be-plane-b-spine-08,E1/6,spine
53,31079,connected,,,be-plane-b-leaf-02,E1/63,leaf,be-plane-b-spine-08,E1/7,spine
53,31080,connected,,,be-plane-b-leaf-02,E1/64,leaf,be-plane-b-spine-08,E1/8,spine
53,31081,connected,,,be-plane-b-leaf-03,E1/33,leaf,be-plane-b-spine-01,E1/9,spine
53,31082,connected,,,be-plane-b-leaf-03,E1/34,leaf,be-plane-b-spine-01,E1/10,spine
53,31083,connected,,,be-plane-b-leaf-03,E1/35,leaf,be-plane-b-spine-01,E1/11,spine
53,31084,connected,,,be-plane-b-leaf-03,E1/36,leaf,be-plane-b-spine-01,E1/12,spine
53,31085,connected,,,be-plane-b-leaf-03,E1/37,leaf,be-plane-b-spine-02,E1/9,spine
53,31086,connected,,,be-plane-b-leaf-03,E1/38,leaf,be-plane-b-spine-02,E1/10,spine
53,31087,connected,,,be-plane-b-leaf-03,E1/39,leaf,be-plane-b-spine-02,E1/11,spine
53,31088,connected,,,be-plane-b-leaf-03,E1/40,leaf,be-plane-b-spine-02,E1/12,spine
53,31089,connected,,,be-plane-b-leaf-03,E1/41,leaf,be-plane-b-spine-03,E1/9,spine
53,31090,connected,,,be-plane-b-leaf-03,E1/42,leaf,be-plane-b-spine-03,E1/10,spine
53,31091,connected,,,be-plane-b-leaf-03,E1/43,leaf,be-plane-b-spine-03,E1/11,spine
53,31092,connected,,,be-plane-b-leaf-03,E1/44,leaf,be-plane-b-spine-03,E1/12,spine
53,31093,connected,,,be-plane-b-leaf-03,E1/45,leaf,be-plane-b-spine-04,E1/9,spine
53,31094,connected,,,be-plane-b-leaf-03,E1/46,leaf,be-plane-b-spine-04,E1/10,spine
53,31095,connected,,,be-plane-b-leaf-03,E1/47,leaf,be-plane-b-spine-04,E1/11,spine
53,31096,connected,,,be-plane-b-leaf-03,E1/48,leaf,be-plane-b-spine-04,E1/12,spine
53,31097,connected,,,be-plane-b-leaf-03,E1/49,leaf,be-plane-b-spine-05,E1/9,spine
53,31098,connected,,,be-plane-b-leaf-03,E1/50,leaf,be-plane-b-spine-05,E1/10,spine
53,31099,connected,,,be-plane-b-leaf-03,E1/51,leaf,be-plane-b-spine-05,E1/11,spine
53,31100,connected,,,be-plane-b-leaf-03,E1/52,leaf,be-plane-b-spine-05,E1/12,spine
53,31101,connected,,,be-plane-b-leaf-03,E1/53,leaf,be-plane-b-spine-06,E1/9,spine
53,31102,connected,,,be-plane-b-leaf-03,E1/54,leaf,be-plane-b-spine-06,E1/10,spine
53,31103,connected,,,be-plane-b-leaf-03,E1/55,leaf,be-plane-b-spine-06,E1/11,spine
53,31104,connected,,,be-plane-b-leaf-03,E1/56,leaf,be-plane-b-spine-06,E1/12,spine
53,31105,connected,,,be-plane-b-leaf-03,E1/57,leaf,be-plane-b-spine-07,E1/9,spine
53,31106,connected,,,be-plane-b-leaf-03,E1/58,leaf,be-plane-b-spine-07,E1/10,spine
53,31107,connected,,,be-plane-b-leaf-03,E1/59,leaf,be-plane-b-spine-07,E1/11,spine
53,31108,connected,,,be-plane-b-leaf-03,E1/60,leaf,be-plane-b-spine-07,E1/12,spine
53,31109,connected,,,be-plane-b-leaf-03,E1/61,leaf,be-plane-b-spine-08,E1/9,spine
53,31110,connected,,,be-plane-b-leaf-03,E1/62,leaf,be-plane-b-spine-08,E1/10,spine
53,31111,connected,,,be-plane-b-leaf-03,E1/63,leaf,be-plane-b-spine-08,E1/11,spine
53,31112,connected,,,be-plane-b-leaf-03,E1/64,leaf,be-plane-b-spine-08,E1/12,spine
53,31113,connected,,,be-plane-b-leaf-04,E1/33,leaf,be-plane-b-spine-01,E1/13,spine
53,31114,connected,,,be-plane-b-leaf-04,E1/34,leaf,be-plane-b-spine-01,E1/14,spine
53,31115,connected,,,be-plane-b-leaf-04,E1/35,leaf,be-plane-b-spine-01,E1/15,spine
53,31116,connected,,,be-plane-b-leaf-04,E1/36,leaf,be-plane-b-spine-01,E1/16,spine
53,31117,connected,,,be-plane-b-leaf-04,E1/37,leaf,be-plane-b-spine-02,E1/13,spine
53,31118,connected,,,be-plane-b-leaf-04,E1/38,leaf,be-plane-b-spine-02,E1/14,spine
53,31119,connected,,,be-plane-b-leaf-04,E1/39,leaf,be-plane-b-spine-02,E1/15,spine
53,31120,connected,,,be-plane-b-leaf-04,E1/40,leaf,be-plane-b-spine-02,E1/16,spine
53,31121,connected,,,be-plane-b-leaf-04,E1/41,leaf,be-plane-b-spine-03,E1/13,spine
53,31122,connected,,,be-plane-b-leaf-04,E1/42,leaf,be-plane-b-spine-03,E1/14,spine
53,31123,connected,,,be-plane-b-leaf-04,E1/43,leaf,be-plane-b-spine-03,E1/15,spine
53,31124,connected,,,be-plane-b-leaf-04,E1/44,leaf,be-plane-b-spine-03,E1/16,spine
53,31125,connected,,,be-plane-b-leaf-04,E1/45,leaf,be-plane-b-spine-04,E1/13,spine
53,31126,connected,,,be-plane-b-leaf-04,E1/46,leaf,be-plane-b-spine-04,E1/14,spine
53,31127,connected,,,be-plane-b-leaf-04,E1/47,leaf,be-plane-b-spine-04,E1/15,spine
53,31128,connected,,,be-plane-b-leaf-04,E1/48,leaf,be-plane-b-spine-04,E1/16,spine
53,31129,connected,,,be-plane-b-leaf-04,E1/49,leaf,be-plane-b-spine-05,E1/13,spine
53,31130,connected,,,be-plane-b-leaf-04,E1/50,leaf,be-plane-b-spine-05,E1/14,spine
53,31131,connected,,,be-plane-b-leaf-04,E1/51,leaf,be-plane-b-spine-05,E1/15,spine
53,31132,connected,,,be-plane-b-leaf-04,E1/52,leaf,be-plane-b-spine-05,E1/16,spine
53,31133,connected,,,be-plane-b-leaf-04,E1/53,leaf,be-plane-b-spine-06,E1/13,spine
53,31134,connected,,,be-plane-b-leaf-04,E1/54,leaf,be-plane-b-spine-06,E1/14,spine
53,31135,connected,,,be-plane-b-leaf-04,E1/55,leaf,be-plane-b-spine-06,E1/15,spine
53,31136,connected,,,be-plane-b-leaf-04,E1/56,leaf,be-plane-b-spine-06,E1/16,spine
53,31137,connected,,,be-plane-b-leaf-04,E1/57,leaf,be-plane-b-spine-07,E1/13,spine
53,31138,connected,,,be-plane-b-leaf-04,E1/58,leaf,be-plane-b-spine-07,E1/14,spine
53,31139,connected,,,be-plane-b-leaf-04,E1/59,leaf,be-plane-b-spine-07,E1/15,spine
53,31140,connected,,,be-plane-b-leaf-04,E1/60,leaf,be-plane-b-spine-07,E1/16,spine
53,31141,connected,,,be-plane-b-leaf-04,E1/61,leaf,be-plane-b-spine-08,E1/13,spine
53,31142,connected,,,be-plane-b-leaf-04,E1/62,leaf,be-plane-b-spine-08,E1/14,spine
53,31143,connected,,,be-plane-b-leaf-04,E1/63,leaf,be-plane-b-spine-08,E1/15,spine
53,31144,connected,,,be-plane-b-leaf-04,E1/64,leaf,be-plane-b-spine-08,E1/16,spine
53,31145,connected,,,be-plane-b-leaf-05,E1/33,leaf,be-plane-b-spine-01,E1/17,spine
53,31146,connected,,,be-plane-b-leaf-05,E1/34,leaf,be-plane-b-spine-01,E1/18,spine
53,31147,connected,,,be-plane-b-leaf-05,E1/35,leaf,be-plane-b-spine-01,E1/19,spine
53,31148,connected,,,be-plane-b-leaf-05,E1/36,leaf,be-plane-b-spine-01,E1/20,spine
53,31149,connected,,,be-plane-b-leaf-05,E1/37,leaf,be-plane-b-spine-02,E1/17,spine
53,31150,connected,,,be-plane-b-leaf-05,E1/38,leaf,be-plane-b-spine-02,E1/18,spine
53,31151,connected,,,be-plane-b-leaf-05,E1/39,leaf,be-plane-b-spine-02,E1/19,spine
53,31152,connected,,,be-plane-b-leaf-05,E1/40,leaf,be-plane-b-spine-02,E1/20,spine
53,31153,connected,,,be-plane-b-leaf-05,E1/41,leaf,be-plane-b-spine-03,E1/17,spine
53,31154,connected,,,be-plane-b-leaf-05,E1/42,leaf,be-plane-b-spine-03,E1/18,spine
53,31155,connected,,,be-plane-b-leaf-05,E1/43,leaf,be-plane-b-spine-03,E1/19,spine
53,31156,connected,,,be-plane-b-leaf-05,E1/44,leaf,be-plane-b-spine-03,E1/20,spine
53,31157,connected,,,be-plane-b-leaf-05,E1/45,leaf,be-plane-b-spine-04,E1/17,spine
53,31158,connected,,,be-plane-b-leaf-05,E1/46,leaf,be-plane-b-spine-04,E1/18,spine
53,31159,connected,,,be-plane-b-leaf-05,E1/47,leaf,be-plane-b-spine-04,E1/19,spine
53,31160,connected,,,be-plane-b-leaf-05,E1/48,leaf,be-plane-b-spine-04,E1/20,spine
53,31161,connected,,,be-plane-b-leaf-05,E1/49,leaf,be-plane-b-spine-05,E1/17,spine
53,31162,connected,,,be-plane-b-leaf-05,E1/50,leaf,be-plane-b-spine-05,E1/18,spine
53,31163,connected,,,be-plane-b-leaf-05,E1/51,leaf,be-plane-b-spine-05,E1/19,spine
53,31164,connected,,,be-plane-b-leaf-05,E1/52,leaf,be-plane-b-spine-05,E1/20,spine
53,31165,connected,,,be-plane-b-leaf-05,E1/53,leaf,be-plane-b-spine-06,E1/17,spine
53,31166,connected,,,be-plane-b-leaf-05,E1/54,leaf,be-plane-b-spine-06,E1/18,spine
53,31167,connected,,,be-plane-b-leaf-05,E1/55,leaf,be-plane-b-spine-06,E1/19,spine
53,31168,connected,,,be-plane-b-leaf-05,E1/56,leaf,be-plane-b-spine-06,E1/20,spine
53,31169,connected,,,be-plane-b-leaf-05,E1/57,leaf,be-plane-b-spine-07,E1/17,spine
53,31170,connected,,,be-plane-b-leaf-05,E1/58,leaf,be-plane-b-spine-07,E1/18,spine
53,31171,connected,,,be-plane-b-leaf-05,E1/59,leaf,be-plane-b-spine-07,E1/19,spine
53,31172,connected,,,be-plane-b-leaf-05,E1/60,leaf,be-plane-b-spine-07,E1/20,spine
53,31173,connected,,,be-plane-b-leaf-05,E1/61,leaf,be-plane-b-spine-08,E1/17,spine
53,31174,connected,,,be-plane-b-leaf-05,E1/62,leaf,be-plane-b-spine-08,E1/18,spine
53,31175,connected,,,be-plane-b-leaf-05,E1/63,leaf,be-plane-b-spine-08,E1/19,spine
53,31176,connected,,,be-plane-b-leaf-05,E1/64,leaf,be-plane-b-spine-08,E1/20,spine
53,31177,connected,,,be-plane-b-leaf-06,E1/33,leaf,be-plane-b-spine-01,E1/21,spine
53,31178,connected,,,be-plane-b-leaf-06,E1/34,leaf,be-plane-b-spine-01,E1/22,spine
53,31179,connected,,,be-plane-b-leaf-06,E1/35,leaf,be-plane-b-spine-01,E1/23,spine
53,31180,connected,,,be-plane-b-leaf-06,E1/36,leaf,be-plane-b-spine-01,E1/24,spine
53,31181,connected,,,be-plane-b-leaf-06,E1/37,leaf,be-plane-b-spine-02,E1/21,spine
53,31182,connected,,,be-plane-b-leaf-06,E1/38,leaf,be-plane-b-spine-02,E1/22,spine
53,31183,connected,,,be-plane-b-leaf-06,E1/39,leaf,be-plane-b-spine-02,E1/23,spine
53,31184,connected,,,be-plane-b-leaf-06,E1/40,leaf,be-plane-b-spine-02,E1/24,spine
53,31185,connected,,,be-plane-b-leaf-06,E1/41,leaf,be-plane-b-spine-03,E1/21,spine
53,31186,connected,,,be-plane-b-leaf-06,E1/42,leaf,be-plane-b-spine-03,E1/22,spine
53,31187,connected,,,be-plane-b-leaf-06,E1/43,leaf,be-plane-b-spine-03,E1/23,spine
53,31188,connected,,,be-plane-b-leaf-06,E1/44,leaf,be-plane-b-spine-03,E1/24,spine
53,31189,connected,,,be-plane-b-leaf-06,E1/45,leaf,be-plane-b-spine-04,E1/21,spine
53,31190,connected,,,be-plane-b-leaf-06,E1/46,leaf,be-plane-b-spine-04,E1/22,spine
53,31191,connected,,,be-plane-b-leaf-06,E1/47,leaf,be-plane-b-spine-04,E1/23,spine
53,31192,connected,,,be-plane-b-leaf-06,E1/48,leaf,be-plane-b-spine-04,E1/24,spine
53,31193,connected,,,be-plane-b-leaf-06,E1/49,leaf,be-plane-b-spine-05,E1/21,spine
53,31194,connected,,,be-plane-b-leaf-06,E1/50,leaf,be-plane-b-spine-05,E1/22,spine
53,31195,connected,,,be-plane-b-leaf-06,E1/51,leaf,be-plane-b-spine-05,E1/23,spine
53,31196,connected,,,be-plane-b-leaf-06,E1/52,leaf,be-plane-b-spine-05,E1/24,spine
53,31197,connected,,,be-plane-b-leaf-06,E1/53,leaf,be-plane-b-spine-06,E1/21,spine
53,31198,connected,,,be-plane-b-leaf-06,E1/54,leaf,be-plane-b-spine-06,E1/22,spine
53,31199,connected,,,be-plane-b-leaf-06,E1/55,leaf,be-plane-b-spine-06,E1/23,spine
53,31200,connected,,,be-plane-b-leaf-06,E1/56,leaf,be-plane-b-spine-06,E1/24,spine
53,31201,connected,,,be-plane-b-leaf-06,E1/57,leaf,be-plane-b-spine-07,E1/21,spine
53,31202,connected,,,be-plane-b-leaf-06,E1/58,leaf,be-plane-b-spine-07,E1/22,spine
53,31203,connected,,,be-plane-b-leaf-06,E1/59,leaf,be-plane-b-spine-07,E1/23,spine
53,31204,connected,,,be-plane-b-leaf-06,E1/60,leaf,be-plane-b-spine-07,E1/24,spine
53,31205,connected,,,be-plane-b-leaf-06,E1/61,leaf,be-plane-b-spine-08,E1/21,spine
53,31206,connected,,,be-plane-b-leaf-06,E1/62,leaf,be-plane-b-spine-08,E1/22,spine
53,31207,connected,,,be-plane-b-leaf-06,E1/63,leaf,be-plane-b-spine-08,E1/23,spine
53,31208,connected,,,be-plane-b-leaf-06,E1/64,leaf,be-plane-b-spine-08,E1/24,spine
53,31209,connected,,,be-plane-b-leaf-07,E1/33,leaf,be-plane-b-spine-01,E1/25,spine
53,31210,connected,,,be-plane-b-leaf-07,E1/34,leaf,be-plane-b-spine-01,E1/26,spine
53,31211,connected,,,be-plane-b-leaf-07,E1/35,leaf,be-plane-b-spine-01,E1/27,spine
53,31212,connected,,,be-plane-b-leaf-07,E1/36,leaf,be-plane-b-spine-01,E1/28,spine
53,31213,connected,,,be-plane-b-leaf-07,E1/37,leaf,be-plane-b-spine-02,E1/25,spine
53,31214,connected,,,be-plane-b-leaf-07,E1/38,leaf,be-plane-b-spine-02,E1/26,spine
53,31215,connected,,,be-plane-b-leaf-07,E1/39,leaf,be-plane-b-spine-02,E1/27,spine
53,31216,connected,,,be-plane-b-leaf-07,E1/40,leaf,be-plane-b-spine-02,E1/28,spine
53,31217,connected,,,be-plane-b-leaf-07,E1/41,leaf,be-plane-b-spine-03,E1/25,spine
53,31218,connected,,,be-plane-b-leaf-07,E1/42,leaf,be-plane-b-spine-03,E1/26,spine
53,31219,connected,,,be-plane-b-leaf-07,E1/43,leaf,be-plane-b-spine-03,E1/27,spine
53,31220,connected,,,be-plane-b-leaf-07,E1/44,leaf,be-plane-b-spine-03,E1/28,spine
53,31221,connected,,,be-plane-b-leaf-07,E1/45,leaf,be-plane-b-spine-04,E1/25,spine
53,31222,connected,,,be-plane-b-leaf-07,E1/46,leaf,be-plane-b-spine-04,E1/26,spine
53,31223,connected,,,be-plane-b-leaf-07,E1/47,leaf,be-plane-b-spine-04,E1/27,spine
53,31224,connected,,,be-plane-b-leaf-07,E1/48,leaf,be-plane-b-spine-04,E1/28,spine
53,31225,connected,,,be-plane-b-leaf-07,E1/49,leaf,be-plane-b-spine-05,E1/25,spine
53,31226,connected,,,be-plane-b-leaf-07,E1/50,leaf,be-plane-b-spine-05,E1/26,spine
53,31227,connected,,,be-plane-b-leaf-07,E1/51,leaf,be-plane-b-spine-05,E1/27,spine
53,31228,connected,,,be-plane-b-leaf-07,E1/52,leaf,be-plane-b-spine-05,E1/28,spine
53,31229,connected,,,be-plane-b-leaf-07,E1/53,leaf,be-plane-b-spine-06,E1/25,spine
53,31230,connected,,,be-plane-b-leaf-07,E1/54,leaf,be-plane-b-spine-06,E1/26,spine
53,31231,connected,,,be-plane-b-leaf-07,E1/55,leaf,be-plane-b-spine-06,E1/27,spine
53,31232,connected,,,be-plane-b-leaf-07,E1/56,leaf,be-plane-b-spine-06,E1/28,spine
53,31233,connected,,,be-plane-b-leaf-07,E1/57,leaf,be-plane-b-spine-07,E1/25,spine
53,31234,connected,,,be-plane-b-leaf-07,E1/58,leaf,be-plane-b-spine-07,E1/26,spine
53,31235,connected,,,be-plane-b-leaf-07,E1/59,leaf,be-plane-b-spine-07,E1/27,spine
53,31236,connected,,,be-plane-b-leaf-07,E1/60,leaf,be-plane-b-spine-07,E1/28,spine
53,31237,connected,,,be-plane-b-leaf-07,E1/61,leaf,be-plane-b-spine-08,E1/25,spine
53,31238,connected,,,be-plane-b-leaf-07,E1/62,leaf,be-plane-b-spine-08,E1/26,spine
53,31239,connected,,,be-plane-b-leaf-07,E1/63,leaf,be-plane-b-spine-08,E1/27,spine
53,31240,connected,,,be-plane-b-leaf-07,E1/64,leaf,be-plane-b-spine-08,E1/28,spine
53,31241,connected,,,be-plane-b-leaf-08,E1/33,leaf,be-plane-b-spine-01,E1/29,spine
53,31242,connected,,,be-plane-b-leaf-08,E1/34,leaf,be-plane-b-spine-01,E1/30,spine
53,31243,connected,,,be-plane-b-leaf-08,E1/35,leaf,be-plane-b-spine-01,E1/31,spine
53,31244,connected,,,be-plane-b-leaf-08,E1/36,leaf,be-plane-b-spine-01,E1/32,spine
53,31245,connected,,,be-plane-b-leaf-08,E1/37,leaf,be-plane-b-spine-02,E1/29,spine
53,31246,connected,,,be-plane-b-leaf-08,E1/38,leaf,be-plane-b-spine-02,E1/30,spine
53,31247,connected,,,be-plane-b-leaf-08,E1/39,leaf,be-plane-b-spine-02,E1/31,spine
53,31248,connected,,,be-plane-b-leaf-08,E1/40,leaf,be-plane-b-spine-02,E1/32,spine
53,31249,connected,,,be-plane-b-leaf-08,E1/41,leaf,be-plane-b-spine-03,E1/29,spine
53,31250,connected,,,be-plane-b-leaf-08,E1/42,leaf,be-plane-b-spine-03,E1/30,spine
53,31251,connected,,,be-plane-b-leaf-08,E1/43,leaf,be-plane-b-spine-03,E1/31,spine
53,31252,connected,,,be-plane-b-leaf-08,E1/44,leaf,be-plane-b-spine-03,E1/32,spine
53,31253,connected,,,be-plane-b-leaf-08,E1/45,leaf,be-plane-b-spine-04,E1/29,spine
53,31254,connected,,,be-plane-b-leaf-08,E1/46,leaf,be-plane-b-spine-04,E1/30,spine
53,31255,connected,,,be-plane-b-leaf-08,E1/47,leaf,be-plane-b-spine-04,E1/31,spine
53,31256,connected,,,be-plane-b-leaf-08,E1/48,leaf,be-plane-b-spine-04,E1/32,spine
53,31257,connected,,,be-plane-b-leaf-08,E1/49,leaf,be-plane-b-spine-05,E1/29,spine
53,31258,connected,,,be-plane-b-leaf-08,E1/50,leaf,be-plane-b-spine-05,E1/30,spine
53,31259,connected,,,be-plane-b-leaf-08,E1/51,leaf,be-plane-b-spine-05,E1/31,spine
53,31260,connected,,,be-plane-b-leaf-08,E1/52,leaf,be-plane-b-spine-05,E1/32,spine
53,31261,connected,,,be-plane-b-leaf-08,E1/53,leaf,be-plane-b-spine-06,E1/29,spine
53,31262,connected,,,be-plane-b-leaf-08,E1/54,leaf,be-plane-b-spine-06,E1/30,spine
53,31263,connected,,,be-plane-b-leaf-08,E1/55,leaf,be-plane-b-spine-06,E1/31,spine
53,31264,connected,,,be-plane-b-leaf-08,E1/56,leaf,be-plane-b-spine-06,E1/32,spine
53,31265,connected,,,be-plane-b-leaf-08,E1/57,leaf,be-plane-b-spine-07,E1/29,spine
53,31266,connected,,,be-plane-b-leaf-08,E1/58,leaf,be-plane-b-spine-07,E1/30,spine
53,31267,connected,,,be-plane-b-leaf-08,E1/59,leaf,be-plane-b-spine-07,E1/31,spine
53,31268,connected,,,be-plane-b-leaf-08,E1/60,leaf,be-plane-b-spine-07,E1/32,spine
53,31269,connected,,,be-plane-b-leaf-08,E1/61,leaf,be-plane-b-spine-08,E1/29,spine
53,31270,connected,,,be-plane-b-leaf-08,E1/62,leaf,be-plane-b-spine-08,E1/30,spine
53,31271,connected,,,be-plane-b-leaf-08,E1/63,leaf,be-plane-b-spine-08,E1/31,spine
53,31272,connected,,,be-plane-b-leaf-08,E1/64,leaf,be-plane-b-spine-08,E1/32,spine
53,31273,connected,,,be-plane-b-leaf-09,E1/33,leaf,be-plane-b-spine-01,E1/33,spine
53,31274,connected,,,be-plane-b-leaf-09,E1/34,leaf,be-plane-b-spine-01,E1/34,spine
53,31275,connected,,,be-plane-b-leaf-09,E1/35,leaf,be-plane-b-spine-01,E1/35,spine
53,31276,connected,,,be-plane-b-leaf-09,E1/36,leaf,be-plane-b-spine-01,E1/36,spine
53,31277,connected,,,be-plane-b-leaf-09,E1/37,leaf,be-plane-b-spine-02,E1/33,spine
53,31278,connected,,,be-plane-b-leaf-09,E1/38,leaf,be-plane-b-spine-02,E1/34,spine
53,31279,connected,,,be-plane-b-leaf-09,E1/39,leaf,be-plane-b-spine-02,E1/35,spine
53,31280,connected,,,be-plane-b-leaf-09,E1/40,leaf,be-plane-b-spine-02,E1/36,spine
53,31281,connected,,,be-plane-b-leaf-09,E1/41,leaf,be-plane-b-spine-03,E1/33,spine
53,31282,connected,,,be-plane-b-leaf-09,E1/42,leaf,be-plane-b-spine-03,E1/34,spine
53,31283,connected,,,be-plane-b-leaf-09,E1/43,leaf,be-plane-b-spine-03,E1/35,spine
53,31284,connected,,,be-plane-b-leaf-09,E1/44,leaf,be-plane-b-spine-03,E1/36,spine
53,31285,connected,,,be-plane-b-leaf-09,E1/45,leaf,be-plane-b-spine-04,E1/33,spine
53,31286,connected,,,be-plane-b-leaf-09,E1/46,leaf,be-plane-b-spine-04,E1/34,spine
53,31287,connected,,,be-plane-b-leaf-09,E1/47,leaf,be-plane-b-spine-04,E1/35,spine
53,31288,connected,,,be-plane-b-leaf-09,E1/48,leaf,be-plane-b-spine-04,E1/36,spine
53,31289,connected,,,be-plane-b-leaf-09,E1/49,leaf,be-plane-b-spine-05,E1/33,spine
53,31290,connected,,,be-plane-b-leaf-09,E1/50,leaf,be-plane-b-spine-05,E1/34,spine
53,31291,connected,,,be-plane-b-leaf-09,E1/51,leaf,be-plane-b-spine-05,E1/35,spine
53,31292,connected,,,be-plane-b-leaf-09,E1/52,leaf,be-plane-b-spine-05,E1/36,spine
53,31293,connected,,,be-plane-b-leaf-09,E1/53,leaf,be-plane-b-spine-06,E1/33,spine
53,31294,connected,,,be-plane-b-leaf-09,E1/54,leaf,be-plane-b-spine-06,E1/34,spine
53,31295,connected,,,be-plane-b-leaf-09,E1/55,leaf,be-plane-b-spine-06,E1/35,spine
53,31296,connected,,,be-plane-b-leaf-09,E1/56,leaf,be-plane-b-spine-06,E1/36,spine
53,31297,connected,,,be-plane-b-leaf-09,E1/57,leaf,be-plane-b-spine-07,E1/33,spine
53,31298,connected,,,be-plane-b-leaf-09,E1/58,leaf,be-plane-b-spine-07,E1/34,spine
53,31299,connected,,,be-plane-b-leaf-09,E1/59,leaf,be-plane-b-spine-07,E1/35,spine
53,31300,connected,,,be-plane-b-leaf-09,E1/60,leaf,be-plane-b-spine-07,E1/36,spine
53,31301,connected,,,be-plane-b-leaf-09,E1/61,leaf,be-plane-b-spine-08,E1/33,spine
53,31302,connected,,,be-plane-b-leaf-09,E1/62,leaf,be-plane-b-spine-08,E1/34,spine
53,31303,connected,,,be-plane-b-leaf-09,E1/63,leaf,be-plane-b-spine-08,E1/35,spine
53,31304,connected,,,be-plane-b-leaf-09,E1/64,leaf,be-plane-b-spine-08,E1/36,spine
53,31305,connected,,,be-plane-b-leaf-10,E1/33,leaf,be-plane-b-spine-01,E1/37,spine
53,31306,connected,,,be-plane-b-leaf-10,E1/34,leaf,be-plane-b-spine-01,E1/38,spine
53,31307,connected,,,be-plane-b-leaf-10,E1/35,leaf,be-plane-b-spine-01,E1/39,spine
53,31308,connected,,,be-plane-b-leaf-10,E1/36,leaf,be-plane-b-spine-01,E1/40,spine
53,31309,connected,,,be-plane-b-leaf-10,E1/37,leaf,be-plane-b-spine-02,E1/37,spine
53,31310,connected,,,be-plane-b-leaf-10,E1/38,leaf,be-plane-b-spine-02,E1/38,spine
53,31311,connected,,,be-plane-b-leaf-10,E1/39,leaf,be-plane-b-spine-02,E1/39,spine
53,31312,connected,,,be-plane-b-leaf-10,E1/40,leaf,be-plane-b-spine-02,E1/40,spine
53,31313,connected,,,be-plane-b-leaf-10,E1/41,leaf,be-plane-b-spine-03,E1/37,spine
53,31314,connected,,,be-plane-b-leaf-10,E1/42,leaf,be-plane-b-spine-03,E1/38,spine
53,31315,connected,,,be-plane-b-leaf-10,E1/43,leaf,be-plane-b-spine-03,E1/39,spine
53,31316,connected,,,be-plane-b-leaf-10,E1/44,leaf,be-plane-b-spine-03,E1/40,spine
53,31317,connected,,,be-plane-b-leaf-10,E1/45,leaf,be-plane-b-spine-04,E1/37,spine
53,31318,connected,,,be-plane-b-leaf-10,E1/46,leaf,be-plane-b-spine-04,E1/38,spine
53,31319,connected,,,be-plane-b-leaf-10,E1/47,leaf,be-plane-b-spine-04,E1/39,spine
53,31320,connected,,,be-plane-b-leaf-10,E1/48,leaf,be-plane-b-spine-04,E1/40,spine
53,31321,connected,,,be-plane-b-leaf-10,E1/49,leaf,be-plane-b-spine-05,E1/37,spine
53,31322,connected,,,be-plane-b-leaf-10,E1/50,leaf,be-plane-b-spine-05,E1/38,spine
53,31323,connected,,,be-plane-b-leaf-10,E1/51,leaf,be-plane-b-spine-05,E1/39,spine
53,31324,connected,,,be-plane-b-leaf-10,E1/52,leaf,be-plane-b-spine-05,E1/40,spine
53,31325,connected,,,be-plane-b-leaf-10,E1/53,leaf,be-plane-b-spine-06,E1/37,spine
53,31326,connected,,,be-plane-b-leaf-10,E1/54,leaf,be-plane-b-spine-06,E1/38,spine
53,31327,connected,,,be-plane-b-leaf-10,E1/55,leaf,be-plane-b-spine-06,E1/39,spine
53,31328,connected,,,be-plane-b-leaf-10,E1/56,leaf,be-plane-b-spine-06,E1/40,spine
53,31329,connected,,,be-plane-b-leaf-10,E1/57,leaf,be-plane-b-spine-07,E1/37,spine
53,31330,connected,,,be-plane-b-leaf-10,E1/58,leaf,be-plane-b-spine-07,E1/38,spine
53,31331,connected,,,be-plane-b-leaf-10,E1/59,leaf,be-plane-b-spine-07,E1/39,spine
53,31332,connected,,,be-plane-b-leaf-10,E1/60,leaf,be-plane-b-spine-07,E1/40,spine
53,31333,connected,,,be-plane-b-leaf-10,E1/61,leaf,be-plane-b-spine-08,E1/37,spine
53,31334,connected,,,be-plane-b-leaf-10,E1/62,leaf,be-plane-b-spine-08,E1/38,spine
53,31335,connected,,,be-plane-b-leaf-10,E1/63,leaf,be-plane-b-spine-08,E1/39,spine
53,31336,connected,,,be-plane-b-leaf-10,E1/64,leaf,be-plane-b-spine-08,E1/40,spine
53,31337,connected,,,be-plane-b-leaf-11,E1/33,leaf,be-plane-b-spine-01,E1/41,spine
53,31338,connected,,,be-plane-b-leaf-11,E1/34,leaf,be-plane-b-spine-01,E1/42,spine
53,31339,connected,,,be-plane-b-leaf-11,E1/35,leaf,be-plane-b-spine-01,E1/43,spine
53,31340,connected,,,be-plane-b-leaf-11,E1/36,leaf,be-plane-b-spine-01,E1/44,spine
53,31341,connected,,,be-plane-b-leaf-11,E1/37,leaf,be-plane-b-spine-02,E1/41,spine
53,31342,connected,,,be-plane-b-leaf-11,E1/38,leaf,be-plane-b-spine-02,E1/42,spine
53,31343,connected,,,be-plane-b-leaf-11,E1/39,leaf,be-plane-b-spine-02,E1/43,spine
53,31344,connected,,,be-plane-b-leaf-11,E1/40,leaf,be-plane-b-spine-02,E1/44,spine
53,31345,connected,,,be-plane-b-leaf-11,E1/41,leaf,be-plane-b-spine-03,E1/41,spine
53,31346,connected,,,be-plane-b-leaf-11,E1/42,leaf,be-plane-b-spine-03,E1/42,spine
53,31347,connected,,,be-plane-b-leaf-11,E1/43,leaf,be-plane-b-spine-03,E1/43,spine
53,31348,connected,,,be-plane-b-leaf-11,E1/44,leaf,be-plane-b-spine-03,E1/44,spine
53,31349,connected,,,be-plane-b-leaf-11,E1/45,leaf,be-plane-b-spine-04,E1/41,spine
53,31350,connected,,,be-plane-b-leaf-11,E1/46,leaf,be-plane-b-spine-04,E1/42,spine
53,31351,connected,,,be-plane-b-leaf-11,E1/47,leaf,be-plane-b-spine-04,E1/43,spine
53,31352,connected,,,be-plane-b-leaf-11,E1/48,leaf,be-plane-b-spine-04,E1/44,spine
53,31353,connected,,,be-plane-b-leaf-11,E1/49,leaf,be-plane-b-spine-05,E1/41,spine
53,31354,connected,,,be-plane-b-leaf-11,E1/50,leaf,be-plane-b-spine-05,E1/42,spine
53,31355,connected,,,be-plane-b-leaf-11,E1/51,leaf,be-plane-b-spine-05,E1/43,spine
53,31356,connected,,,be-plane-b-leaf-11,E1/52,leaf,be-plane-b-spine-05,E1/44,spine
53,31357,connected,,,be-plane-b-leaf-11,E1/53,leaf,be-plane-b-spine-06,E1/41,spine
53,31358,connected,,,be-plane-b-leaf-11,E1/54,leaf,be-plane-b-spine-06,E1/42,spine
53,31359,connected,,,be-plane-b-leaf-11,E1/55,leaf,be-plane-b-spine-06,E1/43,spine
53,31360,connected,,,be-plane-b-leaf-11,E1/56,leaf,be-plane-b-spine-06,E1/44,spine
53,31361,connected,,,be-plane-b-leaf-11,E1/57,leaf,be-plane-b-spine-07,E1/41,spine
53,31362,connected,,,be-plane-b-leaf-11,E1/58,leaf,be-plane-b-spine-07,E1/42,spine
53,31363,connected,,,be-plane-b-leaf-11,E1/59,leaf,be-plane-b-spine-07,E1/43,spine
53,31364,connected,,,be-plane-b-leaf-11,E1/60,leaf,be-plane-b-spine-07,E1/44,spine
53,31365,connected,,,be-plane-b-leaf-11,E1/61,leaf,be-plane-b-spine-08,E1/41,spine
53,31366,connected,,,be-plane-b-leaf-11,E1/62,leaf,be-plane-b-spine-08,E1/42,spine
53,31367,connected,,,be-plane-b-leaf-11,E1/63,leaf,be-plane-b-spine-08,E1/43,spine
53,31368,connected,,,be-plane-b-leaf-11,E1/64,leaf,be-plane-b-spine-08,E1/44,spine
53,31369,connected,,,be-plane-b-leaf-12,E1/33,leaf,be-plane-b-spine-01,E1/45,spine
53,31370,connected,,,be-plane-b-leaf-12,E1/34,leaf,be-plane-b-spine-01,E1/46,spine
53,31371,connected,,,be-plane-b-leaf-12,E1/35,leaf,be-plane-b-spine-01,E1/47,spine
53,31372,connected,,,be-plane-b-leaf-12,E1/36,leaf,be-plane-b-spine-01,E1/48,spine
53,31373,connected,,,be-plane-b-leaf-12,E1/37,leaf,be-plane-b-spine-02,E1/45,spine
53,31374,connected,,,be-plane-b-leaf-12,E1/38,leaf,be-plane-b-spine-02,E1/46,spine
53,31375,connected,,,be-plane-b-leaf-12,E1/39,leaf,be-plane-b-spine-02,E1/47,spine
53,31376,connected,,,be-plane-b-leaf-12,E1/40,leaf,be-plane-b-spine-02,E1/48,spine
53,31377,connected,,,be-plane-b-leaf-12,E1/41,leaf,be-plane-b-spine-03,E1/45,spine
53,31378,connected,,,be-plane-b-leaf-12,E1/42,leaf,be-plane-b-spine-03,E1/46,spine
53,31379,connected,,,be-plane-b-leaf-12,E1/43,leaf,be-plane-b-spine-03,E1/47,spine
53,31380,connected,,,be-plane-b-leaf-12,E1/44,leaf,be-plane-b-spine-03,E1/48,spine
53,31381,connected,,,be-plane-b-leaf-12,E1/45,leaf,be-plane-b-spine-04,E1/45,spine
53,31382,connected,,,be-plane-b-leaf-12,E1/46,leaf,be-plane-b-spine-04,E1/46,spine
53,31383,connected,,,be-plane-b-leaf-12,E1/47,leaf,be-plane-b-spine-04,E1/47,spine
53,31384,connected,,,be-plane-b-leaf-12,E1/48,leaf,be-plane-b-spine-04,E1/48,spine
53,31385,connected,,,be-plane-b-leaf-12,E1/49,leaf,be-plane-b-spine-05,E1/45,spine
53,31386,connected,,,be-plane-b-leaf-12,E1/50,leaf,be-plane-b-spine-05,E1/46,spine
53,31387,connected,,,be-plane-b-leaf-12,E1/51,leaf,be-plane-b-spine-05,E1/47,spine
53,31388,connected,,,be-plane-b-leaf-12,E1/52,leaf,be-plane-b-spine-05,E1/48,spine
53,31389,connected,,,be-plane-b-leaf-12,E1/53,leaf,be-plane-b-spine-06,E1/45,spine
53,31390,connected,,,be-plane-b-leaf-12,E1/54,leaf,be-plane-b-spine-06,E1/46,spine
53,31391,connected,,,be-plane-b-leaf-12,E1/55,leaf,be-plane-b-spine-06,E1/47,spine
53,31392,connected,,,be-plane-b-leaf-12,E1/56,leaf,be-plane-b-spine-06,E1/48,spine
53,31393,connected,,,be-plane-b-leaf-12,E1/57,leaf,be-plane-b-spine-07,E1/45,spine
53,31394,connected,,,be-plane-b-leaf-12,E1/58,leaf,be-plane-b-spine-07,E1/46,spine
53,31395,connected,,,be-plane-b-leaf-12,E1/59,leaf,be-plane-b-spine-07,E1/47,spine
53,31396,connected,,,be-plane-b-leaf-12,E1/60,leaf,be-plane-b-spine-07,E1/48,spine
53,31397,connected,,,be-plane-b-leaf-12,E1/61,leaf,be-plane-b-spine-08,E1/45,spine
53,31398,connected,,,be-plane-b-leaf-12,E1/62,leaf,be-plane-b-spine-08,E1/46,spine
53,31399,connected,,,be-plane-b-leaf-12,E1/63,leaf,be-plane-b-spine-08,E1/47,spine
53,31400,connected,,,be-plane-b-leaf-12,E1/64,leaf,be-plane-b-spine-08,E1/48,spine
53,31401,connected,,,be-plane-b-leaf-13,E1/33,leaf,be-plane-b-spine-01,E1/49,spine
53,31402,connected,,,be-plane-b-leaf-13,E1/34,leaf,be-plane-b-spine-01,E1/50,spine
53,31403,connected,,,be-plane-b-leaf-13,E1/35,leaf,be-plane-b-spine-01,E1/51,spine
53,31404,connected,,,be-plane-b-leaf-13,E1/36,leaf,be-plane-b-spine-01,E1/52,spine
53,31405,connected,,,be-plane-b-leaf-13,E1/37,leaf,be-plane-b-spine-02,E1/49,spine
53,31406,connected,,,be-plane-b-leaf-13,E1/38,leaf,be-plane-b-spine-02,E1/50,spine
53,31407,connected,,,be-plane-b-leaf-13,E1/39,leaf,be-plane-b-spine-02,E1/51,spine
53,31408,connected,,,be-plane-b-leaf-13,E1/40,leaf,be-plane-b-spine-02,E1/52,spine
53,31409,connected,,,be-plane-b-leaf-13,E1/41,leaf,be-plane-b-spine-03,E1/49,spine
53,31410,connected,,,be-plane-b-leaf-13,E1/42,leaf,be-plane-b-spine-03,E1/50,spine
53,31411,connected,,,be-plane-b-leaf-13,E1/43,leaf,be-plane-b-spine-03,E1/51,spine
53,31412,connected,,,be-plane-b-leaf-13,E1/44,leaf,be-plane-b-spine-03,E1/52,spine
53,31413,connected,,,be-plane-b-leaf-13,E1/45,leaf,be-plane-b-spine-04,E1/49,spine
53,31414,connected,,,be-plane-b-leaf-13,E1/46,leaf,be-plane-b-spine-04,E1/50,spine
53,31415,connected,,,be-plane-b-leaf-13,E1/47,leaf,be-plane-b-spine-04,E1/51,spine
53,31416,connected,,,be-plane-b-leaf-13,E1/48,leaf,be-plane-b-spine-04,E1/52,spine
53,31417,connected,,,be-plane-b-leaf-13,E1/49,leaf,be-plane-b-spine-05,E1/49,spine
53,31418,connected,,,be-plane-b-leaf-13,E1/50,leaf,be-plane-b-spine-05,E1/50,spine
53,31419,connected,,,be-plane-b-leaf-13,E1/51,leaf,be-plane-b-spine-05,E1/51,spine
53,31420,connected,,,be-plane-b-leaf-13,E1/52,leaf,be-plane-b-spine-05,E1/52,spine
53,31421,connected,,,be-plane-b-leaf-13,E1/53,leaf,be-plane-b-spine-06,E1/49,spine
53,31422,connected,,,be-plane-b-leaf-13,E1/54,leaf,be-plane-b-spine-06,E1/50,spine
53,31423,connected,,,be-plane-b-leaf-13,E1/55,leaf,be-plane-b-spine-06,E1/51,spine
53,31424,connected,,,be-plane-b-leaf-13,E1/56,leaf,be-plane-b-spine-06,E1/52,spine
53,31425,connected,,,be-plane-b-leaf-13,E1/57,leaf,be-plane-b-spine-07,E1/49,spine
53,31426,connected,,,be-plane-b-leaf-13,E1/58,leaf,be-plane-b-spine-07,E1/50,spine
53,31427,connected,,,be-plane-b-leaf-13,E1/59,leaf,be-plane-b-spine-07,E1/51,spine
53,31428,connected,,,be-plane-b-leaf-13,E1/60,leaf,be-plane-b-spine-07,E1/52,spine
53,31429,connected,,,be-plane-b-leaf-13,E1/61,leaf,be-plane-b-spine-08,E1/49,spine
53,31430,connected,,,be-plane-b-leaf-13,E1/62,leaf,be-plane-b-spine-08,E1/50,spine
53,31431,connected,,,be-plane-b-leaf-13,E1/63,leaf,be-plane-b-spine-08,E1/51,spine
53,31432,connected,,,be-plane-b-leaf-13,E1/64,leaf,be-plane-b-spine-08,E1/52,spine
53,31433,connected,,,be-plane-b-leaf-14,E1/33,leaf,be-plane-b-spine-01,E1/53,spine
53,31434,connected,,,be-plane-b-leaf-14,E1/34,leaf,be-plane-b-spine-01,E1/54,spine
53,31435,connected,,,be-plane-b-leaf-14,E1/35,leaf,be-plane-b-spine-01,E1/55,spine
53,31436,connected,,,be-plane-b-leaf-14,E1/36,leaf,be-plane-b-spine-01,E1/56,spine
53,31437,connected,,,be-plane-b-leaf-14,E1/37,leaf,be-plane-b-spine-02,E1/53,spine
53,31438,connected,,,be-plane-b-leaf-14,E1/38,leaf,be-plane-b-spine-02,E1/54,spine
53,31439,connected,,,be-plane-b-leaf-14,E1/39,leaf,be-plane-b-spine-02,E1/55,spine
53,31440,connected,,,be-plane-b-leaf-14,E1/40,leaf,be-plane-b-spine-02,E1/56,spine
53,31441,connected,,,be-plane-b-leaf-14,E1/41,leaf,be-plane-b-spine-03,E1/53,spine
53,31442,connected,,,be-plane-b-leaf-14,E1/42,leaf,be-plane-b-spine-03,E1/54,spine
53,31443,connected,,,be-plane-b-leaf-14,E1/43,leaf,be-plane-b-spine-03,E1/55,spine
53,31444,connected,,,be-plane-b-leaf-14,E1/44,leaf,be-plane-b-spine-03,E1/56,spine
53,31445,connected,,,be-plane-b-leaf-14,E1/45,leaf,be-plane-b-spine-04,E1/53,spine
53,31446,connected,,,be-plane-b-leaf-14,E1/46,leaf,be-plane-b-spine-04,E1/54,spine
53,31447,connected,,,be-plane-b-leaf-14,E1/47,leaf,be-plane-b-spine-04,E1/55,spine
53,31448,connected,,,be-plane-b-leaf-14,E1/48,leaf,be-plane-b-spine-04,E1/56,spine
53,31449,connected,,,be-plane-b-leaf-14,E1/49,leaf,be-plane-b-spine-05,E1/53,spine
53,31450,connected,,,be-plane-b-leaf-14,E1/50,leaf,be-plane-b-spine-05,E1/54,spine
53,31451,connected,,,be-plane-b-leaf-14,E1/51,leaf,be-plane-b-spine-05,E1/55,spine
53,31452,connected,,,be-plane-b-leaf-14,E1/52,leaf,be-plane-b-spine-05,E1/56,spine
53,31453,connected,,,be-plane-b-leaf-14,E1/53,leaf,be-plane-b-spine-06,E1/53,spine
53,31454,connected,,,be-plane-b-leaf-14,E1/54,leaf,be-plane-b-spine-06,E1/54,spine
53,31455,connected,,,be-plane-b-leaf-14,E1/55,leaf,be-plane-b-spine-06,E1/55,spine
53,31456,connected,,,be-plane-b-leaf-14,E1/56,leaf,be-plane-b-spine-06,E1/56,spine
53,31457,connected,,,be-plane-b-leaf-14,E1/57,leaf,be-plane-b-spine-07,E1/53,spine
53,31458,connected,,,be-plane-b-leaf-14,E1/58,leaf,be-plane-b-spine-07,E1/54,spine
53,31459,connected,,,be-plane-b-leaf-14,E1/59,leaf,be-plane-b-spine-07,E1/55,spine
53,31460,connected,,,be-plane-b-leaf-14,E1/60,leaf,be-plane-b-spine-07,E1/56,spine
53,31461,connected,,,be-plane-b-leaf-14,E1/61,leaf,be-plane-b-spine-08,E1/53,spine
53,31462,connected,,,be-plane-b-leaf-14,E1/62,leaf,be-plane-b-spine-08,E1/54,spine
53,31463,connected,,,be-plane-b-leaf-14,E1/63,leaf,be-plane-b-spine-08,E1/55,spine
53,31464,connected,,,be-plane-b-leaf-14,E1/64,leaf,be-plane-b-spine-08,E1/56,spine
53,31465,connected,,,be-plane-b-leaf-15,E1/33,leaf,be-plane-b-spine-01,E1/57,spine
53,31466,connected,,,be-plane-b-leaf-15,E1/34,leaf,be-plane-b-spine-01,E1/58,spine
53,31467,connected,,,be-plane-b-leaf-15,E1/35,leaf,be-plane-b-spine-01,E1/59,spine
53,31468,connected,,,be-plane-b-leaf-15,E1/36,leaf,be-plane-b-spine-01,E1/60,spine
53,31469,connected,,,be-plane-b-leaf-15,E1/37,leaf,be-plane-b-spine-02,E1/57,spine
53,31470,connected,,,be-plane-b-leaf-15,E1/38,leaf,be-plane-b-spine-02,E1/58,spine
53,31471,connected,,,be-plane-b-leaf-15,E1/39,leaf,be-plane-b-spine-02,E1/59,spine
53,31472,connected,,,be-plane-b-leaf-15,E1/40,leaf,be-plane-b-spine-02,E1/60,spine
53,31473,connected,,,be-plane-b-leaf-15,E1/41,leaf,be-plane-b-spine-03,E1/57,spine
53,31474,connected,,,be-plane-b-leaf-15,E1/42,leaf,be-plane-b-spine-03,E1/58,spine
53,31475,connected,,,be-plane-b-leaf-15,E1/43,leaf,be-plane-b-spine-03,E1/59,spine
53,31476,connected,,,be-plane-b-leaf-15,E1/44,leaf,be-plane-b-spine-03,E1/60,spine
53,31477,connected,,,be-plane-b-leaf-15,E1/45,leaf,be-plane-b-spine-04,E1/57,spine
53,31478,connected,,,be-plane-b-leaf-15,E1/46,leaf,be-plane-b-spine-04,E1/58,spine
53,31479,connected,,,be-plane-b-leaf-15,E1/47,leaf,be-plane-b-spine-04,E1/59,spine
53,31480,connected,,,be-plane-b-leaf-15,E1/48,leaf,be-plane-b-spine-04,E1/60,spine
53,31481,connected,,,be-plane-b-leaf-15,E1/49,leaf,be-plane-b-spine-05,E1/57,spine
53,31482,connected,,,be-plane-b-leaf-15,E1/50,leaf,be-plane-b-spine-05,E1/58,spine
53,31483,connected,,,be-plane-b-leaf-15,E1/51,leaf,be-plane-b-spine-05,E1/59,spine
53,31484,connected,,,be-plane-b-leaf-15,E1/52,leaf,be-plane-b-spine-05,E1/60,spine
53,31485,connected,,,be-plane-b-leaf-15,E1/53,leaf,be-plane-b-spine-06,E1/57,spine
53,31486,connected,,,be-plane-b-leaf-15,E1/54,leaf,be-plane-b-spine-06,E1/58,spine
53,31487,connected,,,be-plane-b-leaf-15,E1/55,leaf,be-plane-b-spine-06,E1/59,spine
53,31488,connected,,,be-plane-b-leaf-15,E1/56,leaf,be-plane-b-spine-06,E1/60,spine
53,31489,connected,,,be-plane-b-leaf-15,E1/57,leaf,be-plane-b-spine-07,E1/57,spine
53,31490,connected,,,be-plane-b-leaf-15,E1/58,leaf,be-plane-b-spine-07,E1/58,spine
53,31491,connected,,,be-plane-b-leaf-15,E1/59,leaf,be-plane-b-spine-07,E1/59,spine
53,31492,connected,,,be-plane-b-leaf-15,E1/60,leaf,be-plane-b-spine-07,E1/60,spine
53,31493,connected,,,be-plane-b-leaf-15,E1/61,leaf,be-plane-b-spine-08,E1/57,spine
53,31494,connected,,,be-plane-b-leaf-15,E1/62,leaf,be-plane-b-spine-08,E1/58,spine
53,31495,connected,,,be-plane-b-leaf-15,E1/63,leaf,be-plane-b-spine-08,E1/59,spine
53,31496,connected,,,be-plane-b-leaf-15,E1/64,leaf,be-plane-b-spine-08,E1/60,spine
53,31497,connected,,,be-plane-b-leaf-16,E1/33,leaf,be-plane-b-spine-01,E1/61,spine
53,31498,connected,,,be-plane-b-leaf-16,E1/34,leaf,be-plane-b-spine-01,E1/62,spine
53,31499,connected,,,be-plane-b-leaf-16,E1/35,leaf,be-plane-b-spine-01,E1/63,spine
53,31500,connected,,,be-plane-b-leaf-16,E1/36,leaf,be-plane-b-spine-01,E1/64,spine
53,31501,connected,,,be-plane-b-leaf-16,E1/37,leaf,be-plane-b-spine-02,E1/61,spine
53,31502,connected,,,be-plane-b-leaf-16,E1/38,leaf,be-plane-b-spine-02,E1/62,spine
53,31503,connected,,,be-plane-b-leaf-16,E1/39,leaf,be-plane-b-spine-02,E1/63,spine
53,31504,connected,,,be-plane-b-leaf-16,E1/40,leaf,be-plane-b-spine-02,E1/64,spine
53,31505,connected,,,be-plane-b-leaf-16,E1/41,leaf,be-plane-b-spine-03,E1/61,spine
53,31506,connected,,,be-plane-b-leaf-16,E1/42,leaf,be-plane-b-spine-03,E1/62,spine
53,31507,connected,,,be-plane-b-leaf-16,E1/43,leaf,be-plane-b-spine-03,E1/63,spine
53,31508,connected,,,be-plane-b-leaf-16,E1/44,leaf,be-plane-b-spine-03,E1/64,spine
53,31509,connected,,,be-plane-b-leaf-16,E1/45,leaf,be-plane-b-spine-04,E1/61,spine
53,31510,connected,,,be-plane-b-leaf-16,E1/46,leaf,be-plane-b-spine-04,E1/62,spine
53,31511,connected,,,be-plane-b-leaf-16,E1/47,leaf,be-plane-b-spine-04,E1/63,spine
53,31512,connected,,,be-plane-b-leaf-16,E1/48,leaf,be-plane-b-spine-04,E1/64,spine
53,31513,connected,,,be-plane-b-leaf-16,E1/49,leaf,be-plane-b-spine-05,E1/61,spine
53,31514,connected,,,be-plane-b-leaf-16,E1/50,leaf,be-plane-b-spine-05,E1/62,spine
53,31515,connected,,,be-plane-b-leaf-16,E1/51,leaf,be-plane-b-spine-05,E1/63,spine
53,31516,connected,,,be-plane-b-leaf-16,E1/52,leaf,be-plane-b-spine-05,E1/64,spine
53,31517,connected,,,be-plane-b-leaf-16,E1/53,leaf,be-plane-b-spine-06,E1/61,spine
53,31518,connected,,,be-plane-b-leaf-16,E1/54,leaf,be-plane-b-spine-06,E1/62,spine
53,31519,connected,,,be-plane-b-leaf-16,E1/55,leaf,be-plane-b-spine-06,E1/63,spine
53,31520,connected,,,be-plane-b-leaf-16,E1/56,leaf,be-plane-b-spine-06,E1/64,spine
53,31521,connected,,,be-plane-b-leaf-16,E1/57,leaf,be-plane-b-spine-07,E1/61,spine
53,31522,connected,,,be-plane-b-leaf-16,E1/58,leaf,be-plane-b-spine-07,E1/62,spine
53,31523,connected,,,be-plane-b-leaf-16,E1/59,leaf,be-plane-b-spine-07,E1/63,spine
53,31524,connected,,,be-plane-b-leaf-16,E1/60,leaf,be-plane-b-spine-07,E1/64,spine
53,31525,connected,,,be-plane-b-leaf-16,E1/61,leaf,be-plane-b-spine-08,E1/61,spine
53,31526,connected,,,be-plane-b-leaf-16,E1/62,leaf,be-plane-b-spine-08,E1/62,spine
53,31527,connected,,,be-plane-b-leaf-16,E1/63,leaf,be-plane-b-spine-08,E1/63,spine
53,31528,connected,,,be-plane-b-leaf-16,E1/64,leaf,be-plane-b-spine-08,E1/64,spine
53,31529,connected,,,fe-leaf-01,E1/2,leaf,fe-spine-01,E1/1,spine
53,31530,connected,,,fe-leaf-01,E1/4,leaf,fe-spine-01,E1/2,spine
53,31531,connected,,,fe-leaf-01,E1/6,leaf,fe-spine-01,E1/3,spine
53,31532,connected,,,fe-leaf-01,E1/8,leaf,fe-spine-01,E1/4,spine
53,31533,connected,,,fe-leaf-01,E1/10,leaf,fe-spine-01,E1/5,spine
53,31534,connected,,,fe-leaf-01,E1/12,leaf,fe-spine-01,E1/6,spine
53,31535,connected,,,fe-leaf-01,E1/14,leaf,fe-spine-01,E1/7,spine
53,31536,connected,,,fe-leaf-01,E1/16,leaf,fe-spine-01,E1/8,spine
53,31537,connected,,,fe-leaf-01,E1/18,leaf,fe-spine-01,E1/9,spine
53,31538,connected,,,fe-leaf-01,E1/20,leaf,fe-spine-01,E1/10,spine
53,31539,connected,,,fe-leaf-01,E1/22,leaf,fe-spine-01,E1/11,spine
53,31540,connected,,,fe-leaf-01,E1/24,leaf,fe-spine-01,E1/12,spine
53,31541,connected,,,fe-leaf-01,E1/26,leaf,fe-spine-01,E1/13,spine
53,31542,connected,,,fe-leaf-01,E1/28,leaf,fe-spine-01,E1/14,spine
53,31543,connected,,,fe-leaf-01,E1/30,leaf,fe-spine-01,E1/15,spine
53,31544,connected,,,fe-leaf-01,E1/32,leaf,fe-spine-01,E1/16,spine
53,31545,connected,,,fe-leaf-01,E1/34,leaf,fe-spine-01,E1/17,spine
53,31546,connected,,,fe-leaf-01,E1/36,leaf,fe-spine-01,E1/18,spine
53,31547,connected,,,fe-leaf-01,E1/38,leaf,fe-spine-01,E1/19,spine
53,31548,connected,,,fe-leaf-01,E1/40,leaf,fe-spine-01,E1/20,spine
53,31549,connected,,,fe-leaf-01,E1/42,leaf,fe-spine-01,E1/21,spine
53,31550,connected,,,fe-leaf-01,E1/44,leaf,fe-spine-01,E1/22,spine
53,31551,connected,,,fe-leaf-01,E1/46,leaf,fe-spine-01,E1/23,spine
53,31552,connected,,,fe-leaf-01,E1/48,leaf,fe-spine-01,E1/24,spine
53,31553,connected,,,fe-leaf-01,E1/50,leaf,fe-spine-01,E1/25,spine
53,31554,connected,,,fe-leaf-01,E1/52,leaf,fe-spine-01,E1/26,spine
53,31555,connected,,,fe-leaf-01,E1/54,leaf,fe-spine-01,E1/27,spine
53,31556,connected,,,fe-leaf-01,E1/56,leaf,fe-spine-01,E1/28,spine
53,31557,connected,,,fe-leaf-01,E1/58,leaf,fe-spine-01,E1/29,spine
53,31558,connected,,,fe-leaf-01,E1/60,leaf,fe-spine-01,E1/30,spine
53,31559,connected,,,fe-leaf-01,E1/62,leaf,fe-spine-01,E1/31,spine
53,31560,connected,,,fe-leaf-01,E1/64,leaf,fe-spine-01,E1/32,spine
53,31561,connected,,,fe-leaf-02,E1/2,leaf,fe-spine-01,E1/33,spine
53,31562,connected,,,fe-leaf-02,E1/4,leaf,fe-spine-01,E1/34,spine
53,31563,connected,,,fe-leaf-02,E1/6,leaf,fe-spine-01,E1/35,spine
53,31564,connected,,,fe-leaf-02,E1/8,leaf,fe-spine-01,E1/36,spine
53,31565,connected,,,fe-leaf-02,E1/10,leaf,fe-spine-01,E1/37,spine
53,31566,connected,,,fe-leaf-02,E1/12,leaf,fe-spine-01,E1/38,spine
53,31567,connected,,,fe-leaf-02,E1/14,leaf,fe-spine-01,E1/39,spine
53,31568,connected,,,fe-leaf-02,E1/16,leaf,fe-spine-01,E1/40,spine
53,31569,connected,,,fe-leaf-02,E1/18,leaf,fe-spine-01,E1/41,spine
53,31570,connected,,,fe-leaf-02,E1/20,leaf,fe-spine-01,E1/42,spine
53,31571,connected,,,fe-leaf-02,E1/22,leaf,fe-spine-01,E1/43,spine
53,31572,connected,,,fe-leaf-02,E1/24,leaf,fe-spine-01,E1/44,spine
53,31573,connected,,,fe-leaf-02,E1/26,leaf,fe-spine-01,E1/45,spine
53,31574,connected,,,fe-leaf-02,E1/28,leaf,fe-spine-01,E1/46,spine
53,31575,connected,,,fe-leaf-02,E1/30,leaf,fe-spine-01,E1/47,spine
53,31576,connected,,,fe-leaf-02,E1/32,leaf,fe-spine-01,E1/48,spine
53,31577,connected,,,fe-leaf-02,E1/34,leaf,fe-spine-01,E1/49,spine
53,31578,connected,,,fe-leaf-02,E1/36,leaf,fe-spine-01,E1/50,spine
53,31579,connected,,,fe-leaf-02,E1/38,leaf,fe-spine-01,E1/51,spine
53,31580,connected,,,fe-leaf-02,E1/40,leaf,fe-spine-01,E1/52,spine
53,31581,connected,,,fe-leaf-02,E1/42,leaf,fe-spine-01,E1/53,spine
53,31582,connected,,,fe-leaf-02,E1/44,leaf,fe-spine-01,E1/54,spine
53,31583,connected,,,fe-leaf-02,E1/46,leaf,fe-spine-01,E1/55,spine
53,31584,connected,,,fe-leaf-02,E1/48,leaf,fe-spine-01,E1/56,spine
53,31585,connected,,,fe-leaf-02,E1/50,leaf,fe-spine-01,E1/57,spine
53,31586,connected,,,fe-leaf-02,E1/52,leaf,fe-spine-01,E1/58,spine
53,31587,connected,,,fe-leaf-02,E1/54,leaf,fe-spine-01,E1/59,spine
53,31588,connected,,,fe-leaf-02,E1/56,leaf,fe-spine-01,E1/60,spine
53,31589,connected,,,fe-leaf-02,E1/58,leaf,fe-spine-01,E1/61,spine
53,31590,connected,,,fe-leaf-02,E1/60,leaf,fe-spine-01,E1/62,spine
53,31591,connected,,,fe-leaf-02,E1/62,leaf,fe-spine-01,E1/63,spine
53,31592,connected,,,fe-leaf-02,E1/64,leaf,fe-spine-01,E1/64,spine
