plan_id,cable_id,status,type,zone,a_device,a_interface,a_role,b_device,b_interface,b_role
51,24617,connected,,,compute-001,be-gpu0-port0,server,be-plane-a-leaf-01,E1/1/1,leaf
51,24618,connected,,,compute-001,be-gpu0-port1,server,be-plane-b-leaf-01,E1/1/1,leaf
51,24619,connected,,,compute-001,be-gpu1-port0,server,be-plane-a-leaf-02,E1/1/1,leaf
51,24620,connected,,,compute-001,be-gpu1-port1,server,be-plane-b-leaf-02,E1/1/1,leaf
51,24621,connected,,,compute-001,be-gpu2-port0,server,be-plane-a-leaf-03,E1/1/1,leaf
51,24622,connected,,,compute-001,be-gpu2-port1,server,be-plane-b-leaf-03,E1/1/1,leaf
51,24623,connected,,,compute-001,be-gpu3-port0,server,be-plane-a-leaf-04,E1/1/1,leaf
51,24624,connected,,,compute-001,be-gpu3-port1,server,be-plane-b-leaf-04,E1/1/1,leaf
51,24625,connected,,,compute-001,be-gpu4-port0,server,be-plane-a-leaf-05,E1/1/1,leaf
51,24626,connected,,,compute-001,be-gpu4-port1,server,be-plane-b-leaf-05,E1/1/1,leaf
51,24627,connected,,,compute-001,be-gpu5-port0,server,be-plane-a-leaf-06,E1/1/1,leaf
51,24628,connected,,,compute-001,be-gpu5-port1,server,be-plane-b-leaf-06,E1/1/1,leaf
51,24629,connected,,,compute-001,be-gpu6-port0,server,be-plane-a-leaf-07,E1/1/1,leaf
51,24630,connected,,,compute-001,be-gpu6-port1,server,be-plane-b-leaf-07,E1/1/1,leaf
51,24631,connected,,,compute-001,be-gpu7-port0,server,be-plane-a-leaf-08,E1/1/1,leaf
51,24632,connected,,,compute-001,be-gpu7-port1,server,be-plane-b-leaf-08,E1/1/1,leaf
51,24633,connected,,,compute-001,fe-p0,server,fe-leaf-01,E1/1/1,leaf
51,24634,connected,,,compute-001,fe-p1,server,fe-leaf-02,E1/1/1,leaf
51,24635,connected,,,compute-002,be-gpu0-port0,server,be-plane-a-leaf-01,E1/1/2,leaf
51,24636,connected,,,compute-002,be-gpu0-port1,server,be-plane-b-leaf-01,E1/1/2,leaf
51,24637,connected,,,compute-002,be-gpu1-port0,server,be-plane-a-leaf-02,E1/1/2,leaf
51,24638,connected,,,compute-002,be-gpu1-port1,server,be-plane-b-leaf-02,E1/1/2,leaf
51,24639,connected,,,compute-002,be-gpu2-port0,server,be-plane-a-leaf-03,E1/1/2,leaf
51,24640,connected,,,compute-002,be-gpu2-port1,server,be-plane-b-leaf-03,E1/1/2,leaf
51,24641,connected,,,compute-002,be-gpu3-port0,server,be-plane-a-leaf-04,E1/1/2,leaf
51,24642,connected,,,compute-002,be-gpu3-port1,server,be-plane-b-leaf-04,E1/1/2,leaf
51,24643,connected,,,compute-002,be-gpu4-port0,server,be-plane-a-leaf-05,E1/1/2,leaf
51,24644,connected,,,compute-002,be-gpu4-port1,server,be-plane-b-leaf-05,E1/1/2,leaf
51,24645,connected,,,compute-002,be-gpu5-port0,server,be-plane-a-leaf-06,E1/1/2,leaf
51,24646,connected,,,compute-002,be-gpu5-port1,server,be-plane-b-leaf-06,E1/1/2,leaf
51,24647,connected,,,compute-002,be-gpu6-port0,server,be-plane-a-leaf-07,E1/1/2,leaf
51,24648,connected,,,compute-002,be-gpu6-port1,server,be-plane-b-leaf-07,E1/1/2,leaf
51,24649,connected,,,compute-002,be-gpu7-port0,server,be-plane-a-leaf-08,E1/1/2,leaf
51,24650,connected,,,compute-002,be-gpu7-port1,server,be-plane-b-leaf-08,E1/1/2,leaf
51,24651,connected,,,compute-002,fe-p0,server,fe-leaf-01,E1/1/2,leaf
51,24652,connected,,,compute-002,fe-p1,server,fe-leaf-02,E1/1/2,leaf
51,24653,connected,,,compute-003,be-gpu0-port0,server,be-plane-a-leaf-01,E1/2/1,leaf
51,24654,connected,,,compute-003,be-gpu0-port1,server,be-plane-b-leaf-01,E1/2/1,leaf
51,24655,connected,,,compute-003,be-gpu1-port0,server,be-plane-a-leaf-02,E1/2/1,leaf
51,24656,connected,,,compute-003,be-gpu1-port1,server,be-plane-b-leaf-02,E1/2/1,leaf
51,24657,connected,,,compute-003,be-gpu2-port0,server,be-plane-a-leaf-03,E1/2/1,leaf
51,24658,connected,,,compute-003,be-gpu2-port1,server,be-plane-b-leaf-03,E1/2/1,leaf
51,24659,connected,,,compute-003,be-gpu3-port0,server,be-plane-a-leaf-04,E1/2/1,leaf
51,24660,connected,,,compute-003,be-gpu3-port1,server,be-plane-b-leaf-04,E1/2/1,leaf
51,24661,connected,,,compute-003,be-gpu4-port0,server,be-plane-a-leaf-05,E1/2/1,leaf
51,24662,connected,,,compute-003,be-gpu4-port1,server,be-plane-b-leaf-05,E1/2/1,leaf
51,24663,connected,,,compute-003,be-gpu5-port0,server,be-plane-a-leaf-06,E1/2/1,leaf
51,24664,connected,,,compute-003,be-gpu5-port1,server,be-plane-b-leaf-06,E1/2/1,leaf
51,24665,connected,,,compute-003,be-gpu6-port0,server,be-plane-a-leaf-07,E1/2/1,leaf
51,24666,connected,,,compute-003,be-gpu6-port1,server,be-plane-b-leaf-07,E1/2/1,leaf
51,24667,connected,,,compute-003,be-gpu7-port0,server,be-plane-a-leaf-08,E1/2/1,leaf
51,24668,connected,,,compute-003,be-gpu7-port1,server,be-plane-b-leaf-08,E1/2/1,leaf
51,24669,connected,,,compute-003,fe-p0,server,fe-leaf-01,E1/1/3,leaf
51,24670,connected,,,compute-003,fe-p1,server,fe-leaf-02,E1/1/3,leaf
51,24671,connected,,,compute-004,be-gpu0-port0,server,be-plane-a-leaf-01,E1/2/2,leaf
51,24672,connected,,,compute-004,be-gpu0-port1,server,be-plane-b-leaf-01,E1/2/2,leaf
51,24673,connected,,,compute-004,be-gpu1-port0,server,be-plane-a-leaf-02,E1/2/2,leaf
51,24674,connected,,,compute-004,be-gpu1-port1,server,be-plane-b-leaf-02,E1/2/2,leaf
51,24675,connected,,,compute-004,be-gpu2-port0,server,be-plane-a-leaf-03,E1/2/2,leaf
51,24676,connected,,,compute-004,be-gpu2-port1,server,be-plane-b-leaf-03,E1/2/2,leaf
51,24677,connected,,,compute-004,be-gpu3-port0,server,be-plane-a-leaf-04,E1/2/2,leaf
51,24678,connected,,,compute-004,be-gpu3-port1,server,be-plane-b-leaf-04,E1/2/2,leaf
51,24679,connected,,,compute-004,be-gpu4-port0,server,be-plane-a-leaf-05,E1/2/2,leaf
51,24680,connected,,,compute-004,be-gpu4-port1,server,be-plane-b-leaf-05,E1/2/2,leaf
51,24681,connected,,,compute-004,be-gpu5-port0,server,be-plane-a-leaf-06,E1/2/2,leaf
51,24682,connected,,,compute-004,be-gpu5-port1,server,be-plane-b-leaf-06,E1/2/2,leaf
51,24683,connected,,,compute-004,be-gpu6-port0,server,be-plane-a-leaf-07,E1/2/2,leaf
51,24684,connected,,,compute-004,be-gpu6-port1,server,be-plane-b-leaf-07,E1/2/2,leaf
51,24685,connected,,,compute-004,be-gpu7-port0,server,be-plane-a-leaf-08,E1/2/2,leaf
51,24686,connected,,,compute-004,be-gpu7-port1,server,be-plane-b-leaf-08,E1/2/2,leaf
51,24687,connected,,,compute-004,fe-p0,server,fe-leaf-01,E1/1/4,leaf
51,24688,connected,,,compute-004,fe-p1,server,fe-leaf-02,E1/1/4,leaf
51,24689,connected,,,compute-005,be-gpu0-port0,server,be-plane-a-leaf-01,E1/3/1,leaf
51,24690,connected,,,compute-005,be-gpu0-port1,server,be-plane-b-leaf-01,E1/3/1,leaf
51,24691,connected,,,compute-005,be-gpu1-port0,server,be-plane-a-leaf-02,E1/3/1,leaf
51,24692,connected,,,compute-005,be-gpu1-port1,server,be-plane-b-leaf-02,E1/3/1,leaf
51,24693,connected,,,compute-005,be-gpu2-port0,server,be-plane-a-leaf-03,E1/3/1,leaf
51,24694,connected,,,compute-005,be-gpu2-port1,server,be-plane-b-leaf-03,E1/3/1,leaf
51,24695,connected,,,compute-005,be-gpu3-port0,server,be-plane-a-leaf-04,E1/3/1,leaf
51,24696,connected,,,compute-005,be-gpu3-port1,server,be-plane-b-leaf-04,E1/3/1,leaf
51,24697,connected,,,compute-005,be-gpu4-port0,server,be-plane-a-leaf-05,E1/3/1,leaf
51,24698,connected,,,compute-005,be-gpu4-port1,server,be-plane-b-leaf-05,E1/3/1,leaf
51,24699,connected,,,compute-005,be-gpu5-port0,server,be-plane-a-leaf-06,E1/3/1,leaf
51,24700,connected,,,compute-005,be-gpu5-port1,server,be-plane-b-leaf-06,E1/3/1,leaf
51,24701,connected,,,compute-005,be-gpu6-port0,server,be-plane-a-leaf-07,E1/3/1,leaf
51,24702,connected,,,compute-005,be-gpu6-port1,server,be-plane-b-leaf-07,E1/3/1,leaf
51,24703,connected,,,compute-005,be-gpu7-port0,server,be-plane-a-leaf-08,E1/3/1,leaf
51,24704,connected,,,compute-005,be-gpu7-port1,server,be-plane-b-leaf-08,E1/3/1,leaf
51,24705,connected,,,compute-005,fe-p0,server,fe-leaf-01,E1/3/1,leaf
51,24706,connected,,,compute-005,fe-p1,server,fe-leaf-02,E1/3/1,leaf
51,24707,connected,,,compute-006,be-gpu0-port0,server,be-plane-a-leaf-01,E1/3/2,leaf
51,24708,connected,,,compute-006,be-gpu0-port1,server,be-plane-b-leaf-01,E1/3/2,leaf
51,24709,connected,,,compute-006,be-gpu1-port0,server,be-plane-a-leaf-02,E1/3/2,leaf
51,24710,connected,,,compute-006,be-gpu1-port1,server,be-plane-b-leaf-02,E1/3/2,leaf
51,24711,connected,,,compute-006,be-gpu2-port0,server,be-plane-a-leaf-03,E1/3/2,leaf
51,24712,connected,,,compute-006,be-gpu2-port1,server,be-plane-b-leaf-03,E1/3/2,leaf
51,24713,connected,,,compute-006,be-gpu3-port0,server,be-plane-a-leaf-04,E1/3/2,leaf
51,24714,connected,,,compute-006,be-gpu3-port1,server,be-plane-b-leaf-04,E1/3/2,leaf
51,24715,connected,,,compute-006,be-gpu4-port0,server,be-plane-a-leaf-05,E1/3/2,leaf
51,24716,connected,,,compute-006,be-gpu4-port1,server,be-plane-b-leaf-05,E1/3/2,leaf
51,24717,connected,,,compute-006,be-gpu5-port0,server,be-plane-a-leaf-06,E1/3/2,leaf
51,24718,connected,,,compute-006,be-gpu5-port1,server,be-plane-b-leaf-06,E1/3/2,leaf
51,24719,connected,,,compute-006,be-gpu6-port0,server,be-plane-a-leaf-07,E1/3/2,leaf
51,24720,connected,,,compute-006,be-gpu6-port1,server,be-plane-b-leaf-07,E1/3/2,leaf
51,24721,connected,,,compute-006,be-gpu7-port0,server,be-plane-a-leaf-08,E1/3/2,leaf
51,24722,connected,,,compute-006,be-gpu7-port1,server,be-plane-b-leaf-08,E1/3/2,leaf
51,24723,connected,,,compute-006,fe-p0,server,fe-leaf-01,E1/3/2,leaf
51,24724,connected,,,compute-006,fe-p1,server,fe-leaf-02,E1/3/2,leaf
51,24725,connected,,,compute-007,be-gpu0-port0,server,be-plane-a-leaf-01,E1/4/1,leaf
51,24726,connected,,,compute-007,be-gpu0-port1,server,be-plane-b-leaf-01,E1/4/1,leaf
51,24727,connected,,,compute-007,be-gpu1-port0,server,be-plane-a-leaf-02,E1/4/1,leaf
51,24728,connected,,,compute-007,be-gpu1-port1,server,be-plane-b-leaf-02,E1/4/1,leaf
51,24729,connected,,,compute-007,be-gpu2-port0,server,be-plane-a-leaf-03,E1/4/1,leaf
51,24730,connected,,,compute-007,be-gpu2-port1,server,be-plane-b-leaf-03,E1/4/1,leaf
51,24731,connected,,,compute-007,be-gpu3-port0,server,be-plane-a-leaf-04,E1/4/1,leaf
51,24732,connected,,,compute-007,be-gpu3-port1,server,be-plane-b-leaf-04,E1/4/1,leaf
51,24733,connected,,,compute-007,be-gpu4-port0,server,be-plane-a-leaf-05,E1/4/1,leaf
51,24734,connected,,,compute-007,be-gpu4-port1,server,be-plane-b-leaf-05,E1/4/1,leaf
51,24735,connected,,,compute-007,be-gpu5-port0,server,be-plane-a-leaf-06,E1/4/1,leaf
51,24736,connected,,,compute-007,be-gpu5-port1,server,be-plane-b-leaf-06,E1/4/1,leaf
51,24737,connected,,,compute-007,be-gpu6-port0,server,be-plane-a-leaf-07,E1/4/1,leaf
51,24738,connected,,,compute-007,be-gpu6-port1,server,be-plane-b-leaf-07,E1/4/1,leaf
51,24739,connected,,,compute-007,be-gpu7-port0,server,be-plane-a-leaf-08,E1/4/1,leaf
51,24740,connected,,,compute-007,be-gpu7-port1,server,be-plane-b-leaf-08,E1/4/1,leaf
51,24741,connected,,,compute-007,fe-p0,server,fe-leaf-01,E1/3/3,leaf
51,24742,connected,,,compute-007,fe-p1,server,fe-leaf-02,E1/3/3,leaf
51,24743,connected,,,compute-008,be-gpu0-port0,server,be-plane-a-leaf-01,E1/4/2,leaf
51,24744,connected,,,compute-008,be-gpu0-port1,server,be-plane-b-leaf-01,E1/4/2,leaf
51,24745,connected,,,compute-008,be-gpu1-port0,server,be-plane-a-leaf-02,E1/4/2,leaf
51,24746,connected,,,compute-008,be-gpu1-port1,server,be-plane-b-leaf-02,E1/4/2,leaf
51,24747,connected,,,compute-008,be-gpu2-port0,server,be-plane-a-leaf-03,E1/4/2,leaf
51,24748,connected,,,compute-008,be-gpu2-port1,server,be-plane-b-leaf-03,E1/4/2,leaf
51,24749,connected,,,compute-008,be-gpu3-port0,server,be-plane-a-leaf-04,E1/4/2,leaf
51,24750,connected,,,compute-008,be-gpu3-port1,server,be-plane-b-leaf-04,E1/4/2,leaf
51,24751,connected,,,compute-008,be-gpu4-port0,server,be-plane-a-leaf-05,E1/4/2,leaf
51,24752,connected,,,compute-008,be-gpu4-port1,server,be-plane-b-leaf-05,E1/4/2,leaf
51,24753,connected,,,compute-008,be-gpu5-port0,server,be-plane-a-leaf-06,E1/4/2,leaf
51,24754,connected,,,compute-008,be-gpu5-port1,server,be-plane-b-leaf-06,E1/4/2,leaf
51,24755,connected,,,compute-008,be-gpu6-port0,server,be-plane-a-leaf-07,E1/4/2,leaf
51,24756,connected,,,compute-008,be-gpu6-port1,server,be-plane-b-leaf-07,E1/4/2,leaf
51,24757,connected,,,compute-008,be-gpu7-port0,server,be-plane-a-leaf-08,E1/4/2,leaf
51,24758,connected,,,compute-008,be-gpu7-port1,server,be-plane-b-leaf-08,E1/4/2,leaf
51,24759,connected,,,compute-008,fe-p0,server,fe-leaf-01,E1/3/4,leaf
51,24760,connected,,,compute-008,fe-p1,server,fe-leaf-02,E1/3/4,leaf
51,24761,connected,,,compute-009,be-gpu0-port0,server,be-plane-a-leaf-01,E1/5/1,leaf
51,24762,connected,,,compute-009,be-gpu0-port1,server,be-plane-b-leaf-01,E1/5/1,leaf
51,24763,connected,,,compute-009,be-gpu1-port0,server,be-plane-a-leaf-02,E1/5/1,leaf
51,24764,connected,,,compute-009,be-gpu1-port1,server,be-plane-b-leaf-02,E1/5/1,leaf
51,24765,connected,,,compute-009,be-gpu2-port0,server,be-plane-a-leaf-03,E1/5/1,leaf
51,24766,connected,,,compute-009,be-gpu2-port1,server,be-plane-b-leaf-03,E1/5/1,leaf
51,24767,connected,,,compute-009,be-gpu3-port0,server,be-plane-a-leaf-04,E1/5/1,leaf
51,24768,connected,,,compute-009,be-gpu3-port1,server,be-plane-b-leaf-04,E1/5/1,leaf
51,24769,connected,,,compute-009,be-gpu4-port0,server,be-plane-a-leaf-05,E1/5/1,leaf
51,24770,connected,,,compute-009,be-gpu4-port1,server,be-plane-b-leaf-05,E1/5/1,leaf
51,24771,connected,,,compute-009,be-gpu5-port0,server,be-plane-a-leaf-06,E1/5/1,leaf
51,24772,connected,,,compute-009,be-gpu5-port1,server,be-plane-b-leaf-06,E1/5/1,leaf
51,24773,connected,,,compute-009,be-gpu6-port0,server,be-plane-a-leaf-07,E1/5/1,leaf
51,24774,connected,,,compute-009,be-gpu6-port1,server,be-plane-b-leaf-07,E1/5/1,leaf
51,24775,connected,,,compute-009,be-gpu7-port0,server,be-plane-a-leaf-08,E1/5/1,leaf
51,24776,connected,,,compute-009,be-gpu7-port1,server,be-plane-b-leaf-08,E1/5/1,leaf
51,24777,connected,,,compute-009,fe-p0,server,fe-leaf-01,E1/5/1,leaf
51,24778,connected,,,compute-009,fe-p1,server,fe-leaf-02,E1/5/1,leaf
51,24779,connected,,,compute-010,be-gpu0-port0,server,be-plane-a-leaf-01,E1/5/2,leaf
51,24780,connected,,,compute-010,be-gpu0-port1,server,be-plane-b-leaf-01,E1/5/2,leaf
51,24781,connected,,,compute-010,be-gpu1-port0,server,be-plane-a-leaf-02,E1/5/2,leaf
51,24782,connected,,,compute-010,be-gpu1-port1,server,be-plane-b-leaf-02,E1/5/2,leaf
51,24783,connected,,,compute-010,be-gpu2-port0,server,be-plane-a-leaf-03,E1/5/2,leaf
51,24784,connected,,,compute-010,be-gpu2-port1,server,be-plane-b-leaf-03,E1/5/2,leaf
51,24785,connected,,,compute-010,be-gpu3-port0,server,be-plane-a-leaf-04,E1/5/2,leaf
51,24786,connected,,,compute-010,be-gpu3-port1,server,be-plane-b-leaf-04,E1/5/2,leaf
51,24787,connected,,,compute-010,be-gpu4-port0,server,be-plane-a-leaf-05,E1/5/2,leaf
51,24788,connected,,,compute-010,be-gpu4-port1,server,be-plane-b-leaf-05,E1/5/2,leaf
51,24789,connected,,,compute-010,be-gpu5-port0,server,be-plane-a-leaf-06,E1/5/2,leaf
51,24790,connected,,,compute-010,be-gpu5-port1,server,be-plane-b-leaf-06,E1/5/2,leaf
51,24791,connected,,,compute-010,be-gpu6-port0,server,be-plane-a-leaf-07,E1/5/2,leaf
51,24792,connected,,,compute-010,be-gpu6-port1,server,be-plane-b-leaf-07,E1/5/2,leaf
51,24793,connected,,,compute-010,be-gpu7-port0,server,be-plane-a-leaf-08,E1/5/2,leaf
51,24794,connected,,,compute-010,be-gpu7-port1,server,be-plane-b-leaf-08,E1/5/2,leaf
51,24795,connected,,,compute-010,fe-p0,server,fe-leaf-01,E1/5/2,leaf
51,24796,connected,,,compute-010,fe-p1,server,fe-leaf-02,E1/5/2,leaf
51,24797,connected,,,compute-011,be-gpu0-port0,server,be-plane-a-leaf-01,E1/6/1,leaf
51,24798,connected,,,compute-011,be-gpu0-port1,server,be-plane-b-leaf-01,E1/6/1,leaf
51,24799,connected,,,compute-011,be-gpu1-port0,server,be-plane-a-leaf-02,E1/6/1,leaf
51,24800,connected,,,compute-011,be-gpu1-port1,server,be-plane-b-leaf-02,E1/6/1,leaf
51,24801,connected,,,compute-011,be-gpu2-port0,server,be-plane-a-leaf-03,E1/6/1,leaf
51,24802,connected,,,compute-011,be-gpu2-port1,server,be-plane-b-leaf-03,E1/6/1,leaf
51,24803,connected,,,compute-011,be-gpu3-port0,server,be-plane-a-leaf-04,E1/6/1,leaf
51,24804,connected,,,compute-011,be-gpu3-port1,server,be-plane-b-leaf-04,E1/6/1,leaf
51,24805,connected,,,compute-011,be-gpu4-port0,server,be-plane-a-leaf-05,E1/6/1,leaf
51,24806,connected,,,compute-011,be-gpu4-port1,server,be-plane-b-leaf-05,E1/6/1,leaf
51,24807,connected,,,compute-011,be-gpu5-port0,server,be-plane-a-leaf-06,E1/6/1,leaf
51,24808,connected,,,compute-011,be-gpu5-port1,server,be-plane-b-leaf-06,E1/6/1,leaf
51,24809,connected,,,compute-011,be-gpu6-port0,server,be-plane-a-leaf-07,E1/6/1,leaf
51,24810,connected,,,compute-011,be-gpu6-port1,server,be-plane-b-leaf-07,E1/6/1,leaf
51,24811,connected,,,compute-011,be-gpu7-port0,server,be-plane-a-leaf-08,E1/6/1,leaf
51,24812,connected,,,compute-011,be-gpu7-port1,server,be-plane-b-leaf-08,E1/6/1,leaf
51,24813,connected,,,compute-011,fe-p0,server,fe-leaf-01,E1/5/3,leaf
51,24814,connected,,,compute-011,fe-p1,server,fe-leaf-02,E1/5/3,leaf
51,24815,connected,,,compute-012,be-gpu0-port0,server,be-plane-a-leaf-01,E1/6/2,leaf
51,24816,connected,,,compute-012,be-gpu0-port1,server,be-plane-b-leaf-01,E1/6/2,leaf
51,24817,connected,,,compute-012,be-gpu1-port0,server,be-plane-a-leaf-02,E1/6/2,leaf
51,24818,connected,,,compute-012,be-gpu1-port1,server,be-plane-b-leaf-02,E1/6/2,leaf
51,24819,connected,,,compute-012,be-gpu2-port0,server,be-plane-a-leaf-03,E1/6/2,leaf
51,24820,connected,,,compute-012,be-gpu2-port1,server,be-plane-b-leaf-03,E1/6/2,leaf
51,24821,connected,,,compute-012,be-gpu3-port0,server,be-plane-a-leaf-04,E1/6/2,leaf
51,24822,connected,,,compute-012,be-gpu3-port1,server,be-plane-b-leaf-04,E1/6/2,leaf
51,24823,connected,,,compute-012,be-gpu4-port0,server,be-plane-a-leaf-05,E1/6/2,leaf
51,24824,connected,,,compute-012,be-gpu4-port1,server,be-plane-b-leaf-05,E1/6/2,leaf
51,24825,connected,,,compute-012,be-gpu5-port0,server,be-plane-a-leaf-06,E1/6/2,leaf
51,24826,connected,,,compute-012,be-gpu5-port1,server,be-plane-b-leaf-06,E1/6/2,leaf
51,24827,connected,,,compute-012,be-gpu6-port0,server,be-plane-a-leaf-07,E1/6/2,leaf
51,24828,connected,,,compute-012,be-gpu6-port1,server,be-plane-b-leaf-07,E1/6/2,leaf
51,24829,connected,,,compute-012,be-gpu7-port0,server,be-plane-a-leaf-08,E1/6/2,leaf
51,24830,connected,,,compute-012,be-gpu7-port1,server,be-plane-b-leaf-08,E1/6/2,leaf
51,24831,connected,,,compute-012,fe-p0,server,fe-leaf-01,E1/5/4,leaf
51,24832,connected,,,compute-012,fe-p1,server,fe-leaf-02,E1/5/4,leaf
51,24833,connected,,,compute-013,be-gpu0-port0,server,be-plane-a-leaf-01,E1/7/1,leaf
51,24834,connected,,,compute-013,be-gpu0-port1,server,be-plane-b-leaf-01,E1/7/1,leaf
51,24835,connected,,,compute-013,be-gpu1-port0,server,be-plane-a-leaf-02,E1/7/1,leaf
51,24836,connected,,,compute-013,be-gpu1-port1,server,be-plane-b-leaf-02,E1/7/1,leaf
51,24837,connected,,,compute-013,be-gpu2-port0,server,be-plane-a-leaf-03,E1/7/1,leaf
51,24838,connected,,,compute-013,be-gpu2-port1,server,be-plane-b-leaf-03,E1/7/1,leaf
51,24839,connected,,,compute-013,be-gpu3-port0,server,be-plane-a-leaf-04,E1/7/1,leaf
51,24840,connected,,,compute-013,be-gpu3-port1,server,be-plane-b-leaf-04,E1/7/1,leaf
51,24841,connected,,,compute-013,be-gpu4-port0,server,be-plane-a-leaf-05,E1/7/1,leaf
51,24842,connected,,,compute-013,be-gpu4-port1,server,be-plane-b-leaf-05,E1/7/1,leaf
51,24843,connected,,,compute-013,be-gpu5-port0,server,be-plane-a-leaf-06,E1/7/1,leaf
51,24844,connected,,,compute-013,be-gpu5-port1,server,be-plane-b-leaf-06,E1/7/1,leaf
51,24845,connected,,,compute-013,be-gpu6-port0,server,be-plane-a-leaf-07,E1/7/1,leaf
51,24846,connected,,,compute-013,be-gpu6-port1,server,be-plane-b-leaf-07,E1/7/1,leaf
51,24847,connected,,,compute-013,be-gpu7-port0,server,be-plane-a-leaf-08,E1/7/1,leaf
51,24848,connected,,,compute-013,be-gpu7-port1,server,be-plane-b-leaf-08,E1/7/1,leaf
51,24849,connected,,,compute-013,fe-p0,server,fe-leaf-01,E1/7/1,leaf
51,24850,connected,,,compute-013,fe-p1,server,fe-leaf-02,E1/7/1,leaf
51,24851,connected,,,compute-014,be-gpu0-port0,server,be-plane-a-leaf-01,E1/7/2,leaf
51,24852,connected,,,compute-014,be-gpu0-port1,server,be-plane-b-leaf-01,E1/7/2,leaf
51,24853,connected,,,compute-014,be-gpu1-port0,server,be-plane-a-leaf-02,E1/7/2,leaf
51,24854,connected,,,compute-014,be-gpu1-port1,server,be-plane-b-leaf-02,E1/7/2,leaf
51,24855,connected,,,compute-014,be-gpu2-port0,server,be-plane-a-leaf-03,E1/7/2,leaf
51,24856,connected,,,compute-014,be-gpu2-port1,server,be-plane-b-leaf-03,E1/7/2,leaf
51,24857,connected,,,compute-014,be-gpu3-port0,server,be-plane-a-leaf-04,E1/7/2,leaf
51,24858,connected,,,compute-014,be-gpu3-port1,server,be-plane-b-leaf-04,E1/7/2,leaf
51,24859,connected,,,compute-014,be-gpu4-port0,server,be-plane-a-leaf-05,E1/7/2,leaf
51,24860,connected,,,compute-014,be-gpu4-port1,server,be-plane-b-leaf-05,E1/7/2,leaf
51,24861,connected,,,compute-014,be-gpu5-port0,server,be-plane-a-leaf-06,E1/7/2,leaf
51,24862,connected,,,compute-014,be-gpu5-port1,server,be-plane-b-leaf-06,E1/7/2,leaf
51,24863,connected,,,compute-014,be-gpu6-port0,server,be-plane-a-leaf-07,E1/7/2,leaf
51,24864,connected,,,compute-014,be-gpu6-port1,server,be-plane-b-leaf-07,E1/7/2,leaf
51,24865,connected,,,compute-014,be-gpu7-port0,server,be-plane-a-leaf-08,E1/7/2,leaf
51,24866,connected,,,compute-014,be-gpu7-port1,server,be-plane-b-leaf-08,E1/7/2,leaf
51,24867,connected,,,compute-014,fe-p0,server,fe-leaf-01,E1/7/2,leaf
51,24868,connected,,,compute-014,fe-p1,server,fe-leaf-02,E1/7/2,leaf
51,24869,connected,,,compute-015,be-gpu0-port0,server,be-plane-a-leaf-01,E1/8/1,leaf
51,24870,connected,,,compute-015,be-gpu0-port1,server,be-plane-b-leaf-01,E1/8/1,leaf
51,24871,connected,,,compute-015,be-gpu1-port0,server,be-plane-a-leaf-02,E1/8/1,leaf
51,24872,connected,,,compute-015,be-gpu1-port1,server,be-plane-b-leaf-02,E1/8/1,leaf
51,24873,connected,,,compute-015,be-gpu2-port0,server,be-plane-a-leaf-03,E1/8/1,leaf
51,24874,connected,,,compute-015,be-gpu2-port1,server,be-plane-b-leaf-03,E1/8/1,leaf
51,24875,connected,,,compute-015,be-gpu3-port0,server,be-plane-a-leaf-04,E1/8/1,leaf
51,24876,connected,,,compute-015,be-gpu3-port1,server,be-plane-b-leaf-04,E1/8/1,leaf
51,24877,connected,,,compute-015,be-gpu4-port0,server,be-plane-a-leaf-05,E1/8/1,leaf
51,24878,connected,,,compute-015,be-gpu4-port1,server,be-plane-b-leaf-05,E1/8/1,leaf
51,24879,connected,,,compute-015,be-gpu5-port0,server,be-plane-a-leaf-06,E1/8/1,leaf
51,24880,connected,,,compute-015,be-gpu5-port1,server,be-plane-b-leaf-06,E1/8/1,leaf
51,24881,connected,,,compute-015,be-gpu6-port0,server,be-plane-a-leaf-07,E1/8/1,leaf
51,24882,connected,,,compute-015,be-gpu6-port1,server,be-plane-b-leaf-07,E1/8/1,leaf
51,24883,connected,,,compute-015,be-gpu7-port0,server,be-plane-a-leaf-08,E1/8/1,leaf
51,24884,connected,,,compute-015,be-gpu7-port1,server,be-plane-b-leaf-08,E1/8/1,leaf
51,24885,connected,,,compute-015,fe-p0,server,fe-leaf-01,E1/7/3,leaf
51,24886,connected,,,compute-015,fe-p1,server,fe-leaf-02,E1/7/3,leaf
51,24887,connected,,,compute-016,be-gpu0-port0,server,be-plane-a-leaf-01,E1/8/2,leaf
51,24888,connected,,,compute-016,be-gpu0-port1,server,be-plane-b-leaf-01,E1/8/2,leaf
51,24889,connected,,,compute-016,be-gpu1-port0,server,be-plane-a-leaf-02,E1/8/2,leaf
51,24890,connected,,,compute-016,be-gpu1-port1,server,be-plane-b-leaf-02,E1/8/2,leaf
51,24891,connected,,,compute-016,be-gpu2-port0,server,be-plane-a-leaf-03,E1/8/2,leaf
51,24892,connected,,,compute-016,be-gpu2-port1,server,be-plane-b-leaf-03,E1/8/2,leaf
51,24893,connected,,,compute-016,be-gpu3-port0,server,be-plane-a-leaf-04,E1/8/2,leaf
51,24894,connected,,,compute-016,be-gpu3-port1,server,be-plane-b-leaf-04,E1/8/2,leaf
51,24895,connected,,,compute-016,be-gpu4-port0,server,be-plane-a-leaf-05,E1/8/2,leaf
51,24896,connected,,,compute-016,be-gpu4-port1,server,be-plane-b-leaf-05,E1/8/2,leaf
51,24897,connected,,,compute-016,be-gpu5-port0,server,be-plane-a-leaf-06,E1/8/2,leaf
51,24898,connected,,,compute-016,be-gpu5-port1,server,be-plane-b-leaf-06,E1/8/2,leaf
51,24899,connected,,,compute-016,be-gpu6-port0,server,be-plane-a-leaf-07,E1/8/2,leaf
51,24900,connected,,,compute-016,be-gpu6-port1,server,be-plane-b-leaf-07,E1/8/2,leaf
51,24901,connected,,,compute-016,be-gpu7-port0,server,be-plane-a-leaf-08,E1/8/2,leaf
51,24902,connected,,,compute-016,be-gpu7-port1,server,be-plane-b-leaf-08,E1/8/2,leaf
51,24903,connected,,,compute-016,fe-p0,server,fe-leaf-01,E1/7/4,leaf
51,24904,connected,,,compute-016,fe-p1,server,fe-leaf-02,E1/7/4,leaf
51,24905,connected,,,compute-017,be-gpu0-port0,server,be-plane-a-leaf-01,E1/9/1,leaf
51,24906,connected,,,compute-017,be-gpu0-port1,server,be-plane-b-leaf-01,E1/9/1,leaf
51,24907,connected,,,compute-017,be-gpu1-port0,server,be-plane-a-leaf-02,E1/9/1,leaf
51,24908,connected,,,compute-017,be-gpu1-port1,server,be-plane-b-leaf-02,E1/9/1,leaf
51,24909,connected,,,compute-017,be-gpu2-port0,server,be-plane-a-leaf-03,E1/9/1,leaf
51,24910,connected,,,compute-017,be-gpu2-port1,server,be-plane-b-leaf-03,E1/9/1,leaf
51,24911,connected,,,compute-017,be-gpu3-port0,server,be-plane-a-leaf-04,E1/9/1,leaf
51,24912,connected,,,compute-017,be-gpu3-port1,server,be-plane-b-leaf-04,E1/9/1,leaf
51,24913,connected,,,compute-017,be-gpu4-port0,server,be-plane-a-leaf-05,E1/9/1,leaf
51,24914,connected,,,compute-017,be-gpu4-port1,server,be-plane-b-leaf-05,E1/9/1,leaf
51,24915,connected,,,compute-017,be-gpu5-port0,server,be-plane-a-leaf-06,E1/9/1,leaf
51,24916,connected,,,compute-017,be-gpu5-port1,server,be-plane-b-leaf-06,E1/9/1,leaf
51,24917,connected,,,compute-017,be-gpu6-port0,server,be-plane-a-leaf-07,E1/9/1,leaf
51,24918,connected,,,compute-017,be-gpu6-port1,server,be-plane-b-leaf-07,E1/9/1,leaf
51,24919,connected,,,compute-017,be-gpu7-port0,server,be-plane-a-leaf-08,E1/9/1,leaf
51,24920,connected,,,compute-017,be-gpu7-port1,server,be-plane-b-leaf-08,E1/9/1,leaf
51,24921,connected,,,compute-017,fe-p0,server,fe-leaf-01,E1/9/1,leaf
51,24922,connected,,,compute-017,fe-p1,server,fe-leaf-02,E1/9/1,leaf
51,24923,connected,,,compute-018,be-gpu0-port0,server,be-plane-a-leaf-01,E1/9/2,leaf
51,24924,connected,,,compute-018,be-gpu0-port1,server,be-plane-b-leaf-01,E1/9/2,leaf
51,24925,connected,,,compute-018,be-gpu1-port0,server,be-plane-a-leaf-02,E1/9/2,leaf
51,24926,connected,,,compute-018,be-gpu1-port1,server,be-plane-b-leaf-02,E1/9/2,leaf
51,24927,connected,,,compute-018,be-gpu2-port0,server,be-plane-a-leaf-03,E1/9/2,leaf
51,24928,connected,,,compute-018,be-gpu2-port1,server,be-plane-b-leaf-03,E1/9/2,leaf
51,24929,connected,,,compute-018,be-gpu3-port0,server,be-plane-a-leaf-04,E1/9/2,leaf
51,24930,connected,,,compute-018,be-gpu3-port1,server,be-plane-b-leaf-04,E1/9/2,leaf
51,24931,connected,,,compute-018,be-gpu4-port0,server,be-plane-a-leaf-05,E1/9/2,leaf
51,24932,connected,,,compute-018,be-gpu4-port1,server,be-plane-b-leaf-05,E1/9/2,leaf
51,24933,connected,,,compute-018,be-gpu5-port0,server,be-plane-a-leaf-06,E1/9/2,leaf
51,24934,connected,,,compute-018,be-gpu5-port1,server,be-plane-b-leaf-06,E1/9/2,leaf
51,24935,connected,,,compute-018,be-gpu6-port0,server,be-plane-a-leaf-07,E1/9/2,leaf
51,24936,connected,,,compute-018,be-gpu6-port1,server,be-plane-b-leaf-07,E1/9/2,leaf
51,24937,connected,,,compute-018,be-gpu7-port0,server,be-plane-a-leaf-08,E1/9/2,leaf
51,24938,connected,,,compute-018,be-gpu7-port1,server,be-plane-b-leaf-08,E1/9/2,leaf
51,24939,connected,,,compute-018,fe-p0,server,fe-leaf-01,E1/9/2,leaf
51,24940,connected,,,compute-018,fe-p1,server,fe-leaf-02,E1/9/2,leaf
51,24941,connected,,,compute-019,be-gpu0-port0,server,be-plane-a-leaf-01,E1/10/1,leaf
51,24942,connected,,,compute-019,be-gpu0-port1,server,be-plane-b-leaf-01,E1/10/1,leaf
51,24943,connected,,,compute-019,be-gpu1-port0,server,be-plane-a-leaf-02,E1/10/1,leaf
51,24944,connected,,,compute-019,be-gpu1-port1,server,be-plane-b-leaf-02,E1/10/1,leaf
51,24945,connected,,,compute-019,be-gpu2-port0,server,be-plane-a-leaf-03,E1/10/1,leaf
51,24946,connected,,,compute-019,be-gpu2-port1,server,be-plane-b-leaf-03,E1/10/1,leaf
51,24947,connected,,,compute-019,be-gpu3-port0,server,be-plane-a-leaf-04,E1/10/1,leaf
51,24948,connected,,,compute-019,be-gpu3-port1,server,be-plane-b-leaf-04,E1/10/1,leaf
51,24949,connected,,,compute-019,be-gpu4-port0,server,be-plane-a-leaf-05,E1/10/1,leaf
51,24950,connected,,,compute-019,be-gpu4-port1,server,be-plane-b-leaf-05,E1/10/1,leaf
51,24951,connected,,,compute-019,be-gpu5-port0,server,be-plane-a-leaf-06,E1/10/1,leaf
51,24952,connected,,,compute-019,be-gpu5-port1,server,be-plane-b-leaf-06,E1/10/1,leaf
51,24953,connected,,,compute-019,be-gpu6-port0,server,be-plane-a-leaf-07,E1/10/1,leaf
51,24954,connected,,,compute-019,be-gpu6-port1,server,be-plane-b-leaf-07,E1/10/1,leaf
51,24955,connected,,,compute-019,be-gpu7-port0,server,be-plane-a-leaf-08,E1/10/1,leaf
51,24956,connected,,,compute-019,be-gpu7-port1,server,be-plane-b-leaf-08,E1/10/1,leaf
51,24957,connected,,,compute-019,fe-p0,server,fe-leaf-01,E1/9/3,leaf
51,24958,connected,,,compute-019,fe-p1,server,fe-leaf-02,E1/9/3,leaf
51,24959,connected,,,compute-020,be-gpu0-port0,server,be-plane-a-leaf-01,E1/10/2,leaf
51,24960,connected,,,compute-020,be-gpu0-port1,server,be-plane-b-leaf-01,E1/10/2,leaf
51,24961,connected,,,compute-020,be-gpu1-port0,server,be-plane-a-leaf-02,E1/10/2,leaf
51,24962,connected,,,compute-020,be-gpu1-port1,server,be-plane-b-leaf-02,E1/10/2,leaf
51,24963,connected,,,compute-020,be-gpu2-port0,server,be-plane-a-leaf-03,E1/10/2,leaf
51,24964,connected,,,compute-020,be-gpu2-port1,server,be-plane-b-leaf-03,E1/10/2,leaf
51,24965,connected,,,compute-020,be-gpu3-port0,server,be-plane-a-leaf-04,E1/10/2,leaf
51,24966,connected,,,compute-020,be-gpu3-port1,server,be-plane-b-leaf-04,E1/10/2,leaf
51,24967,connected,,,compute-020,be-gpu4-port0,server,be-plane-a-leaf-05,E1/10/2,leaf
51,24968,connected,,,compute-020,be-gpu4-port1,server,be-plane-b-leaf-05,E1/10/2,leaf
51,24969,connected,,,compute-020,be-gpu5-port0,server,be-plane-a-leaf-06,E1/10/2,leaf
51,24970,connected,,,compute-020,be-gpu5-port1,server,be-plane-b-leaf-06,E1/10/2,leaf
51,24971,connected,,,compute-020,be-gpu6-port0,server,be-plane-a-leaf-07,E1/10/2,leaf
51,24972,connected,,,compute-020,be-gpu6-port1,server,be-plane-b-leaf-07,E1/10/2,leaf
51,24973,connected,,,compute-020,be-gpu7-port0,server,be-plane-a-leaf-08,E1/10/2,leaf
51,24974,connected,,,compute-020,be-gpu7-port1,server,be-plane-b-leaf-08,E1/10/2,leaf
51,24975,connected,,,compute-020,fe-p0,server,fe-leaf-01,E1/9/4,leaf
51,24976,connected,,,compute-020,fe-p1,server,fe-leaf-02,E1/9/4,leaf
51,24977,connected,,,compute-021,be-gpu0-port0,server,be-plane-a-leaf-01,E1/11/1,leaf
51,24978,connected,,,compute-021,be-gpu0-port1,server,be-plane-b-leaf-01,E1/11/1,leaf
51,24979,connected,,,compute-021,be-gpu1-port0,server,be-plane-a-leaf-02,E1/11/1,leaf
51,24980,connected,,,compute-021,be-gpu1-port1,server,be-plane-b-leaf-02,E1/11/1,leaf
51,24981,connected,,,compute-021,be-gpu2-port0,server,be-plane-a-leaf-03,E1/11/1,leaf
51,24982,connected,,,compute-021,be-gpu2-port1,server,be-plane-b-leaf-03,E1/11/1,leaf
51,24983,connected,,,compute-021,be-gpu3-port0,server,be-plane-a-leaf-04,E1/11/1,leaf
51,24984,connected,,,compute-021,be-gpu3-port1,server,be-plane-b-leaf-04,E1/11/1,leaf
51,24985,connected,,,compute-021,be-gpu4-port0,server,be-plane-a-leaf-05,E1/11/1,leaf
51,24986,connected,,,compute-021,be-gpu4-port1,server,be-plane-b-leaf-05,E1/11/1,leaf
51,24987,connected,,,compute-021,be-gpu5-port0,server,be-plane-a-leaf-06,E1/11/1,leaf
51,24988,connected,,,compute-021,be-gpu5-port1,server,be-plane-b-leaf-06,E1/11/1,leaf
51,24989,connected,,,compute-021,be-gpu6-port0,server,be-plane-a-leaf-07,E1/11/1,leaf
51,24990,connected,,,compute-021,be-gpu6-port1,server,be-plane-b-leaf-07,E1/11/1,leaf
51,24991,connected,,,compute-021,be-gpu7-port0,server,be-plane-a-leaf-08,E1/11/1,leaf
51,24992,connected,,,compute-021,be-gpu7-port1,server,be-plane-b-leaf-08,E1/11/1,leaf
51,24993,connected,,,compute-021,fe-p0,server,fe-leaf-01,E1/11/1,leaf
51,24994,connected,,,compute-021,fe-p1,server,fe-leaf-02,E1/11/1,leaf
51,24995,connected,,,compute-022,be-gpu0-port0,server,be-plane-a-leaf-01,E1/11/2,leaf
51,24996,connected,,,compute-022,be-gpu0-port1,server,be-plane-b-leaf-01,E1/11/2,leaf
51,24997,connected,,,compute-022,be-gpu1-port0,server,be-plane-a-leaf-02,E1/11/2,leaf
51,24998,connected,,,compute-022,be-gpu1-port1,server,be-plane-b-leaf-02,E1/11/2,leaf
51,24999,connected,,,compute-022,be-gpu2-port0,server,be-plane-a-leaf-03,E1/11/2,leaf
51,25000,connected,,,compute-022,be-gpu2-port1,server,be-plane-b-leaf-03,E1/11/2,leaf
51,25001,connected,,,compute-022,be-gpu3-port0,server,be-plane-a-leaf-04,E1/11/2,leaf
51,25002,connected,,,compute-022,be-gpu3-port1,server,be-plane-b-leaf-04,E1/11/2,leaf
51,25003,connected,,,compute-022,be-gpu4-port0,server,be-plane-a-leaf-05,E1/11/2,leaf
51,25004,connected,,,compute-022,be-gpu4-port1,server,be-plane-b-leaf-05,E1/11/2,leaf
51,25005,connected,,,compute-022,be-gpu5-port0,server,be-plane-a-leaf-06,E1/11/2,leaf
51,25006,connected,,,compute-022,be-gpu5-port1,server,be-plane-b-leaf-06,E1/11/2,leaf
51,25007,connected,,,compute-022,be-gpu6-port0,server,be-plane-a-leaf-07,E1/11/2,leaf
51,25008,connected,,,compute-022,be-gpu6-port1,server,be-plane-b-leaf-07,E1/11/2,leaf
51,25009,connected,,,compute-022,be-gpu7-port0,server,be-plane-a-leaf-08,E1/11/2,leaf
51,25010,connected,,,compute-022,be-gpu7-port1,server,be-plane-b-leaf-08,E1/11/2,leaf
51,25011,connected,,,compute-022,fe-p0,server,fe-leaf-01,E1/11/2,leaf
51,25012,connected,,,compute-022,fe-p1,server,fe-leaf-02,E1/11/2,leaf
51,25013,connected,,,compute-023,be-gpu0-port0,server,be-plane-a-leaf-01,E1/12/1,leaf
51,25014,connected,,,compute-023,be-gpu0-port1,server,be-plane-b-leaf-01,E1/12/1,leaf
51,25015,connected,,,compute-023,be-gpu1-port0,server,be-plane-a-leaf-02,E1/12/1,leaf
51,25016,connected,,,compute-023,be-gpu1-port1,server,be-plane-b-leaf-02,E1/12/1,leaf
51,25017,connected,,,compute-023,be-gpu2-port0,server,be-plane-a-leaf-03,E1/12/1,leaf
51,25018,connected,,,compute-023,be-gpu2-port1,server,be-plane-b-leaf-03,E1/12/1,leaf
51,25019,connected,,,compute-023,be-gpu3-port0,server,be-plane-a-leaf-04,E1/12/1,leaf
51,25020,connected,,,compute-023,be-gpu3-port1,server,be-plane-b-leaf-04,E1/12/1,leaf
51,25021,connected,,,compute-023,be-gpu4-port0,server,be-plane-a-leaf-05,E1/12/1,leaf
51,25022,connected,,,compute-023,be-gpu4-port1,server,be-plane-b-leaf-05,E1/12/1,leaf
51,25023,connected,,,compute-023,be-gpu5-port0,server,be-plane-a-leaf-06,E1/12/1,leaf
51,25024,connected,,,compute-023,be-gpu5-port1,server,be-plane-b-leaf-06,E1/12/1,leaf
51,25025,connected,,,compute-023,be-gpu6-port0,server,be-plane-a-leaf-07,E1/12/1,leaf
51,25026,connected,,,compute-023,be-gpu6-port1,server,be-plane-b-leaf-07,E1/12/1,leaf
51,25027,connected,,,compute-023,be-gpu7-port0,server,be-plane-a-leaf-08,E1/12/1,leaf
51,25028,connected,,,compute-023,be-gpu7-port1,server,be-plane-b-leaf-08,E1/12/1,leaf
51,25029,connected,,,compute-023,fe-p0,server,fe-leaf-01,E1/11/3,leaf
51,25030,connected,,,compute-023,fe-p1,server,fe-leaf-02,E1/11/3,leaf
51,25031,connected,,,compute-024,be-gpu0-port0,server,be-plane-a-leaf-01,E1/12/2,leaf
51,25032,connected,,,compute-024,be-gpu0-port1,server,be-plane-b-leaf-01,E1/12/2,leaf
51,25033,connected,,,compute-024,be-gpu1-port0,server,be-plane-a-leaf-02,E1/12/2,leaf
51,25034,connected,,,compute-024,be-gpu1-port1,server,be-plane-b-leaf-02,E1/12/2,leaf
51,25035,connected,,,compute-024,be-gpu2-port0,server,be-plane-a-leaf-03,E1/12/2,leaf
51,25036,connected,,,compute-024,be-gpu2-port1,server,be-plane-b-leaf-03,E1/12/2,leaf
51,25037,connected,,,compute-024,be-gpu3-port0,server,be-plane-a-leaf-04,E1/12/2,leaf
51,25038,connected,,,compute-024,be-gpu3-port1,server,be-plane-b-leaf-04,E1/12/2,leaf
51,25039,connected,,,compute-024,be-gpu4-port0,server,be-plane-a-leaf-05,E1/12/2,leaf
51,25040,connected,,,compute-024,be-gpu4-port1,server,be-plane-b-leaf-05,E1/12/2,leaf
51,25041,connected,,,compute-024,be-gpu5-port0,server,be-plane-a-leaf-06,E1/12/2,leaf
51,25042,connected,,,compute-024,be-gpu5-port1,server,be-plane-b-leaf-06,E1/12/2,leaf
51,25043,connected,,,compute-024,be-gpu6-port0,server,be-plane-a-leaf-07,E1/12/2,leaf
51,25044,connected,,,compute-024,be-gpu6-port1,server,be-plane-b-leaf-07,E1/12/2,leaf
51,25045,connected,,,compute-024,be-gpu7-port0,server,be-plane-a-leaf-08,E1/12/2,leaf
51,25046,connected,,,compute-024,be-gpu7-port1,server,be-plane-b-leaf-08,E1/12/2,leaf
51,25047,connected,,,compute-024,fe-p0,server,fe-leaf-01,E1/11/4,leaf
51,25048,connected,,,compute-024,fe-p1,server,fe-leaf-02,E1/11/4,leaf
51,25049,connected,,,compute-025,be-gpu0-port0,server,be-plane-a-leaf-01,E1/13/1,leaf
51,25050,connected,,,compute-025,be-gpu0-port1,server,be-plane-b-leaf-01,E1/13/1,leaf
51,25051,connected,,,compute-025,be-gpu1-port0,server,be-plane-a-leaf-02,E1/13/1,leaf
51,25052,connected,,,compute-025,be-gpu1-port1,server,be-plane-b-leaf-02,E1/13/1,leaf
51,25053,connected,,,compute-025,be-gpu2-port0,server,be-plane-a-leaf-03,E1/13/1,leaf
51,25054,connected,,,compute-025,be-gpu2-port1,server,be-plane-b-leaf-03,E1/13/1,leaf
51,25055,connected,,,compute-025,be-gpu3-port0,server,be-plane-a-leaf-04,E1/13/1,leaf
51,25056,connected,,,compute-025,be-gpu3-port1,server,be-plane-b-leaf-04,E1/13/1,leaf
51,25057,connected,,,compute-025,be-gpu4-port0,server,be-plane-a-leaf-05,E1/13/1,leaf
51,25058,connected,,,compute-025,be-gpu4-port1,server,be-plane-b-leaf-05,E1/13/1,leaf
51,25059,connected,,,compute-025,be-gpu5-port0,server,be-plane-a-leaf-06,E1/13/1,leaf
51,25060,connected,,,compute-025,be-gpu5-port1,server,be-plane-b-leaf-06,E1/13/1,leaf
51,25061,connected,,,compute-025,be-gpu6-port0,server,be-plane-a-leaf-07,E1/13/1,leaf
51,25062,connected,,,compute-025,be-gpu6-port1,server,be-plane-b-leaf-07,E1/13/1,leaf
51,25063,connected,,,compute-025,be-gpu7-port0,server,be-plane-a-leaf-08,E1/13/1,leaf
51,25064,connected,,,compute-025,be-gpu7-port1,server,be-plane-b-leaf-08,E1/13/1,leaf
51,25065,connected,,,compute-025,fe-p0,server,fe-leaf-01,E1/13/1,leaf
51,25066,connected,,,compute-025,fe-p1,server,fe-leaf-02,E1/13/1,leaf
51,25067,connected,,,compute-026,be-gpu0-port0,server,be-plane-a-leaf-01,E1/13/2,leaf
51,25068,connected,,,compute-026,be-gpu0-port1,server,be-plane-b-leaf-01,E1/13/2,leaf
51,25069,connected,,,compute-026,be-gpu1-port0,server,be-plane-a-leaf-02,E1/13/2,leaf
51,25070,connected,,,compute-026,be-gpu1-port1,server,be-plane-b-leaf-02,E1/13/2,leaf
51,25071,connected,,,compute-026,be-gpu2-port0,server,be-plane-a-leaf-03,E1/13/2,leaf
51,25072,connected,,,compute-026,be-gpu2-port1,server,be-plane-b-leaf-03,E1/13/2,leaf
51,25073,connected,,,compute-026,be-gpu3-port0,server,be-plane-a-leaf-04,E1/13/2,leaf
51,25074,connected,,,compute-026,be-gpu3-port1,server,be-plane-b-leaf-04,E1/13/2,leaf
51,25075,connected,,,compute-026,be-gpu4-port0,server,be-plane-a-leaf-05,E1/13/2,leaf
51,25076,connected,,,compute-026,be-gpu4-port1,server,be-plane-b-leaf-05,E1/13/2,leaf
51,25077,connected,,,compute-026,be-gpu5-port0,server,be-plane-a-leaf-06,E1/13/2,leaf
51,25078,connected,,,compute-026,be-gpu5-port1,server,be-plane-b-leaf-06,E1/13/2,leaf
51,25079,connected,,,compute-026,be-gpu6-port0,server,be-plane-a-leaf-07,E1/13/2,leaf
51,25080,connected,,,compute-026,be-gpu6-port1,server,be-plane-b-leaf-07,E1/13/2,leaf
51,25081,connected,,,compute-026,be-gpu7-port0,server,be-plane-a-leaf-08,E1/13/2,leaf
51,25082,connected,,,compute-026,be-gpu7-port1,server,be-plane-b-leaf-08,E1/13/2,leaf
51,25083,connected,,,compute-026,fe-p0,server,fe-leaf-01,E1/13/2,leaf
51,25084,connected,,,compute-026,fe-p1,server,fe-leaf-02,E1/13/2,leaf
51,25085,connected,,,compute-027,be-gpu0-port0,server,be-plane-a-leaf-01,E1/14/1,leaf
51,25086,connected,,,compute-027,be-gpu0-port1,server,be-plane-b-leaf-01,E1/14/1,leaf
51,25087,connected,,,compute-027,be-gpu1-port0,server,be-plane-a-leaf-02,E1/14/1,leaf
51,25088,connected,,,compute-027,be-gpu1-port1,server,be-plane-b-leaf-02,E1/14/1,leaf
51,25089,connected,,,compute-027,be-gpu2-port0,server,be-plane-a-leaf-03,E1/14/1,leaf
51,25090,connected,,,compute-027,be-gpu2-port1,server,be-plane-b-leaf-03,E1/14/1,leaf
51,25091,connected,,,compute-027,be-gpu3-port0,server,be-plane-a-leaf-04,E1/14/1,leaf
51,25092,connected,,,compute-027,be-gpu3-port1,server,be-plane-b-leaf-04,E1/14/1,leaf
51,25093,connected,,,compute-027,be-gpu4-port0,server,be-plane-a-leaf-05,E1/14/1,leaf
51,25094,connected,,,compute-027,be-gpu4-port1,server,be-plane-b-leaf-05,E1/14/1,leaf
51,25095,connected,,,compute-027,be-gpu5-port0,server,be-plane-a-leaf-06,E1/14/1,leaf
51,25096,connected,,,compute-027,be-gpu5-port1,server,be-plane-b-leaf-06,E1/14/1,leaf
51,25097,connected,,,compute-027,be-gpu6-port0,server,be-plane-a-leaf-07,E1/14/1,leaf
51,25098,connected,,,compute-027,be-gpu6-port1,server,be-plane-b-leaf-07,E1/14/1,leaf
51,25099,connected,,,compute-027,be-gpu7-port0,server,be-plane-a-leaf-08,E1/14/1,leaf
51,25100,connected,,,compute-027,be-gpu7-port1,server,be-plane-b-leaf-08,E1/14/1,leaf
51,25101,connected,,,compute-027,fe-p0,server,fe-leaf-01,E1/13/3,leaf
51,25102,connected,,,compute-027,fe-p1,server,fe-leaf-02,E1/13/3,leaf
51,25103,connected,,,compute-028,be-gpu0-port0,server,be-plane-a-leaf-01,E1/14/2,leaf
51,25104,connected,,,compute-028,be-gpu0-port1,server,be-plane-b-leaf-01,E1/14/2,leaf
51,25105,connected,,,compute-028,be-gpu1-port0,server,be-plane-a-leaf-02,E1/14/2,leaf
51,25106,connected,,,compute-028,be-gpu1-port1,server,be-plane-b-leaf-02,E1/14/2,leaf
51,25107,connected,,,compute-028,be-gpu2-port0,server,be-plane-a-leaf-03,E1/14/2,leaf
51,25108,connected,,,compute-028,be-gpu2-port1,server,be-plane-b-leaf-03,E1/14/2,leaf
51,25109,connected,,,compute-028,be-gpu3-port0,server,be-plane-a-leaf-04,E1/14/2,leaf
51,25110,connected,,,compute-028,be-gpu3-port1,server,be-plane-b-leaf-04,E1/14/2,leaf
51,25111,connected,,,compute-028,be-gpu4-port0,server,be-plane-a-leaf-05,E1/14/2,leaf
51,25112,connected,,,compute-028,be-gpu4-port1,server,be-plane-b-leaf-05,E1/14/2,leaf
51,25113,connected,,,compute-028,be-gpu5-port0,server,be-plane-a-leaf-06,E1/14/2,leaf
51,25114,connected,,,compute-028,be-gpu5-port1,server,be-plane-b-leaf-06,E1/14/2,leaf
51,25115,connected,,,compute-028,be-gpu6-port0,server,be-plane-a-leaf-07,E1/14/2,leaf
51,25116,connected,,,compute-028,be-gpu6-port1,server,be-plane-b-leaf-07,E1/14/2,leaf
51,25117,connected,,,compute-028,be-gpu7-port0,server,be-plane-a-leaf-08,E1/14/2,leaf
51,25118,connected,,,compute-028,be-gpu7-port1,server,be-plane-b-leaf-08,E1/14/2,leaf
51,25119,connected,,,compute-028,fe-p0,server,fe-leaf-01,E1/13/4,leaf
51,25120,connected,,,compute-028,fe-p1,server,fe-leaf-02,E1/13/4,leaf
51,25121,connected,,,compute-029,be-gpu0-port0,server,be-plane-a-leaf-01,E1/15/1,leaf
51,25122,connected,,,compute-029,be-gpu0-port1,server,be-plane-b-leaf-01,E1/15/1,leaf
51,25123,connected,,,compute-029,be-gpu1-port0,server,be-plane-a-leaf-02,E1/15/1,leaf
51,25124,connected,,,compute-029,be-gpu1-port1,server,be-plane-b-leaf-02,E1/15/1,leaf
51,25125,connected,,,compute-029,be-gpu2-port0,server,be-plane-a-leaf-03,E1/15/1,leaf
51,25126,connected,,,compute-029,be-gpu2-port1,server,be-plane-b-leaf-03,E1/15/1,leaf
51,25127,connected,,,compute-029,be-gpu3-port0,server,be-plane-a-leaf-04,E1/15/1,leaf
51,25128,connected,,,compute-029,be-gpu3-port1,server,be-plane-b-leaf-04,E1/15/1,leaf
51,25129,connected,,,compute-029,be-gpu4-port0,server,be-plane-a-leaf-05,E1/15/1,leaf
51,25130,connected,,,compute-029,be-gpu4-port1,server,be-plane-b-leaf-05,E1/15/1,leaf
51,25131,connected,,,compute-029,be-gpu5-port0,server,be-plane-a-leaf-06,E1/15/1,leaf
51,25132,connected,,,compute-029,be-gpu5-port1,server,be-plane-b-leaf-06,E1/15/1,leaf
51,25133,connected,,,compute-029,be-gpu6-port0,server,be-plane-a-leaf-07,E1/15/1,leaf
51,25134,connected,,,compute-029,be-gpu6-port1,server,be-plane-b-leaf-07,E1/15/1,leaf
51,25135,connected,,,compute-029,be-gpu7-port0,server,be-plane-a-leaf-08,E1/15/1,leaf
51,25136,connected,,,compute-029,be-gpu7-port1,server,be-plane-b-leaf-08,E1/15/1,leaf
51,25137,connected,,,compute-029,fe-p0,server,fe-leaf-01,E1/15/1,leaf
51,25138,connected,,,compute-029,fe-p1,server,fe-leaf-02,E1/15/1,leaf
51,25139,connected,,,compute-030,be-gpu0-port0,server,be-plane-a-leaf-01,E1/15/2,leaf
51,25140,connected,,,compute-030,be-gpu0-port1,server,be-plane-b-leaf-01,E1/15/2,leaf
51,25141,connected,,,compute-030,be-gpu1-port0,server,be-plane-a-leaf-02,E1/15/2,leaf
51,25142,connected,,,compute-030,be-gpu1-port1,server,be-plane-b-leaf-02,E1/15/2,leaf
51,25143,connected,,,compute-030,be-gpu2-port0,server,be-plane-a-leaf-03,E1/15/2,leaf
51,25144,connected,,,compute-030,be-gpu2-port1,server,be-plane-b-leaf-03,E1/15/2,leaf
51,25145,connected,,,compute-030,be-gpu3-port0,server,be-plane-a-leaf-04,E1/15/2,leaf
51,25146,connected,,,compute-030,be-gpu3-port1,server,be-plane-b-leaf-04,E1/15/2,leaf
51,25147,connected,,,compute-030,be-gpu4-port0,server,be-plane-a-leaf-05,E1/15/2,leaf
51,25148,connected,,,compute-030,be-gpu4-port1,server,be-plane-b-leaf-05,E1/15/2,leaf
51,25149,connected,,,compute-030,be-gpu5-port0,server,be-plane-a-leaf-06,E1/15/2,leaf
51,25150,connected,,,compute-030,be-gpu5-port1,server,be-plane-b-leaf-06,E1/15/2,leaf
51,25151,connected,,,compute-030,be-gpu6-port0,server,be-plane-a-leaf-07,E1/15/2,leaf
51,25152,connected,,,compute-030,be-gpu6-port1,server,be-plane-b-leaf-07,E1/15/2,leaf
51,25153,connected,,,compute-030,be-gpu7-port0,server,be-plane-a-leaf-08,E1/15/2,leaf
51,25154,connected,,,compute-030,be-gpu7-port1,server,be-plane-b-leaf-08,E1/15/2,leaf
51,25155,connected,,,compute-030,fe-p0,server,fe-leaf-01,E1/15/2,leaf
51,25156,connected,,,compute-030,fe-p1,server,fe-leaf-02,E1/15/2,leaf
51,25157,connected,,,compute-031,be-gpu0-port0,server,be-plane-a-leaf-01,E1/16/1,leaf
51,25158,connected,,,compute-031,be-gpu0-port1,server,be-plane-b-leaf-01,E1/16/1,leaf
51,25159,connected,,,compute-031,be-gpu1-port0,server,be-plane-a-leaf-02,E1/16/1,leaf
51,25160,connected,,,compute-031,be-gpu1-port1,server,be-plane-b-leaf-02,E1/16/1,leaf
51,25161,connected,,,compute-031,be-gpu2-port0,server,be-plane-a-leaf-03,E1/16/1,leaf
51,25162,connected,,,compute-031,be-gpu2-port1,server,be-plane-b-leaf-03,E1/16/1,leaf
51,25163,connected,,,compute-031,be-gpu3-port0,server,be-plane-a-leaf-04,E1/16/1,leaf
51,25164,connected,,,compute-031,be-gpu3-port1,server,be-plane-b-leaf-04,E1/16/1,leaf
51,25165,connected,,,compute-031,be-gpu4-port0,server,be-plane-a-leaf-05,E1/16/1,leaf
51,25166,connected,,,compute-031,be-gpu4-port1,server,be-plane-b-leaf-05,E1/16/1,leaf
51,25167,connected,,,compute-031,be-gpu5-port0,server,be-plane-a-leaf-06,E1/16/1,leaf
51,25168,connected,,,compute-031,be-gpu5-port1,server,be-plane-b-leaf-06,E1/16/1,leaf
51,25169,connected,,,compute-031,be-gpu6-port0,server,be-plane-a-leaf-07,E1/16/1,leaf
51,25170,connected,,,compute-031,be-gpu6-port1,server,be-plane-b-leaf-07,E1/16/1,leaf
51,25171,connected,,,compute-031,be-gpu7-port0,server,be-plane-a-leaf-08,E1/16/1,leaf
51,25172,connected,,,compute-031,be-gpu7-port1,server,be-plane-b-leaf-08,E1/16/1,leaf
51,25173,connected,,,compute-031,fe-p0,server,fe-leaf-01,E1/15/3,leaf
51,25174,connected,,,compute-031,fe-p1,server,fe-leaf-02,E1/15/3,leaf
51,25175,connected,,,compute-032,be-gpu0-port0,server,be-plane-a-leaf-01,E1/16/2,leaf
51,25176,connected,,,compute-032,be-gpu0-port1,server,be-plane-b-leaf-01,E1/16/2,leaf
51,25177,connected,,,compute-032,be-gpu1-port0,server,be-plane-a-leaf-02,E1/16/2,leaf
51,25178,connected,,,compute-032,be-gpu1-port1,server,be-plane-b-leaf-02,E1/16/2,leaf
51,25179,connected,,,compute-032,be-gpu2-port0,server,be-plane-a-leaf-03,E1/16/2,leaf
51,25180,connected,,,compute-032,be-gpu2-port1,server,be-plane-b-leaf-03,E1/16/2,leaf
51,25181,connected,,,compute-032,be-gpu3-port0,server,be-plane-a-leaf-04,E1/16/2,leaf
51,25182,connected,,,compute-032,be-gpu3-port1,server,be-plane-b-leaf-04,E1/16/2,leaf
51,25183,connected,,,compute-032,be-gpu4-port0,server,be-plane-a-leaf-05,E1/16/2,leaf
51,25184,connected,,,compute-032,be-gpu4-port1,server,be-plane-b-leaf-05,E1/16/2,leaf
51,25185,connected,,,compute-032,be-gpu5-port0,server,be-plane-a-leaf-06,E1/16/2,leaf
51,25186,connected,,,compute-032,be-gpu5-port1,server,be-plane-b-leaf-06,E1/16/2,leaf
51,25187,connected,,,compute-032,be-gpu6-port0,server,be-plane-a-leaf-07,E1/16/2,leaf
51,25188,connected,,,compute-032,be-gpu6-port1,server,be-plane-b-leaf-07,E1/16/2,leaf
51,25189,connected,,,compute-032,be-gpu7-port0,server,be-plane-a-leaf-08,E1/16/2,leaf
51,25190,connected,,,compute-032,be-gpu7-port1,server,be-plane-b-leaf-08,E1/16/2,leaf
51,25191,connected,,,compute-032,fe-p0,server,fe-leaf-01,E1/15/4,leaf
51,25192,connected,,,compute-032,fe-p1,server,fe-leaf-02,E1/15/4,leaf
51,25193,connected,,,compute-033,be-gpu0-port0,server,be-plane-a-leaf-01,E1/17/1,leaf
51,25194,connected,,,compute-033,be-gpu0-port1,server,be-plane-b-leaf-01,E1/17/1,leaf
51,25195,connected,,,compute-033,be-gpu1-port0,server,be-plane-a-leaf-02,E1/17/1,leaf
51,25196,connected,,,compute-033,be-gpu1-port1,server,be-plane-b-leaf-02,E1/17/1,leaf
51,25197,connected,,,compute-033,be-gpu2-port0,server,be-plane-a-leaf-03,E1/17/1,leaf
51,25198,connected,,,compute-033,be-gpu2-port1,server,be-plane-b-leaf-03,E1/17/1,leaf
51,25199,connected,,,compute-033,be-gpu3-port0,server,be-plane-a-leaf-04,E1/17/1,leaf
51,25200,connected,,,compute-033,be-gpu3-port1,server,be-plane-b-leaf-04,E1/17/1,leaf
51,25201,connected,,,compute-033,be-gpu4-port0,server,be-plane-a-leaf-05,E1/17/1,leaf
51,25202,connected,,,compute-033,be-gpu4-port1,server,be-plane-b-leaf-05,E1/17/1,leaf
51,25203,connected,,,compute-033,be-gpu5-port0,server,be-plane-a-leaf-06,E1/17/1,leaf
51,25204,connected,,,compute-033,be-gpu5-port1,server,be-plane-b-leaf-06,E1/17/1,leaf
51,25205,connected,,,compute-033,be-gpu6-port0,server,be-plane-a-leaf-07,E1/17/1,leaf
51,25206,connected,,,compute-033,be-gpu6-port1,server,be-plane-b-leaf-07,E1/17/1,leaf
51,25207,connected,,,compute-033,be-gpu7-port0,server,be-plane-a-leaf-08,E1/17/1,leaf
51,25208,connected,,,compute-033,be-gpu7-port1,server,be-plane-b-leaf-08,E1/17/1,leaf
51,25209,connected,,,compute-033,fe-p0,server,fe-leaf-01,E1/17/1,leaf
51,25210,connected,,,compute-033,fe-p1,server,fe-leaf-02,E1/17/1,leaf
51,25211,connected,,,compute-034,be-gpu0-port0,server,be-plane-a-leaf-01,E1/17/2,leaf
51,25212,connected,,,compute-034,be-gpu0-port1,server,be-plane-b-leaf-01,E1/17/2,leaf
51,25213,connected,,,compute-034,be-gpu1-port0,server,be-plane-a-leaf-02,E1/17/2,leaf
51,25214,connected,,,compute-034,be-gpu1-port1,server,be-plane-b-leaf-02,E1/17/2,leaf
51,25215,connected,,,compute-034,be-gpu2-port0,server,be-plane-a-leaf-03,E1/17/2,leaf
51,25216,connected,,,compute-034,be-gpu2-port1,server,be-plane-b-leaf-03,E1/17/2,leaf
51,25217,connected,,,compute-034,be-gpu3-port0,server,be-plane-a-leaf-04,E1/17/2,leaf
51,25218,connected,,,compute-034,be-gpu3-port1,server,be-plane-b-leaf-04,E1/17/2,leaf
51,25219,connected,,,compute-034,be-gpu4-port0,server,be-plane-a-leaf-05,E1/17/2,leaf
51,25220,connected,,,compute-034,be-gpu4-port1,server,be-plane-b-leaf-05,E1/17/2,leaf
51,25221,connected,,,compute-034,be-gpu5-port0,server,be-plane-a-leaf-06,E1/17/2,leaf
51,25222,connected,,,compute-034,be-gpu5-port1,server,be-plane-b-leaf-06,E1/17/2,leaf
51,25223,connected,,,compute-034,be-gpu6-port0,server,be-plane-a-leaf-07,E1/17/2,leaf
51,25224,connected,,,compute-034,be-gpu6-port1,server,be-plane-b-leaf-07,E1/17/2,leaf
51,25225,connected,,,compute-034,be-gpu7-port0,server,be-plane-a-leaf-08,E1/17/2,leaf
51,25226,connected,,,compute-034,be-gpu7-port1,server,be-plane-b-leaf-08,E1/17/2,leaf
51,25227,connected,,,compute-034,fe-p0,server,fe-leaf-01,E1/17/2,leaf
51,25228,connected,,,compute-034,fe-p1,server,fe-leaf-02,E1/17/2,leaf
51,25229,connected,,,compute-035,be-gpu0-port0,server,be-plane-a-leaf-01,E1/18/1,leaf
51,25230,connected,,,compute-035,be-gpu0-port1,server,be-plane-b-leaf-01,E1/18/1,leaf
51,25231,connected,,,compute-035,be-gpu1-port0,server,be-plane-a-leaf-02,E1/18/1,leaf
51,25232,connected,,,compute-035,be-gpu1-port1,server,be-plane-b-leaf-02,E1/18/1,leaf
51,25233,connected,,,compute-035,be-gpu2-port0,server,be-plane-a-leaf-03,E1/18/1,leaf
51,25234,connected,,,compute-035,be-gpu2-port1,server,be-plane-b-leaf-03,E1/18/1,leaf
51,25235,connected,,,compute-035,be-gpu3-port0,server,be-plane-a-leaf-04,E1/18/1,leaf
51,25236,connected,,,compute-035,be-gpu3-port1,server,be-plane-b-leaf-04,E1/18/1,leaf
51,25237,connected,,,compute-035,be-gpu4-port0,server,be-plane-a-leaf-05,E1/18/1,leaf
51,25238,connected,,,compute-035,be-gpu4-port1,server,be-plane-b-leaf-05,E1/18/1,leaf
51,25239,connected,,,compute-035,be-gpu5-port0,server,be-plane-a-leaf-06,E1/18/1,leaf
51,25240,connected,,,compute-035,be-gpu5-port1,server,be-plane-b-leaf-06,E1/18/1,leaf
51,25241,connected,,,compute-035,be-gpu6-port0,server,be-plane-a-leaf-07,E1/18/1,leaf
51,25242,connected,,,compute-035,be-gpu6-port1,server,be-plane-b-leaf-07,E1/18/1,leaf
51,25243,connected,,,compute-035,be-gpu7-port0,server,be-plane-a-leaf-08,E1/18/1,leaf
51,25244,connected,,,compute-035,be-gpu7-port1,server,be-plane-b-leaf-08,E1/18/1,leaf
51,25245,connected,,,compute-035,fe-p0,server,fe-leaf-01,E1/17/3,leaf
51,25246,connected,,,compute-035,fe-p1,server,fe-leaf-02,E1/17/3,leaf
51,25247,connected,,,compute-036,be-gpu0-port0,server,be-plane-a-leaf-01,E1/18/2,leaf
51,25248,connected,,,compute-036,be-gpu0-port1,server,be-plane-b-leaf-01,E1/18/2,leaf
51,25249,connected,,,compute-036,be-gpu1-port0,server,be-plane-a-leaf-02,E1/18/2,leaf
51,25250,connected,,,compute-036,be-gpu1-port1,server,be-plane-b-leaf-02,E1/18/2,leaf
51,25251,connected,,,compute-036,be-gpu2-port0,server,be-plane-a-leaf-03,E1/18/2,leaf
51,25252,connected,,,compute-036,be-gpu2-port1,server,be-plane-b-leaf-03,E1/18/2,leaf
51,25253,connected,,,compute-036,be-gpu3-port0,server,be-plane-a-leaf-04,E1/18/2,leaf
51,25254,connected,,,compute-036,be-gpu3-port1,server,be-plane-b-leaf-04,E1/18/2,leaf
51,25255,connected,,,compute-036,be-gpu4-port0,server,be-plane-a-leaf-05,E1/18/2,leaf
51,25256,connected,,,compute-036,be-gpu4-port1,server,be-plane-b-leaf-05,E1/18/2,leaf
51,25257,connected,,,compute-036,be-gpu5-port0,server,be-plane-a-leaf-06,E1/18/2,leaf
51,25258,connected,,,compute-036,be-gpu5-port1,server,be-plane-b-leaf-06,E1/18/2,leaf
51,25259,connected,,,compute-036,be-gpu6-port0,server,be-plane-a-leaf-07,E1/18/2,leaf
51,25260,connected,,,compute-036,be-gpu6-port1,server,be-plane-b-leaf-07,E1/18/2,leaf
51,25261,connected,,,compute-036,be-gpu7-port0,server,be-plane-a-leaf-08,E1/18/2,leaf
51,25262,connected,,,compute-036,be-gpu7-port1,server,be-plane-b-leaf-08,E1/18/2,leaf
51,25263,connected,,,compute-036,fe-p0,server,fe-leaf-01,E1/17/4,leaf
51,25264,connected,,,compute-036,fe-p1,server,fe-leaf-02,E1/17/4,leaf
51,25265,connected,,,compute-037,be-gpu0-port0,server,be-plane-a-leaf-01,E1/19/1,leaf
51,25266,connected,,,compute-037,be-gpu0-port1,server,be-plane-b-leaf-01,E1/19/1,leaf
51,25267,connected,,,compute-037,be-gpu1-port0,server,be-plane-a-leaf-02,E1/19/1,leaf
51,25268,connected,,,compute-037,be-gpu1-port1,server,be-plane-b-leaf-02,E1/19/1,leaf
51,25269,connected,,,compute-037,be-gpu2-port0,server,be-plane-a-leaf-03,E1/19/1,leaf
51,25270,connected,,,compute-037,be-gpu2-port1,server,be-plane-b-leaf-03,E1/19/1,leaf
51,25271,connected,,,compute-037,be-gpu3-port0,server,be-plane-a-leaf-04,E1/19/1,leaf
51,25272,connected,,,compute-037,be-gpu3-port1,server,be-plane-b-leaf-04,E1/19/1,leaf
51,25273,connected,,,compute-037,be-gpu4-port0,server,be-plane-a-leaf-05,E1/19/1,leaf
51,25274,connected,,,compute-037,be-gpu4-port1,server,be-plane-b-leaf-05,E1/19/1,leaf
51,25275,connected,,,compute-037,be-gpu5-port0,server,be-plane-a-leaf-06,E1/19/1,leaf
51,25276,connected,,,compute-037,be-gpu5-port1,server,be-plane-b-leaf-06,E1/19/1,leaf
51,25277,connected,,,compute-037,be-gpu6-port0,server,be-plane-a-leaf-07,E1/19/1,leaf
51,25278,connected,,,compute-037,be-gpu6-port1,server,be-plane-b-leaf-07,E1/19/1,leaf
51,25279,connected,,,compute-037,be-gpu7-port0,server,be-plane-a-leaf-08,E1/19/1,leaf
51,25280,connected,,,compute-037,be-gpu7-port1,server,be-plane-b-leaf-08,E1/19/1,leaf
51,25281,connected,,,compute-037,fe-p0,server,fe-leaf-01,E1/19/1,leaf
51,25282,connected,,,compute-037,fe-p1,server,fe-leaf-02,E1/19/1,leaf
51,25283,connected,,,compute-038,be-gpu0-port0,server,be-plane-a-leaf-01,E1/19/2,leaf
51,25284,connected,,,compute-038,be-gpu0-port1,server,be-plane-b-leaf-01,E1/19/2,leaf
51,25285,connected,,,compute-038,be-gpu1-port0,server,be-plane-a-leaf-02,E1/19/2,leaf
51,25286,connected,,,compute-038,be-gpu1-port1,server,be-plane-b-leaf-02,E1/19/2,leaf
51,25287,connected,,,compute-038,be-gpu2-port0,server,be-plane-a-leaf-03,E1/19/2,leaf
51,25288,connected,,,compute-038,be-gpu2-port1,server,be-plane-b-leaf-03,E1/19/2,leaf
51,25289,connected,,,compute-038,be-gpu3-port0,server,be-plane-a-leaf-04,E1/19/2,leaf
51,25290,connected,,,compute-038,be-gpu3-port1,server,be-plane-b-leaf-04,E1/19/2,leaf
51,25291,connected,,,compute-038,be-gpu4-port0,server,be-plane-a-leaf-05,E1/19/2,leaf
51,25292,connected,,,compute-038,be-gpu4-port1,server,be-plane-b-leaf-05,E1/19/2,leaf
51,25293,connected,,,compute-038,be-gpu5-port0,server,be-plane-a-leaf-06,E1/19/2,leaf
51,25294,connected,,,compute-038,be-gpu5-port1,server,be-plane-b-leaf-06,E1/19/2,leaf
51,25295,connected,,,compute-038,be-gpu6-port0,server,be-plane-a-leaf-07,E1/19/2,leaf
51,25296,connected,,,compute-038,be-gpu6-port1,server,be-plane-b-leaf-07,E1/19/2,leaf
51,25297,connected,,,compute-038,be-gpu7-port0,server,be-plane-a-leaf-08,E1/19/2,leaf
51,25298,connected,,,compute-038,be-gpu7-port1,server,be-plane-b-leaf-08,E1/19/2,leaf
51,25299,connected,,,compute-038,fe-p0,server,fe-leaf-01,E1/19/2,leaf
51,25300,connected,,,compute-038,fe-p1,server,fe-leaf-02,E1/19/2,leaf
51,25301,connected,,,compute-039,be-gpu0-port0,server,be-plane-a-leaf-01,E1/20/1,leaf
51,25302,connected,,,compute-039,be-gpu0-port1,server,be-plane-b-leaf-01,E1/20/1,leaf
51,25303,connected,,,compute-039,be-gpu1-port0,server,be-plane-a-leaf-02,E1/20/1,leaf
51,25304,connected,,,compute-039,be-gpu1-port1,server,be-plane-b-leaf-02,E1/20/1,leaf
51,25305,connected,,,compute-039,be-gpu2-port0,server,be-plane-a-leaf-03,E1/20/1,leaf
51,25306,connected,,,compute-039,be-gpu2-port1,server,be-plane-b-leaf-03,E1/20/1,leaf
51,25307,connected,,,compute-039,be-gpu3-port0,server,be-plane-a-leaf-04,E1/20/1,leaf
51,25308,connected,,,compute-039,be-gpu3-port1,server,be-plane-b-leaf-04,E1/20/1,leaf
51,25309,connected,,,compute-039,be-gpu4-port0,server,be-plane-a-leaf-05,E1/20/1,leaf
51,25310,connected,,,compute-039,be-gpu4-port1,server,be-plane-b-leaf-05,E1/20/1,leaf
51,25311,connected,,,compute-039,be-gpu5-port0,server,be-plane-a-leaf-06,E1/20/1,leaf
51,25312,connected,,,compute-039,be-gpu5-port1,server,be-plane-b-leaf-06,E1/20/1,leaf
51,25313,connected,,,compute-039,be-gpu6-port0,server,be-plane-a-leaf-07,E1/20/1,leaf
51,25314,connected,,,compute-039,be-gpu6-port1,server,be-plane-b-leaf-07,E1/20/1,leaf
51,25315,connected,,,compute-039,be-gpu7-port0,server,be-plane-a-leaf-08,E1/20/1,leaf
51,25316,connected,,,compute-039,be-gpu7-port1,server,be-plane-b-leaf-08,E1/20/1,leaf
51,25317,connected,,,compute-039,fe-p0,server,fe-leaf-01,E1/19/3,leaf
51,25318,connected,,,compute-039,fe-p1,server,fe-leaf-02,E1/19/3,leaf
51,25319,connected,,,compute-040,be-gpu0-port0,server,be-plane-a-leaf-01,E1/20/2,leaf
51,25320,connected,,,compute-040,be-gpu0-port1,server,be-plane-b-leaf-01,E1/20/2,leaf
51,25321,connected,,,compute-040,be-gpu1-port0,server,be-plane-a-leaf-02,E1/20/2,leaf
51,25322,connected,,,compute-040,be-gpu1-port1,server,be-plane-b-leaf-02,E1/20/2,leaf
51,25323,connected,,,compute-040,be-gpu2-port0,server,be-plane-a-leaf-03,E1/20/2,leaf
51,25324,connected,,,compute-040,be-gpu2-port1,server,be-plane-b-leaf-03,E1/20/2,leaf
51,25325,connected,,,compute-040,be-gpu3-port0,server,be-plane-a-leaf-04,E1/20/2,leaf
51,25326,connected,,,compute-040,be-gpu3-port1,server,be-plane-b-leaf-04,E1/20/2,leaf
51,25327,connected,,,compute-040,be-gpu4-port0,server,be-plane-a-leaf-05,E1/20/2,leaf
51,25328,connected,,,compute-040,be-gpu4-port1,server,be-plane-b-leaf-05,E1/20/2,leaf
51,25329,connected,,,compute-040,be-gpu5-port0,server,be-plane-a-leaf-06,E1/20/2,leaf
51,25330,connected,,,compute-040,be-gpu5-port1,server,be-plane-b-leaf-06,E1/20/2,leaf
51,25331,connected,,,compute-040,be-gpu6-port0,server,be-plane-a-leaf-07,E1/20/2,leaf
51,25332,connected,,,compute-040,be-gpu6-port1,server,be-plane-b-leaf-07,E1/20/2,leaf
51,25333,connected,,,compute-040,be-gpu7-port0,server,be-plane-a-leaf-08,E1/20/2,leaf
51,25334,connected,,,compute-040,be-gpu7-port1,server,be-plane-b-leaf-08,E1/20/2,leaf
51,25335,connected,,,compute-040,fe-p0,server,fe-leaf-01,E1/19/4,leaf
51,25336,connected,,,compute-040,fe-p1,server,fe-leaf-02,E1/19/4,leaf
51,25337,connected,,,compute-041,be-gpu0-port0,server,be-plane-a-leaf-01,E1/21/1,leaf
51,25338,connected,,,compute-041,be-gpu0-port1,server,be-plane-b-leaf-01,E1/21/1,leaf
51,25339,connected,,,compute-041,be-gpu1-port0,server,be-plane-a-leaf-02,E1/21/1,leaf
51,25340,connected,,,compute-041,be-gpu1-port1,server,be-plane-b-leaf-02,E1/21/1,leaf
51,25341,connected,,,compute-041,be-gpu2-port0,server,be-plane-a-leaf-03,E1/21/1,leaf
51,25342,connected,,,compute-041,be-gpu2-port1,server,be-plane-b-leaf-03,E1/21/1,leaf
51,25343,connected,,,compute-041,be-gpu3-port0,server,be-plane-a-leaf-04,E1/21/1,leaf
51,25344,connected,,,compute-041,be-gpu3-port1,server,be-plane-b-leaf-04,E1/21/1,leaf
51,25345,connected,,,compute-041,be-gpu4-port0,server,be-plane-a-leaf-05,E1/21/1,leaf
51,25346,connected,,,compute-041,be-gpu4-port1,server,be-plane-b-leaf-05,E1/21/1,leaf
51,25347,connected,,,compute-041,be-gpu5-port0,server,be-plane-a-leaf-06,E1/21/1,leaf
51,25348,connected,,,compute-041,be-gpu5-port1,server,be-plane-b-leaf-06,E1/21/1,leaf
51,25349,connected,,,compute-041,be-gpu6-port0,server,be-plane-a-leaf-07,E1/21/1,leaf
51,25350,connected,,,compute-041,be-gpu6-port1,server,be-plane-b-leaf-07,E1/21/1,leaf
51,25351,connected,,,compute-041,be-gpu7-port0,server,be-plane-a-leaf-08,E1/21/1,leaf
51,25352,connected,,,compute-041,be-gpu7-port1,server,be-plane-b-leaf-08,E1/21/1,leaf
51,25353,connected,,,compute-041,fe-p0,server,fe-leaf-01,E1/21/1,leaf
51,25354,connected,,,compute-041,fe-p1,server,fe-leaf-02,E1/21/1,leaf
51,25355,connected,,,compute-042,be-gpu0-port0,server,be-plane-a-leaf-01,E1/21/2,leaf
51,25356,connected,,,compute-042,be-gpu0-port1,server,be-plane-b-leaf-01,E1/21/2,leaf
51,25357,connected,,,compute-042,be-gpu1-port0,server,be-plane-a-leaf-02,E1/21/2,leaf
51,25358,connected,,,compute-042,be-gpu1-port1,server,be-plane-b-leaf-02,E1/21/2,leaf
51,25359,connected,,,compute-042,be-gpu2-port0,server,be-plane-a-leaf-03,E1/21/2,leaf
51,25360,connected,,,compute-042,be-gpu2-port1,server,be-plane-b-leaf-03,E1/21/2,leaf
51,25361,connected,,,compute-042,be-gpu3-port0,server,be-plane-a-leaf-04,E1/21/2,leaf
51,25362,connected,,,compute-042,be-gpu3-port1,server,be-plane-b-leaf-04,E1/21/2,leaf
51,25363,connected,,,compute-042,be-gpu4-port0,server,be-plane-a-leaf-05,E1/21/2,leaf
51,25364,connected,,,compute-042,be-gpu4-port1,server,be-plane-b-leaf-05,E1/21/2,leaf
51,25365,connected,,,compute-042,be-gpu5-port0,server,be-plane-a-leaf-06,E1/21/2,leaf
51,25366,connected,,,compute-042,be-gpu5-port1,server,be-plane-b-leaf-06,E1/21/2,leaf
51,25367,connected,,,compute-042,be-gpu6-port0,server,be-plane-a-leaf-07,E1/21/2,leaf
51,25368,connected,,,compute-042,be-gpu6-port1,server,be-plane-b-leaf-07,E1/21/2,leaf
51,25369,connected,,,compute-042,be-gpu7-port0,server,be-plane-a-leaf-08,E1/21/2,leaf
51,25370,connected,,,compute-042,be-gpu7-port1,server,be-plane-b-leaf-08,E1/21/2,leaf
51,25371,connected,,,compute-042,fe-p0,server,fe-leaf-01,E1/21/2,leaf
51,25372,connected,,,compute-042,fe-p1,server,fe-leaf-02,E1/21/2,leaf
51,25373,connected,,,compute-043,be-gpu0-port0,server,be-plane-a-leaf-01,E1/22/1,leaf
51,25374,connected,,,compute-043,be-gpu0-port1,server,be-plane-b-leaf-01,E1/22/1,leaf
51,25375,connected,,,compute-043,be-gpu1-port0,server,be-plane-a-leaf-02,E1/22/1,leaf
51,25376,connected,,,compute-043,be-gpu1-port1,server,be-plane-b-leaf-02,E1/22/1,leaf
51,25377,connected,,,compute-043,be-gpu2-port0,server,be-plane-a-leaf-03,E1/22/1,leaf
51,25378,connected,,,compute-043,be-gpu2-port1,server,be-plane-b-leaf-03,E1/22/1,leaf
51,25379,connected,,,compute-043,be-gpu3-port0,server,be-plane-a-leaf-04,E1/22/1,leaf
51,25380,connected,,,compute-043,be-gpu3-port1,server,be-plane-b-leaf-04,E1/22/1,leaf
51,25381,connected,,,compute-043,be-gpu4-port0,server,be-plane-a-leaf-05,E1/22/1,leaf
51,25382,connected,,,compute-043,be-gpu4-port1,server,be-plane-b-leaf-05,E1/22/1,leaf
51,25383,connected,,,compute-043,be-gpu5-port0,server,be-plane-a-leaf-06,E1/22/1,leaf
51,25384,connected,,,compute-043,be-gpu5-port1,server,be-plane-b-leaf-06,E1/22/1,leaf
51,25385,connected,,,compute-043,be-gpu6-port0,server,be-plane-a-leaf-07,E1/22/1,leaf
51,25386,connected,,,compute-043,be-gpu6-port1,server,be-plane-b-leaf-07,E1/22/1,leaf
51,25387,connected,,,compute-043,be-gpu7-port0,server,be-plane-a-leaf-08,E1/22/1,leaf
51,25388,connected,,,compute-043,be-gpu7-port1,server,be-plane-b-leaf-08,E1/22/1,leaf
51,25389,connected,,,compute-043,fe-p0,server,fe-leaf-01,E1/21/3,leaf
51,25390,connected,,,compute-043,fe-p1,server,fe-leaf-02,E1/21/3,leaf
51,25391,connected,,,compute-044,be-gpu0-port0,server,be-plane-a-leaf-01,E1/22/2,leaf
51,25392,connected,,,compute-044,be-gpu0-port1,server,be-plane-b-leaf-01,E1/22/2,leaf
51,25393,connected,,,compute-044,be-gpu1-port0,server,be-plane-a-leaf-02,E1/22/2,leaf
51,25394,connected,,,compute-044,be-gpu1-port1,server,be-plane-b-leaf-02,E1/22/2,leaf
51,25395,connected,,,compute-044,be-gpu2-port0,server,be-plane-a-leaf-03,E1/22/2,leaf
51,25396,connected,,,compute-044,be-gpu2-port1,server,be-plane-b-leaf-03,E1/22/2,leaf
51,25397,connected,,,compute-044,be-gpu3-port0,server,be-plane-a-leaf-04,E1/22/2,leaf
51,25398,connected,,,compute-044,be-gpu3-port1,server,be-plane-b-leaf-04,E1/22/2,leaf
51,25399,connected,,,compute-044,be-gpu4-port0,server,be-plane-a-leaf-05,E1/22/2,leaf
51,25400,connected,,,compute-044,be-gpu4-port1,server,be-plane-b-leaf-05,E1/22/2,leaf
51,25401,connected,,,compute-044,be-gpu5-port0,server,be-plane-a-leaf-06,E1/22/2,leaf
51,25402,connected,,,compute-044,be-gpu5-port1,server,be-plane-b-leaf-06,E1/22/2,leaf
51,25403,connected,,,compute-044,be-gpu6-port0,server,be-plane-a-leaf-07,E1/22/2,leaf
51,25404,connected,,,compute-044,be-gpu6-port1,server,be-plane-b-leaf-07,E1/22/2,leaf
51,25405,connected,,,compute-044,be-gpu7-port0,server,be-plane-a-leaf-08,E1/22/2,leaf
51,25406,connected,,,compute-044,be-gpu7-port1,server,be-plane-b-leaf-08,E1/22/2,leaf
51,25407,connected,,,compute-044,fe-p0,server,fe-leaf-01,E1/21/4,leaf
51,25408,connected,,,compute-044,fe-p1,server,fe-leaf-02,E1/21/4,leaf
51,25409,connected,,,compute-045,be-gpu0-port0,server,be-plane-a-leaf-01,E1/23/1,leaf
51,25410,connected,,,compute-045,be-gpu0-port1,server,be-plane-b-leaf-01,E1/23/1,leaf
51,25411,connected,,,compute-045,be-gpu1-port0,server,be-plane-a-leaf-02,E1/23/1,leaf
51,25412,connected,,,compute-045,be-gpu1-port1,server,be-plane-b-leaf-02,E1/23/1,leaf
51,25413,connected,,,compute-045,be-gpu2-port0,server,be-plane-a-leaf-03,E1/23/1,leaf
51,25414,connected,,,compute-045,be-gpu2-port1,server,be-plane-b-leaf-03,E1/23/1,leaf
51,25415,connected,,,compute-045,be-gpu3-port0,server,be-plane-a-leaf-04,E1/23/1,leaf
51,25416,connected,,,compute-045,be-gpu3-port1,server,be-plane-b-leaf-04,E1/23/1,leaf
51,25417,connected,,,compute-045,be-gpu4-port0,server,be-plane-a-leaf-05,E1/23/1,leaf
51,25418,connected,,,compute-045,be-gpu4-port1,server,be-plane-b-leaf-05,E1/23/1,leaf
51,25419,connected,,,compute-045,be-gpu5-port0,server,be-plane-a-leaf-06,E1/23/1,leaf
51,25420,connected,,,compute-045,be-gpu5-port1,server,be-plane-b-leaf-06,E1/23/1,leaf
51,25421,connected,,,compute-045,be-gpu6-port0,server,be-plane-a-leaf-07,E1/23/1,leaf
51,25422,connected,,,compute-045,be-gpu6-port1,server,be-plane-b-leaf-07,E1/23/1,leaf
51,25423,connected,,,compute-045,be-gpu7-port0,server,be-plane-a-leaf-08,E1/23/1,leaf
51,25424,connected,,,compute-045,be-gpu7-port1,server,be-plane-b-leaf-08,E1/23/1,leaf
51,25425,connected,,,compute-045,fe-p0,server,fe-leaf-01,E1/23/1,leaf
51,25426,connected,,,compute-045,fe-p1,server,fe-leaf-02,E1/23/1,leaf
51,25427,connected,,,compute-046,be-gpu0-port0,server,be-plane-a-leaf-01,E1/23/2,leaf
51,25428,connected,,,compute-046,be-gpu0-port1,server,be-plane-b-leaf-01,E1/23/2,leaf
51,25429,connected,,,compute-046,be-gpu1-port0,server,be-plane-a-leaf-02,E1/23/2,leaf
51,25430,connected,,,compute-046,be-gpu1-port1,server,be-plane-b-leaf-02,E1/23/2,leaf
51,25431,connected,,,compute-046,be-gpu2-port0,server,be-plane-a-leaf-03,E1/23/2,leaf
51,25432,connected,,,compute-046,be-gpu2-port1,server,be-plane-b-leaf-03,E1/23/2,leaf
51,25433,connected,,,compute-046,be-gpu3-port0,server,be-plane-a-leaf-04,E1/23/2,leaf
51,25434,connected,,,compute-046,be-gpu3-port1,server,be-plane-b-leaf-04,E1/23/2,leaf
51,25435,connected,,,compute-046,be-gpu4-port0,server,be-plane-a-leaf-05,E1/23/2,leaf
51,25436,connected,,,compute-046,be-gpu4-port1,server,be-plane-b-leaf-05,E1/23/2,leaf
51,25437,connected,,,compute-046,be-gpu5-port0,server,be-plane-a-leaf-06,E1/23/2,leaf
51,25438,connected,,,compute-046,be-gpu5-port1,server,be-plane-b-leaf-06,E1/23/2,leaf
51,25439,connected,,,compute-046,be-gpu6-port0,server,be-plane-a-leaf-07,E1/23/2,leaf
51,25440,connected,,,compute-046,be-gpu6-port1,server,be-plane-b-leaf-07,E1/23/2,leaf
51,25441,connected,,,compute-046,be-gpu7-port0,server,be-plane-a-leaf-08,E1/23/2,leaf
51,25442,connected,,,compute-046,be-gpu7-port1,server,be-plane-b-leaf-08,E1/23/2,leaf
51,25443,connected,,,compute-046,fe-p0,server,fe-leaf-01,E1/23/2,leaf
51,25444,connected,,,compute-046,fe-p1,server,fe-leaf-02,E1/23/2,leaf
51,25445,connected,,,compute-047,be-gpu0-port0,server,be-plane-a-leaf-01,E1/24/1,leaf
51,25446,connected,,,compute-047,be-gpu0-port1,server,be-plane-b-leaf-01,E1/24/1,leaf
51,25447,connected,,,compute-047,be-gpu1-port0,server,be-plane-a-leaf-02,E1/24/1,leaf
51,25448,connected,,,compute-047,be-gpu1-port1,server,be-plane-b-leaf-02,E1/24/1,leaf
51,25449,connected,,,compute-047,be-gpu2-port0,server,be-plane-a-leaf-03,E1/24/1,leaf
51,25450,connected,,,compute-047,be-gpu2-port1,server,be-plane-b-leaf-03,E1/24/1,leaf
51,25451,connected,,,compute-047,be-gpu3-port0,server,be-plane-a-leaf-04,E1/24/1,leaf
51,25452,connected,,,compute-047,be-gpu3-port1,server,be-plane-b-leaf-04,E1/24/1,leaf
51,25453,connected,,,compute-047,be-gpu4-port0,server,be-plane-a-leaf-05,E1/24/1,leaf
51,25454,connected,,,compute-047,be-gpu4-port1,server,be-plane-b-leaf-05,E1/24/1,leaf
51,25455,connected,,,compute-047,be-gpu5-port0,server,be-plane-a-leaf-06,E1/24/1,leaf
51,25456,connected,,,compute-047,be-gpu5-port1,server,be-plane-b-leaf-06,E1/24/1,leaf
51,25457,connected,,,compute-047,be-gpu6-port0,server,be-plane-a-leaf-07,E1/24/1,leaf
51,25458,connected,,,compute-047,be-gpu6-port1,server,be-plane-b-leaf-07,E1/24/1,leaf
51,25459,connected,,,compute-047,be-gpu7-port0,server,be-plane-a-leaf-08,E1/24/1,leaf
51,25460,connected,,,compute-047,be-gpu7-port1,server,be-plane-b-leaf-08,E1/24/1,leaf
51,25461,connected,,,compute-047,fe-p0,server,fe-leaf-01,E1/23/3,leaf
51,25462,connected,,,compute-047,fe-p1,server,fe-leaf-02,E1/23/3,leaf
51,25463,connected,,,compute-048,be-gpu0-port0,server,be-plane-a-leaf-01,E1/24/2,leaf
51,25464,connected,,,compute-048,be-gpu0-port1,server,be-plane-b-leaf-01,E1/24/2,leaf
51,25465,connected,,,compute-048,be-gpu1-port0,server,be-plane-a-leaf-02,E1/24/2,leaf
51,25466,connected,,,compute-048,be-gpu1-port1,server,be-plane-b-leaf-02,E1/24/2,leaf
51,25467,connected,,,compute-048,be-gpu2-port0,server,be-plane-a-leaf-03,E1/24/2,leaf
51,25468,connected,,,compute-048,be-gpu2-port1,server,be-plane-b-leaf-03,E1/24/2,leaf
51,25469,connected,,,compute-048,be-gpu3-port0,server,be-plane-a-leaf-04,E1/24/2,leaf
51,25470,connected,,,compute-048,be-gpu3-port1,server,be-plane-b-leaf-04,E1/24/2,leaf
51,25471,connected,,,compute-048,be-gpu4-port0,server,be-plane-a-leaf-05,E1/24/2,leaf
51,25472,connected,,,compute-048,be-gpu4-port1,server,be-plane-b-leaf-05,E1/24/2,leaf
51,25473,connected,,,compute-048,be-gpu5-port0,server,be-plane-a-leaf-06,E1/24/2,leaf
51,25474,connected,,,compute-048,be-gpu5-port1,server,be-plane-b-leaf-06,E1/24/2,leaf
51,25475,connected,,,compute-048,be-gpu6-port0,server,be-plane-a-leaf-07,E1/24/2,leaf
51,25476,connected,,,compute-048,be-gpu6-port1,server,be-plane-b-leaf-07,E1/24/2,leaf
51,25477,connected,,,compute-048,be-gpu7-port0,server,be-plane-a-leaf-08,E1/24/2,leaf
51,25478,connected,,,compute-048,be-gpu7-port1,server,be-plane-b-leaf-08,E1/24/2,leaf
51,25479,connected,,,compute-048,fe-p0,server,fe-leaf-01,E1/23/4,leaf
51,25480,connected,,,compute-048,fe-p1,server,fe-leaf-02,E1/23/4,leaf
51,25481,connected,,,compute-049,be-gpu0-port0,server,be-plane-a-leaf-01,E1/25/1,leaf
51,25482,connected,,,compute-049,be-gpu0-port1,server,be-plane-b-leaf-01,E1/25/1,leaf
51,25483,connected,,,compute-049,be-gpu1-port0,server,be-plane-a-leaf-02,E1/25/1,leaf
51,25484,connected,,,compute-049,be-gpu1-port1,server,be-plane-b-leaf-02,E1/25/1,leaf
51,25485,connected,,,compute-049,be-gpu2-port0,server,be-plane-a-leaf-03,E1/25/1,leaf
51,25486,connected,,,compute-049,be-gpu2-port1,server,be-plane-b-leaf-03,E1/25/1,leaf
51,25487,connected,,,compute-049,be-gpu3-port0,server,be-plane-a-leaf-04,E1/25/1,leaf
51,25488,connected,,,compute-049,be-gpu3-port1,server,be-plane-b-leaf-04,E1/25/1,leaf
51,25489,connected,,,compute-049,be-gpu4-port0,server,be-plane-a-leaf-05,E1/25/1,leaf
51,25490,connected,,,compute-049,be-gpu4-port1,server,be-plane-b-leaf-05,E1/25/1,leaf
51,25491,connected,,,compute-049,be-gpu5-port0,server,be-plane-a-leaf-06,E1/25/1,leaf
51,25492,connected,,,compute-049,be-gpu5-port1,server,be-plane-b-leaf-06,E1/25/1,leaf
51,25493,connected,,,compute-049,be-gpu6-port0,server,be-plane-a-leaf-07,E1/25/1,leaf
51,25494,connected,,,compute-049,be-gpu6-port1,server,be-plane-b-leaf-07,E1/25/1,leaf
51,25495,connected,,,compute-049,be-gpu7-port0,server,be-plane-a-leaf-08,E1/25/1,leaf
51,25496,connected,,,compute-049,be-gpu7-port1,server,be-plane-b-leaf-08,E1/25/1,leaf
51,25497,connected,,,compute-049,fe-p0,server,fe-leaf-01,E1/25/1,leaf
51,25498,connected,,,compute-049,fe-p1,server,fe-leaf-02,E1/25/1,leaf
51,25499,connected,,,compute-050,be-gpu0-port0,server,be-plane-a-leaf-01,E1/25/2,leaf
51,25500,connected,,,compute-050,be-gpu0-port1,server,be-plane-b-leaf-01,E1/25/2,leaf
51,25501,connected,,,compute-050,be-gpu1-port0,server,be-plane-a-leaf-02,E1/25/2,leaf
51,25502,connected,,,compute-050,be-gpu1-port1,server,be-plane-b-leaf-02,E1/25/2,leaf
51,25503,connected,,,compute-050,be-gpu2-port0,server,be-plane-a-leaf-03,E1/25/2,leaf
51,25504,connected,,,compute-050,be-gpu2-port1,server,be-plane-b-leaf-03,E1/25/2,leaf
51,25505,connected,,,compute-050,be-gpu3-port0,server,be-plane-a-leaf-04,E1/25/2,leaf
51,25506,connected,,,compute-050,be-gpu3-port1,server,be-plane-b-leaf-04,E1/25/2,leaf
51,25507,connected,,,compute-050,be-gpu4-port0,server,be-plane-a-leaf-05,E1/25/2,leaf
51,25508,connected,,,compute-050,be-gpu4-port1,server,be-plane-b-leaf-05,E1/25/2,leaf
51,25509,connected,,,compute-050,be-gpu5-port0,server,be-plane-a-leaf-06,E1/25/2,leaf
51,25510,connected,,,compute-050,be-gpu5-port1,server,be-plane-b-leaf-06,E1/25/2,leaf
51,25511,connected,,,compute-050,be-gpu6-port0,server,be-plane-a-leaf-07,E1/25/2,leaf
51,25512,connected,,,compute-050,be-gpu6-port1,server,be-plane-b-leaf-07,E1/25/2,leaf
51,25513,connected,,,compute-050,be-gpu7-port0,server,be-plane-a-leaf-08,E1/25/2,leaf
51,25514,connected,,,compute-050,be-gpu7-port1,server,be-plane-b-leaf-08,E1/25/2,leaf
51,25515,connected,,,compute-050,fe-p0,server,fe-leaf-01,E1/25/2,leaf
51,25516,connected,,,compute-050,fe-p1,server,fe-leaf-02,E1/25/2,leaf
51,25517,connected,,,compute-051,be-gpu0-port0,server,be-plane-a-leaf-01,E1/26/1,leaf
51,25518,connected,,,compute-051,be-gpu0-port1,server,be-plane-b-leaf-01,E1/26/1,leaf
51,25519,connected,,,compute-051,be-gpu1-port0,server,be-plane-a-leaf-02,E1/26/1,leaf
51,25520,connected,,,compute-051,be-gpu1-port1,server,be-plane-b-leaf-02,E1/26/1,leaf
51,25521,connected,,,compute-051,be-gpu2-port0,server,be-plane-a-leaf-03,E1/26/1,leaf
51,25522,connected,,,compute-051,be-gpu2-port1,server,be-plane-b-leaf-03,E1/26/1,leaf
51,25523,connected,,,compute-051,be-gpu3-port0,server,be-plane-a-leaf-04,E1/26/1,leaf
51,25524,connected,,,compute-051,be-gpu3-port1,server,be-plane-b-leaf-04,E1/26/1,leaf
51,25525,connected,,,compute-051,be-gpu4-port0,server,be-plane-a-leaf-05,E1/26/1,leaf
51,25526,connected,,,compute-051,be-gpu4-port1,server,be-plane-b-leaf-05,E1/26/1,leaf
51,25527,connected,,,compute-051,be-gpu5-port0,server,be-plane-a-leaf-06,E1/26/1,leaf
51,25528,connected,,,compute-051,be-gpu5-port1,server,be-plane-b-leaf-06,E1/26/1,leaf
51,25529,connected,,,compute-051,be-gpu6-port0,server,be-plane-a-leaf-07,E1/26/1,leaf
51,25530,connected,,,compute-051,be-gpu6-port1,server,be-plane-b-leaf-07,E1/26/1,leaf
51,25531,connected,,,compute-051,be-gpu7-port0,server,be-plane-a-leaf-08,E1/26/1,leaf
51,25532,connected,,,compute-051,be-gpu7-port1,server,be-plane-b-leaf-08,E1/26/1,leaf
51,25533,connected,,,compute-051,fe-p0,server,fe-leaf-01,E1/25/3,leaf
51,25534,connected,,,compute-051,fe-p1,server,fe-leaf-02,E1/25/3,leaf
51,25535,connected,,,compute-052,be-gpu0-port0,server,be-plane-a-leaf-01,E1/26/2,leaf
51,25536,connected,,,compute-052,be-gpu0-port1,server,be-plane-b-leaf-01,E1/26/2,leaf
51,25537,connected,,,compute-052,be-gpu1-port0,server,be-plane-a-leaf-02,E1/26/2,leaf
51,25538,connected,,,compute-052,be-gpu1-port1,server,be-plane-b-leaf-02,E1/26/2,leaf
51,25539,connected,,,compute-052,be-gpu2-port0,server,be-plane-a-leaf-03,E1/26/2,leaf
51,25540,connected,,,compute-052,be-gpu2-port1,server,be-plane-b-leaf-03,E1/26/2,leaf
51,25541,connected,,,compute-052,be-gpu3-port0,server,be-plane-a-leaf-04,E1/26/2,leaf
51,25542,connected,,,compute-052,be-gpu3-port1,server,be-plane-b-leaf-04,E1/26/2,leaf
51,25543,connected,,,compute-052,be-gpu4-port0,server,be-plane-a-leaf-05,E1/26/2,leaf
51,25544,connected,,,compute-052,be-gpu4-port1,server,be-plane-b-leaf-05,E1/26/2,leaf
51,25545,connected,,,compute-052,be-gpu5-port0,server,be-plane-a-leaf-06,E1/26/2,leaf
51,25546,connected,,,compute-052,be-gpu5-port1,server,be-plane-b-leaf-06,E1/26/2,leaf
51,25547,connected,,,compute-052,be-gpu6-port0,server,be-plane-a-leaf-07,E1/26/2,leaf
51,25548,connected,,,compute-052,be-gpu6-port1,server,be-plane-b-leaf-07,E1/26/2,leaf
51,25549,connected,,,compute-052,be-gpu7-port0,server,be-plane-a-leaf-08,E1/26/2,leaf
51,25550,connected,,,compute-052,be-gpu7-port1,server,be-plane-b-leaf-08,E1/26/2,leaf
51,25551,connected,,,compute-052,fe-p0,server,fe-leaf-01,E1/25/4,leaf
51,25552,connected,,,compute-052,fe-p1,server,fe-leaf-02,E1/25/4,leaf
51,25553,connected,,,compute-053,be-gpu0-port0,server,be-plane-a-leaf-01,E1/27/1,leaf
51,25554,connected,,,compute-053,be-gpu0-port1,server,be-plane-b-leaf-01,E1/27/1,leaf
51,25555,connected,,,compute-053,be-gpu1-port0,server,be-plane-a-leaf-02,E1/27/1,leaf
51,25556,connected,,,compute-053,be-gpu1-port1,server,be-plane-b-leaf-02,E1/27/1,leaf
51,25557,connected,,,compute-053,be-gpu2-port0,server,be-plane-a-leaf-03,E1/27/1,leaf
51,25558,connected,,,compute-053,be-gpu2-port1,server,be-plane-b-leaf-03,E1/27/1,leaf
51,25559,connected,,,compute-053,be-gpu3-port0,server,be-plane-a-leaf-04,E1/27/1,leaf
51,25560,connected,,,compute-053,be-gpu3-port1,server,be-plane-b-leaf-04,E1/27/1,leaf
51,25561,connected,,,compute-053,be-gpu4-port0,server,be-plane-a-leaf-05,E1/27/1,leaf
51,25562,connected,,,compute-053,be-gpu4-port1,server,be-plane-b-leaf-05,E1/27/1,leaf
51,25563,connected,,,compute-053,be-gpu5-port0,server,be-plane-a-leaf-06,E1/27/1,leaf
51,25564,connected,,,compute-053,be-gpu5-port1,server,be-plane-b-leaf-06,E1/27/1,leaf
51,25565,connected,,,compute-053,be-gpu6-port0,server,be-plane-a-leaf-07,E1/27/1,leaf
51,25566,connected,,,compute-053,be-gpu6-port1,server,be-plane-b-leaf-07,E1/27/1,leaf
51,25567,connected,,,compute-053,be-gpu7-port0,server,be-plane-a-leaf-08,E1/27/1,leaf
51,25568,connected,,,compute-053,be-gpu7-port1,server,be-plane-b-leaf-08,E1/27/1,leaf
51,25569,connected,,,compute-053,fe-p0,server,fe-leaf-01,E1/27/1,leaf
51,25570,connected,,,compute-053,fe-p1,server,fe-leaf-02,E1/27/1,leaf
51,25571,connected,,,compute-054,be-gpu0-port0,server,be-plane-a-leaf-01,E1/27/2,leaf
51,25572,connected,,,compute-054,be-gpu0-port1,server,be-plane-b-leaf-01,E1/27/2,leaf
51,25573,connected,,,compute-054,be-gpu1-port0,server,be-plane-a-leaf-02,E1/27/2,leaf
51,25574,connected,,,compute-054,be-gpu1-port1,server,be-plane-b-leaf-02,E1/27/2,leaf
51,25575,connected,,,compute-054,be-gpu2-port0,server,be-plane-a-leaf-03,E1/27/2,leaf
51,25576,connected,,,compute-054,be-gpu2-port1,server,be-plane-b-leaf-03,E1/27/2,leaf
51,25577,connected,,,compute-054,be-gpu3-port0,server,be-plane-a-leaf-04,E1/27/2,leaf
51,25578,connected,,,compute-054,be-gpu3-port1,server,be-plane-b-leaf-04,E1/27/2,leaf
51,25579,connected,,,compute-054,be-gpu4-port0,server,be-plane-a-leaf-05,E1/27/2,leaf
51,25580,connected,,,compute-054,be-gpu4-port1,server,be-plane-b-leaf-05,E1/27/2,leaf
51,25581,connected,,,compute-054,be-gpu5-port0,server,be-plane-a-leaf-06,E1/27/2,leaf
51,25582,connected,,,compute-054,be-gpu5-port1,server,be-plane-b-leaf-06,E1/27/2,leaf
51,25583,connected,,,compute-054,be-gpu6-port0,server,be-plane-a-leaf-07,E1/27/2,leaf
51,25584,connected,,,compute-054,be-gpu6-port1,server,be-plane-b-leaf-07,E1/27/2,leaf
51,25585,connected,,,compute-054,be-gpu7-port0,server,be-plane-a-leaf-08,E1/27/2,leaf
51,25586,connected,,,compute-054,be-gpu7-port1,server,be-plane-b-leaf-08,E1/27/2,leaf
51,25587,connected,,,compute-054,fe-p0,server,fe-leaf-01,E1/27/2,leaf
51,25588,connected,,,compute-054,fe-p1,server,fe-leaf-02,E1/27/2,leaf
51,25589,connected,,,compute-055,be-gpu0-port0,server,be-plane-a-leaf-01,E1/28/1,leaf
51,25590,connected,,,compute-055,be-gpu0-port1,server,be-plane-b-leaf-01,E1/28/1,leaf
51,25591,connected,,,compute-055,be-gpu1-port0,server,be-plane-a-leaf-02,E1/28/1,leaf
51,25592,connected,,,compute-055,be-gpu1-port1,server,be-plane-b-leaf-02,E1/28/1,leaf
51,25593,connected,,,compute-055,be-gpu2-port0,server,be-plane-a-leaf-03,E1/28/1,leaf
51,25594,connected,,,compute-055,be-gpu2-port1,server,be-plane-b-leaf-03,E1/28/1,leaf
51,25595,connected,,,compute-055,be-gpu3-port0,server,be-plane-a-leaf-04,E1/28/1,leaf
51,25596,connected,,,compute-055,be-gpu3-port1,server,be-plane-b-leaf-04,E1/28/1,leaf
51,25597,connected,,,compute-055,be-gpu4-port0,server,be-plane-a-leaf-05,E1/28/1,leaf
51,25598,connected,,,compute-055,be-gpu4-port1,server,be-plane-b-leaf-05,E1/28/1,leaf
51,25599,connected,,,compute-055,be-gpu5-port0,server,be-plane-a-leaf-06,E1/28/1,leaf
51,25600,connected,,,compute-055,be-gpu5-port1,server,be-plane-b-leaf-06,E1/28/1,leaf
51,25601,connected,,,compute-055,be-gpu6-port0,server,be-plane-a-leaf-07,E1/28/1,leaf
51,25602,connected,,,compute-055,be-gpu6-port1,server,be-plane-b-leaf-07,E1/28/1,leaf
51,25603,connected,,,compute-055,be-gpu7-port0,server,be-plane-a-leaf-08,E1/28/1,leaf
51,25604,connected,,,compute-055,be-gpu7-port1,server,be-plane-b-leaf-08,E1/28/1,leaf
51,25605,connected,,,compute-055,fe-p0,server,fe-leaf-01,E1/27/3,leaf
51,25606,connected,,,compute-055,fe-p1,server,fe-leaf-02,E1/27/3,leaf
51,25607,connected,,,compute-056,be-gpu0-port0,server,be-plane-a-leaf-01,E1/28/2,leaf
51,25608,connected,,,compute-056,be-gpu0-port1,server,be-plane-b-leaf-01,E1/28/2,leaf
51,25609,connected,,,compute-056,be-gpu1-port0,server,be-plane-a-leaf-02,E1/28/2,leaf
51,25610,connected,,,compute-056,be-gpu1-port1,server,be-plane-b-leaf-02,E1/28/2,leaf
51,25611,connected,,,compute-056,be-gpu2-port0,server,be-plane-a-leaf-03,E1/28/2,leaf
51,25612,connected,,,compute-056,be-gpu2-port1,server,be-plane-b-leaf-03,E1/28/2,leaf
51,25613,connected,,,compute-056,be-gpu3-port0,server,be-plane-a-leaf-04,E1/28/2,leaf
51,25614,connected,,,compute-056,be-gpu3-port1,server,be-plane-b-leaf-04,E1/28/2,leaf
51,25615,connected,,,compute-056,be-gpu4-port0,server,be-plane-a-leaf-05,E1/28/2,leaf
51,25616,connected,,,compute-056,be-gpu4-port1,server,be-plane-b-leaf-05,E1/28/2,leaf
51,25617,connected,,,compute-056,be-gpu5-port0,server,be-plane-a-leaf-06,E1/28/2,leaf
51,25618,connected,,,compute-056,be-gpu5-port1,server,be-plane-b-leaf-06,E1/28/2,leaf
51,25619,connected,,,compute-056,be-gpu6-port0,server,be-plane-a-leaf-07,E1/28/2,leaf
51,25620,connected,,,compute-056,be-gpu6-port1,server,be-plane-b-leaf-07,E1/28/2,leaf
51,25621,connected,,,compute-056,be-gpu7-port0,server,be-plane-a-leaf-08,E1/28/2,leaf
51,25622,connected,,,compute-056,be-gpu7-port1,server,be-plane-b-leaf-08,E1/28/2,leaf
51,25623,connected,,,compute-056,fe-p0,server,fe-leaf-01,E1/27/4,leaf
51,25624,connected,,,compute-056,fe-p1,server,fe-leaf-02,E1/27/4,leaf
51,25625,connected,,,compute-057,be-gpu0-port0,server,be-plane-a-leaf-01,E1/29/1,leaf
51,25626,connected,,,compute-057,be-gpu0-port1,server,be-plane-b-leaf-01,E1/29/1,leaf
51,25627,connected,,,compute-057,be-gpu1-port0,server,be-plane-a-leaf-02,E1/29/1,leaf
51,25628,connected,,,compute-057,be-gpu1-port1,server,be-plane-b-leaf-02,E1/29/1,leaf
51,25629,connected,,,compute-057,be-gpu2-port0,server,be-plane-a-leaf-03,E1/29/1,leaf
51,25630,connected,,,compute-057,be-gpu2-port1,server,be-plane-b-leaf-03,E1/29/1,leaf
51,25631,connected,,,compute-057,be-gpu3-port0,server,be-plane-a-leaf-04,E1/29/1,leaf
51,25632,connected,,,compute-057,be-gpu3-port1,server,be-plane-b-leaf-04,E1/29/1,leaf
51,25633,connected,,,compute-057,be-gpu4-port0,server,be-plane-a-leaf-05,E1/29/1,leaf
51,25634,connected,,,compute-057,be-gpu4-port1,server,be-plane-b-leaf-05,E1/29/1,leaf
51,25635,connected,,,compute-057,be-gpu5-port0,server,be-plane-a-leaf-06,E1/29/1,leaf
51,25636,connected,,,compute-057,be-gpu5-port1,server,be-plane-b-leaf-06,E1/29/1,leaf
51,25637,connected,,,compute-057,be-gpu6-port0,server,be-plane-a-leaf-07,E1/29/1,leaf
51,25638,connected,,,compute-057,be-gpu6-port1,server,be-plane-b-leaf-07,E1/29/1,leaf
51,25639,connected,,,compute-057,be-gpu7-port0,server,be-plane-a-leaf-08,E1/29/1,leaf
51,25640,connected,,,compute-057,be-gpu7-port1,server,be-plane-b-leaf-08,E1/29/1,leaf
51,25641,connected,,,compute-057,fe-p0,server,fe-leaf-01,E1/29/1,leaf
51,25642,connected,,,compute-057,fe-p1,server,fe-leaf-02,E1/29/1,leaf
51,25643,connected,,,compute-058,be-gpu0-port0,server,be-plane-a-leaf-01,E1/29/2,leaf
51,25644,connected,,,compute-058,be-gpu0-port1,server,be-plane-b-leaf-01,E1/29/2,leaf
51,25645,connected,,,compute-058,be-gpu1-port0,server,be-plane-a-leaf-02,E1/29/2,leaf
51,25646,connected,,,compute-058,be-gpu1-port1,server,be-plane-b-leaf-02,E1/29/2,leaf
51,25647,connected,,,compute-058,be-gpu2-port0,server,be-plane-a-leaf-03,E1/29/2,leaf
51,25648,connected,,,compute-058,be-gpu2-port1,server,be-plane-b-leaf-03,E1/29/2,leaf
51,25649,connected,,,compute-058,be-gpu3-port0,server,be-plane-a-leaf-04,E1/29/2,leaf
51,25650,connected,,,compute-058,be-gpu3-port1,server,be-plane-b-leaf-04,E1/29/2,leaf
51,25651,connected,,,compute-058,be-gpu4-port0,server,be-plane-a-leaf-05,E1/29/2,leaf
51,25652,connected,,,compute-058,be-gpu4-port1,server,be-plane-b-leaf-05,E1/29/2,leaf
51,25653,connected,,,compute-058,be-gpu5-port0,server,be-plane-a-leaf-06,E1/29/2,leaf
51,25654,connected,,,compute-058,be-gpu5-port1,server,be-plane-b-leaf-06,E1/29/2,leaf
51,25655,connected,,,compute-058,be-gpu6-port0,server,be-plane-a-leaf-07,E1/29/2,leaf
51,25656,connected,,,compute-058,be-gpu6-port1,server,be-plane-b-leaf-07,E1/29/2,leaf
51,25657,connected,,,compute-058,be-gpu7-port0,server,be-plane-a-leaf-08,E1/29/2,leaf
51,25658,connected,,,compute-058,be-gpu7-port1,server,be-plane-b-leaf-08,E1/29/2,leaf
51,25659,connected,,,compute-058,fe-p0,server,fe-leaf-01,E1/29/2,leaf
51,25660,connected,,,compute-058,fe-p1,server,fe-leaf-02,E1/29/2,leaf
51,25661,connected,,,compute-059,be-gpu0-port0,server,be-plane-a-leaf-01,E1/30/1,leaf
51,25662,connected,,,compute-059,be-gpu0-port1,server,be-plane-b-leaf-01,E1/30/1,leaf
51,25663,connected,,,compute-059,be-gpu1-port0,server,be-plane-a-leaf-02,E1/30/1,leaf
51,25664,connected,,,compute-059,be-gpu1-port1,server,be-plane-b-leaf-02,E1/30/1,leaf
51,25665,connected,,,compute-059,be-gpu2-port0,server,be-plane-a-leaf-03,E1/30/1,leaf
51,25666,connected,,,compute-059,be-gpu2-port1,server,be-plane-b-leaf-03,E1/30/1,leaf
51,25667,connected,,,compute-059,be-gpu3-port0,server,be-plane-a-leaf-04,E1/30/1,leaf
51,25668,connected,,,compute-059,be-gpu3-port1,server,be-plane-b-leaf-04,E1/30/1,leaf
51,25669,connected,,,compute-059,be-gpu4-port0,server,be-plane-a-leaf-05,E1/30/1,leaf
51,25670,connected,,,compute-059,be-gpu4-port1,server,be-plane-b-leaf-05,E1/30/1,leaf
51,25671,connected,,,compute-059,be-gpu5-port0,server,be-plane-a-leaf-06,E1/30/1,leaf
51,25672,connected,,,compute-059,be-gpu5-port1,server,be-plane-b-leaf-06,E1/30/1,leaf
51,25673,connected,,,compute-059,be-gpu6-port0,server,be-plane-a-leaf-07,E1/30/1,leaf
51,25674,connected,,,compute-059,be-gpu6-port1,server,be-plane-b-leaf-07,E1/30/1,leaf
51,25675,connected,,,compute-059,be-gpu7-port0,server,be-plane-a-leaf-08,E1/30/1,leaf
51,25676,connected,,,compute-059,be-gpu7-port1,server,be-plane-b-leaf-08,E1/30/1,leaf
51,25677,connected,,,compute-059,fe-p0,server,fe-leaf-01,E1/29/3,leaf
51,25678,connected,,,compute-059,fe-p1,server,fe-leaf-02,E1/29/3,leaf
51,25679,connected,,,compute-060,be-gpu0-port0,server,be-plane-a-leaf-01,E1/30/2,leaf
51,25680,connected,,,compute-060,be-gpu0-port1,server,be-plane-b-leaf-01,E1/30/2,leaf
51,25681,connected,,,compute-060,be-gpu1-port0,server,be-plane-a-leaf-02,E1/30/2,leaf
51,25682,connected,,,compute-060,be-gpu1-port1,server,be-plane-b-leaf-02,E1/30/2,leaf
51,25683,connected,,,compute-060,be-gpu2-port0,server,be-plane-a-leaf-03,E1/30/2,leaf
51,25684,connected,,,compute-060,be-gpu2-port1,server,be-plane-b-leaf-03,E1/30/2,leaf
51,25685,connected,,,compute-060,be-gpu3-port0,server,be-plane-a-leaf-04,E1/30/2,leaf
51,25686,connected,,,compute-060,be-gpu3-port1,server,be-plane-b-leaf-04,E1/30/2,leaf
51,25687,connected,,,compute-060,be-gpu4-port0,server,be-plane-a-leaf-05,E1/30/2,leaf
51,25688,connected,,,compute-060,be-gpu4-port1,server,be-plane-b-leaf-05,E1/30/2,leaf
51,25689,connected,,,compute-060,be-gpu5-port0,server,be-plane-a-leaf-06,E1/30/2,leaf
51,25690,connected,,,compute-060,be-gpu5-port1,server,be-plane-b-leaf-06,E1/30/2,leaf
51,25691,connected,,,compute-060,be-gpu6-port0,server,be-plane-a-leaf-07,E1/30/2,leaf
51,25692,connected,,,compute-060,be-gpu6-port1,server,be-plane-b-leaf-07,E1/30/2,leaf
51,25693,connected,,,compute-060,be-gpu7-port0,server,be-plane-a-leaf-08,E1/30/2,leaf
51,25694,connected,,,compute-060,be-gpu7-port1,server,be-plane-b-leaf-08,E1/30/2,leaf
51,25695,connected,,,compute-060,fe-p0,server,fe-leaf-01,E1/29/4,leaf
51,25696,connected,,,compute-060,fe-p1,server,fe-leaf-02,E1/29/4,leaf
51,25697,connected,,,compute-061,be-gpu0-port0,server,be-plane-a-leaf-01,E1/31/1,leaf
51,25698,connected,,,compute-061,be-gpu0-port1,server,be-plane-b-leaf-01,E1/31/1,leaf
51,25699,connected,,,compute-061,be-gpu1-port0,server,be-plane-a-leaf-02,E1/31/1,leaf
51,25700,connected,,,compute-061,be-gpu1-port1,server,be-plane-b-leaf-02,E1/31/1,leaf
51,25701,connected,,,compute-061,be-gpu2-port0,server,be-plane-a-leaf-03,E1/31/1,leaf
51,25702,connected,,,compute-061,be-gpu2-port1,server,be-plane-b-leaf-03,E1/31/1,leaf
51,25703,connected,,,compute-061,be-gpu3-port0,server,be-plane-a-leaf-04,E1/31/1,leaf
51,25704,connected,,,compute-061,be-gpu3-port1,server,be-plane-b-leaf-04,E1/31/1,leaf
51,25705,connected,,,compute-061,be-gpu4-port0,server,be-plane-a-leaf-05,E1/31/1,leaf
51,25706,connected,,,compute-061,be-gpu4-port1,server,be-plane-b-leaf-05,E1/31/1,leaf
51,25707,connected,,,compute-061,be-gpu5-port0,server,be-plane-a-leaf-06,E1/31/1,leaf
51,25708,connected,,,compute-061,be-gpu5-port1,server,be-plane-b-leaf-06,E1/31/1,leaf
51,25709,connected,,,compute-061,be-gpu6-port0,server,be-plane-a-leaf-07,E1/31/1,leaf
51,25710,connected,,,compute-061,be-gpu6-port1,server,be-plane-b-leaf-07,E1/31/1,leaf
51,25711,connected,,,compute-061,be-gpu7-port0,server,be-plane-a-leaf-08,E1/31/1,leaf
51,25712,connected,,,compute-061,be-gpu7-port1,server,be-plane-b-leaf-08,E1/31/1,leaf
51,25713,connected,,,compute-061,fe-p0,server,fe-leaf-01,E1/31/1,leaf
51,25714,connected,,,compute-061,fe-p1,server,fe-leaf-02,E1/31/1,leaf
51,25715,connected,,,compute-062,be-gpu0-port0,server,be-plane-a-leaf-01,E1/31/2,leaf
51,25716,connected,,,compute-062,be-gpu0-port1,server,be-plane-b-leaf-01,E1/31/2,leaf
51,25717,connected,,,compute-062,be-gpu1-port0,server,be-plane-a-leaf-02,E1/31/2,leaf
51,25718,connected,,,compute-062,be-gpu1-port1,server,be-plane-b-leaf-02,E1/31/2,leaf
51,25719,connected,,,compute-062,be-gpu2-port0,server,be-plane-a-leaf-03,E1/31/2,leaf
51,25720,connected,,,compute-062,be-gpu2-port1,server,be-plane-b-leaf-03,E1/31/2,leaf
51,25721,connected,,,compute-062,be-gpu3-port0,server,be-plane-a-leaf-04,E1/31/2,leaf
51,25722,connected,,,compute-062,be-gpu3-port1,server,be-plane-b-leaf-04,E1/31/2,leaf
51,25723,connected,,,compute-062,be-gpu4-port0,server,be-plane-a-leaf-05,E1/31/2,leaf
51,25724,connected,,,compute-062,be-gpu4-port1,server,be-plane-b-leaf-05,E1/31/2,leaf
51,25725,connected,,,compute-062,be-gpu5-port0,server,be-plane-a-leaf-06,E1/31/2,leaf
51,25726,connected,,,compute-062,be-gpu5-port1,server,be-plane-b-leaf-06,E1/31/2,leaf
51,25727,connected,,,compute-062,be-gpu6-port0,server,be-plane-a-leaf-07,E1/31/2,leaf
51,25728,connected,,,compute-062,be-gpu6-port1,server,be-plane-b-leaf-07,E1/31/2,leaf
51,25729,connected,,,compute-062,be-gpu7-port0,server,be-plane-a-leaf-08,E1/31/2,leaf
51,25730,connected,,,compute-062,be-gpu7-port1,server,be-plane-b-leaf-08,E1/31/2,leaf
51,25731,connected,,,compute-062,fe-p0,server,fe-leaf-01,E1/31/2,leaf
51,25732,connected,,,compute-062,fe-p1,server,fe-leaf-02,E1/31/2,leaf
51,25733,connected,,,compute-063,be-gpu0-port0,server,be-plane-a-leaf-01,E1/32/1,leaf
51,25734,connected,,,compute-063,be-gpu0-port1,server,be-plane-b-leaf-01,E1/32/1,leaf
51,25735,connected,,,compute-063,be-gpu1-port0,server,be-plane-a-leaf-02,E1/32/1,leaf
51,25736,connected,,,compute-063,be-gpu1-port1,server,be-plane-b-leaf-02,E1/32/1,leaf
51,25737,connected,,,compute-063,be-gpu2-port0,server,be-plane-a-leaf-03,E1/32/1,leaf
51,25738,connected,,,compute-063,be-gpu2-port1,server,be-plane-b-leaf-03,E1/32/1,leaf
51,25739,connected,,,compute-063,be-gpu3-port0,server,be-plane-a-leaf-04,E1/32/1,leaf
51,25740,connected,,,compute-063,be-gpu3-port1,server,be-plane-b-leaf-04,E1/32/1,leaf
51,25741,connected,,,compute-063,be-gpu4-port0,server,be-plane-a-leaf-05,E1/32/1,leaf
51,25742,connected,,,compute-063,be-gpu4-port1,server,be-plane-b-leaf-05,E1/32/1,leaf
51,25743,connected,,,compute-063,be-gpu5-port0,server,be-plane-a-leaf-06,E1/32/1,leaf
51,25744,connected,,,compute-063,be-gpu5-port1,server,be-plane-b-leaf-06,E1/32/1,leaf
51,25745,connected,,,compute-063,be-gpu6-port0,server,be-plane-a-leaf-07,E1/32/1,leaf
51,25746,connected,,,compute-063,be-gpu6-port1,server,be-plane-b-leaf-07,E1/32/1,leaf
51,25747,connected,,,compute-063,be-gpu7-port0,server,be-plane-a-leaf-08,E1/32/1,leaf
51,25748,connected,,,compute-063,be-gpu7-port1,server,be-plane-b-leaf-08,E1/32/1,leaf
51,25749,connected,,,compute-063,fe-p0,server,fe-leaf-01,E1/31/3,leaf
51,25750,connected,,,compute-063,fe-p1,server,fe-leaf-02,E1/31/3,leaf
51,25751,connected,,,compute-064,be-gpu0-port0,server,be-plane-a-leaf-01,E1/32/2,leaf
51,25752,connected,,,compute-064,be-gpu0-port1,server,be-plane-b-leaf-01,E1/32/2,leaf
51,25753,connected,,,compute-064,be-gpu1-port0,server,be-plane-a-leaf-02,E1/32/2,leaf
51,25754,connected,,,compute-064,be-gpu1-port1,server,be-plane-b-leaf-02,E1/32/2,leaf
51,25755,connected,,,compute-064,be-gpu2-port0,server,be-plane-a-leaf-03,E1/32/2,leaf
51,25756,connected,,,compute-064,be-gpu2-port1,server,be-plane-b-leaf-03,E1/32/2,leaf
51,25757,connected,,,compute-064,be-gpu3-port0,server,be-plane-a-leaf-04,E1/32/2,leaf
51,25758,connected,,,compute-064,be-gpu3-port1,server,be-plane-b-leaf-04,E1/32/2,leaf
51,25759,connected,,,compute-064,be-gpu4-port0,server,be-plane-a-leaf-05,E1/32/2,leaf
51,25760,connected,,,compute-064,be-gpu4-port1,server,be-plane-b-leaf-05,E1/32/2,leaf
51,25761,connected,,,compute-064,be-gpu5-port0,server,be-plane-a-leaf-06,E1/32/2,leaf
51,25762,connected,,,compute-064,be-gpu5-port1,server,be-plane-b-leaf-06,E1/32/2,leaf
51,25763,connected,,,compute-064,be-gpu6-port0,server,be-plane-a-leaf-07,E1/32/2,leaf
51,25764,connected,,,compute-064,be-gpu6-port1,server,be-plane-b-leaf-07,E1/32/2,leaf
51,25765,connected,,,compute-064,be-gpu7-port0,server,be-plane-a-leaf-08,E1/32/2,leaf
51,25766,connected,,,compute-064,be-gpu7-port1,server,be-plane-b-leaf-08,E1/32/2,leaf
51,25767,connected,,,compute-064,fe-p0,server,fe-leaf-01,E1/31/4,leaf
51,25768,connected,,,compute-064,fe-p1,server,fe-leaf-02,E1/31/4,leaf
51,25769,connected,,,be-plane-a-leaf-01,E1/33,leaf,be-plane-a-spine-01,E1/1,spine
51,25770,connected,,,be-plane-a-leaf-01,E1/34,leaf,be-plane-a-spine-01,E1/2,spine
51,25771,connected,,,be-plane-a-leaf-01,E1/35,leaf,be-plane-a-spine-01,E1/3,spine
51,25772,connected,,,be-plane-a-leaf-01,E1/36,leaf,be-plane-a-spine-01,E1/4,spine
51,25773,connected,,,be-plane-a-leaf-01,E1/37,leaf,be-plane-a-spine-01,E1/5,spine
51,25774,connected,,,be-plane-a-leaf-01,E1/38,leaf,be-plane-a-spine-01,E1/6,spine
51,25775,connected,,,be-plane-a-leaf-01,E1/39,leaf,be-plane-a-spine-01,E1/7,spine
51,25776,connected,,,be-plane-a-leaf-01,E1/40,leaf,be-plane-a-spine-01,E1/8,spine
51,25777,connected,,,be-plane-a-leaf-01,E1/41,leaf,be-plane-a-spine-02,E1/1,spine
51,25778,connected,,,be-plane-a-leaf-01,E1/42,leaf,be-plane-a-spine-02,E1/2,spine
51,25779,connected,,,be-plane-a-leaf-01,E1/43,leaf,be-plane-a-spine-02,E1/3,spine
51,25780,connected,,,be-plane-a-leaf-01,E1/44,leaf,be-plane-a-spine-02,E1/4,spine
51,25781,connected,,,be-plane-a-leaf-01,E1/45,leaf,be-plane-a-spine-02,E1/5,spine
51,25782,connected,,,be-plane-a-leaf-01,E1/46,leaf,be-plane-a-spine-02,E1/6,spine
51,25783,connected,,,be-plane-a-leaf-01,E1/47,leaf,be-plane-a-spine-02,E1/7,spine
51,25784,connected,,,be-plane-a-leaf-01,E1/48,leaf,be-plane-a-spine-02,E1/8,spine
51,25785,connected,,,be-plane-a-leaf-01,E1/49,leaf,be-plane-a-spine-03,E1/1,spine
51,25786,connected,,,be-plane-a-leaf-01,E1/50,leaf,be-plane-a-spine-03,E1/2,spine
51,25787,connected,,,be-plane-a-leaf-01,E1/51,leaf,be-plane-a-spine-03,E1/3,spine
51,25788,connected,,,be-plane-a-leaf-01,E1/52,leaf,be-plane-a-spine-03,E1/4,spine
51,25789,connected,,,be-plane-a-leaf-01,E1/53,leaf,be-plane-a-spine-03,E1/5,spine
51,25790,connected,,,be-plane-a-leaf-01,E1/54,leaf,be-plane-a-spine-03,E1/6,spine
51,25791,connected,,,be-plane-a-leaf-01,E1/55,leaf,be-plane-a-spine-03,E1/7,spine
51,25792,connected,,,be-plane-a-leaf-01,E1/56,leaf,be-plane-a-spine-03,E1/8,spine
51,25793,connected,,,be-plane-a-leaf-01,E1/57,leaf,be-plane-a-spine-04,E1/1,spine
51,25794,connected,,,be-plane-a-leaf-01,E1/58,leaf,be-plane-a-spine-04,E1/2,spine
51,25795,connected,,,be-plane-a-leaf-01,E1/59,leaf,be-plane-a-spine-04,E1/3,spine
51,25796,connected,,,be-plane-a-leaf-01,E1/60,leaf,be-plane-a-spine-04,E1/4,spine
51,25797,connected,,,be-plane-a-leaf-01,E1/61,leaf,be-plane-a-spine-04,E1/5,spine
51,25798,connected,,,be-plane-a-leaf-01,E1/62,leaf,be-plane-a-spine-04,E1/6,spine
51,25799,connected,,,be-plane-a-leaf-01,E1/63,leaf,be-plane-a-spine-04,E1/7,spine
51,25800,connected,,,be-plane-a-leaf-01,E1/64,leaf,be-plane-a-spine-04,E1/8,spine
51,25801,connected,,,be-plane-a-leaf-02,E1/33,leaf,be-plane-a-spine-01,E1/9,spine
51,25802,connected,,,be-plane-a-leaf-02,E1/34,leaf,be-plane-a-spine-01,E1/10,spine
51,25803,connected,,,be-plane-a-leaf-02,E1/35,leaf,be-plane-a-spine-01,E1/11,spine
51,25804,connected,,,be-plane-a-leaf-02,E1/36,leaf,be-plane-a-spine-01,E1/12,spine
51,25805,connected,,,be-plane-a-leaf-02,E1/37,leaf,be-plane-a-spine-01,E1/13,spine
51,25806,connected,,,be-plane-a-leaf-02,E1/38,leaf,be-plane-a-spine-01,E1/14,spine
51,25807,connected,,,be-plane-a-leaf-02,E1/39,leaf,be-plane-a-spine-01,E1/15,spine
51,25808,connected,,,be-plane-a-leaf-02,E1/40,leaf,be-plane-a-spine-01,E1/16,spine
51,25809,connected,,,be-plane-a-leaf-02,E1/41,leaf,be-plane-a-spine-02,E1/9,spine
51,25810,connected,,,be-plane-a-leaf-02,E1/42,leaf,be-plane-a-spine-02,E1/10,spine
51,25811,connected,,,be-plane-a-leaf-02,E1/43,leaf,be-plane-a-spine-02,E1/11,spine
51,25812,connected,,,be-plane-a-leaf-02,E1/44,leaf,be-plane-a-spine-02,E1/12,spine
51,25813,connected,,,be-plane-a-leaf-02,E1/45,leaf,be-plane-a-spine-02,E1/13,spine
51,25814,connected,,,be-plane-a-leaf-02,E1/46,leaf,be-plane-a-spine-02,E1/14,spine
51,25815,connected,,,be-plane-a-leaf-02,E1/47,leaf,be-plane-a-spine-02,E1/15,spine
51,25816,connected,,,be-plane-a-leaf-02,E1/48,leaf,be-plane-a-spine-02,E1/16,spine
51,25817,connected,,,be-plane-a-leaf-02,E1/49,leaf,be-plane-a-spine-03,E1/9,spine
51,25818,connected,,,be-plane-a-leaf-02,E1/50,leaf,be-plane-a-spine-03,E1/10,spine
51,25819,connected,,,be-plane-a-leaf-02,E1/51,leaf,be-plane-a-spine-03,E1/11,spine
51,25820,connected,,,be-plane-a-leaf-02,E1/52,leaf,be-plane-a-spine-03,E1/12,spine
51,25821,connected,,,be-plane-a-leaf-02,E1/53,leaf,be-plane-a-spine-03,E1/13,spine
51,25822,connected,,,be-plane-a-leaf-02,E1/54,leaf,be-plane-a-spine-03,E1/14,spine
51,25823,connected,,,be-plane-a-leaf-02,E1/55,leaf,be-plane-a-spine-03,E1/15,spine
51,25824,connected,,,be-plane-a-leaf-02,E1/56,leaf,be-plane-a-spine-03,E1/16,spine
51,25825,connected,,,be-plane-a-leaf-02,E1/57,leaf,be-plane-a-spine-04,E1/9,spine
51,25826,connected,,,be-plane-a-leaf-02,E1/58,leaf,be-plane-a-spine-04,E1/10,spine
51,25827,connected,,,be-plane-a-leaf-02,E1/59,leaf,be-plane-a-spine-04,E1/11,spine
51,25828,connected,,,be-plane-a-leaf-02,E1/60,leaf,be-plane-a-spine-04,E1/12,spine
51,25829,connected,,,be-plane-a-leaf-02,E1/61,leaf,be-plane-a-spine-04,E1/13,spine
51,25830,connected,,,be-plane-a-leaf-02,E1/62,leaf,be-plane-a-spine-04,E1/14,spine
51,25831,connected,,,be-plane-a-leaf-02,E1/63,leaf,be-plane-a-spine-04,E1/15,spine
51,25832,connected,,,be-plane-a-leaf-02,E1/64,leaf,be-plane-a-spine-04,E1/16,spine
51,25833,connected,,,be-plane-a-leaf-03,E1/33,leaf,be-plane-a-spine-01,E1/17,spine
51,25834,connected,,,be-plane-a-leaf-03,E1/34,leaf,be-plane-a-spine-01,E1/18,spine
51,25835,connected,,,be-plane-a-leaf-03,E1/35,leaf,be-plane-a-spine-01,E1/19,spine
51,25836,connected,,,be-plane-a-leaf-03,E1/36,leaf,be-plane-a-spine-01,E1/20,spine
51,25837,connected,,,be-plane-a-leaf-03,E1/37,leaf,be-plane-a-spine-01,E1/21,spine
51,25838,connected,,,be-plane-a-leaf-03,E1/38,leaf,be-plane-a-spine-01,E1/22,spine
51,25839,connected,,,be-plane-a-leaf-03,E1/39,leaf,be-plane-a-spine-01,E1/23,spine
51,25840,connected,,,be-plane-a-leaf-03,E1/40,leaf,be-plane-a-spine-01,E1/24,spine
51,25841,connected,,,be-plane-a-leaf-03,E1/41,leaf,be-plane-a-spine-02,E1/17,spine
51,25842,connected,,,be-plane-a-leaf-03,E1/42,leaf,be-plane-a-spine-02,E1/18,spine
51,25843,connected,,,be-plane-a-leaf-03,E1/43,leaf,be-plane-a-spine-02,E1/19,spine
51,25844,connected,,,be-plane-a-leaf-03,E1/44,leaf,be-plane-a-spine-02,E1/20,spine
51,25845,connected,,,be-plane-a-leaf-03,E1/45,leaf,be-plane-a-spine-02,E1/21,spine
51,25846,connected,,,be-plane-a-leaf-03,E1/46,leaf,be-plane-a-spine-02,E1/22,spine
51,25847,connected,,,be-plane-a-leaf-03,E1/47,leaf,be-plane-a-spine-02,E1/23,spine
51,25848,connected,,,be-plane-a-leaf-03,E1/48,leaf,be-plane-a-spine-02,E1/24,spine
51,25849,connected,,,be-plane-a-leaf-03,E1/49,leaf,be-plane-a-spine-03,E1/17,spine
51,25850,connected,,,be-plane-a-leaf-03,E1/50,leaf,be-plane-a-spine-03,E1/18,spine
51,25851,connected,,,be-plane-a-leaf-03,E1/51,leaf,be-plane-a-spine-03,E1/19,spine
51,25852,connected,,,be-plane-a-leaf-03,E1/52,leaf,be-plane-a-spine-03,E1/20,spine
51,25853,connected,,,be-plane-a-leaf-03,E1/53,leaf,be-plane-a-spine-03,E1/21,spine
51,25854,connected,,,be-plane-a-leaf-03,E1/54,leaf,be-plane-a-spine-03,E1/22,spine
51,25855,connected,,,be-plane-a-leaf-03,E1/55,leaf,be-plane-a-spine-03,E1/23,spine
51,25856,connected,,,be-plane-a-leaf-03,E1/56,leaf,be-plane-a-spine-03,E1/24,spine
51,25857,connected,,,be-plane-a-leaf-03,E1/57,leaf,be-plane-a-spine-04,E1/17,spine
51,25858,connected,,,be-plane-a-leaf-03,E1/58,leaf,be-plane-a-spine-04,E1/18,spine
51,25859,connected,,,be-plane-a-leaf-03,E1/59,leaf,be-plane-a-spine-04,E1/19,spine
51,25860,connected,,,be-plane-a-leaf-03,E1/60,leaf,be-plane-a-spine-04,E1/20,spine
51,25861,connected,,,be-plane-a-leaf-03,E1/61,leaf,be-plane-a-spine-04,E1/21,spine
51,25862,connected,,,be-plane-a-leaf-03,E1/62,leaf,be-plane-a-spine-04,E1/22,spine
51,25863,connected,,,be-plane-a-leaf-03,E1/63,leaf,be-plane-a-spine-04,E1/23,spine
51,25864,connected,,,be-plane-a-leaf-03,E1/64,leaf,be-plane-a-spine-04,E1/24,spine
51,25865,connected,,,be-plane-a-leaf-04,E1/33,leaf,be-plane-a-spine-01,E1/25,spine
51,25866,connected,,,be-plane-a-leaf-04,E1/34,leaf,be-plane-a-spine-01,E1/26,spine
51,25867,connected,,,be-plane-a-leaf-04,E1/35,leaf,be-plane-a-spine-01,E1/27,spine
51,25868,connected,,,be-plane-a-leaf-04,E1/36,leaf,be-plane-a-spine-01,E1/28,spine
51,25869,connected,,,be-plane-a-leaf-04,E1/37,leaf,be-plane-a-spine-01,E1/29,spine
51,25870,connected,,,be-plane-a-leaf-04,E1/38,leaf,be-plane-a-spine-01,E1/30,spine
51,25871,connected,,,be-plane-a-leaf-04,E1/39,leaf,be-plane-a-spine-01,E1/31,spine
51,25872,connected,,,be-plane-a-leaf-04,E1/40,leaf,be-plane-a-spine-01,E1/32,spine
51,25873,connected,,,be-plane-a-leaf-04,E1/41,leaf,be-plane-a-spine-02,E1/25,spine
51,25874,connected,,,be-plane-a-leaf-04,E1/42,leaf,be-plane-a-spine-02,E1/26,spine
51,25875,connected,,,be-plane-a-leaf-04,E1/43,leaf,be-plane-a-spine-02,E1/27,spine
51,25876,connected,,,be-plane-a-leaf-04,E1/44,leaf,be-plane-a-spine-02,E1/28,spine
51,25877,connected,,,be-plane-a-leaf-04,E1/45,leaf,be-plane-a-spine-02,E1/29,spine
51,25878,connected,,,be-plane-a-leaf-04,E1/46,leaf,be-plane-a-spine-02,E1/30,spine
51,25879,connected,,,be-plane-a-leaf-04,E1/47,leaf,be-plane-a-spine-02,E1/31,spine
51,25880,connected,,,be-plane-a-leaf-04,E1/48,leaf,be-plane-a-spine-02,E1/32,spine
51,25881,connected,,,be-plane-a-leaf-04,E1/49,leaf,be-plane-a-spine-03,E1/25,spine
51,25882,connected,,,be-plane-a-leaf-04,E1/50,leaf,be-plane-a-spine-03,E1/26,spine
51,25883,connected,,,be-plane-a-leaf-04,E1/51,leaf,be-plane-a-spine-03,E1/27,spine
51,25884,connected,,,be-plane-a-leaf-04,E1/52,leaf,be-plane-a-spine-03,E1/28,spine
51,25885,connected,,,be-plane-a-leaf-04,E1/53,leaf,be-plane-a-spine-03,E1/29,spine
51,25886,connected,,,be-plane-a-leaf-04,E1/54,leaf,be-plane-a-spine-03,E1/30,spine
51,25887,connected,,,be-plane-a-leaf-04,E1/55,leaf,be-plane-a-spine-03,E1/31,spine
51,25888,connected,,,be-plane-a-leaf-04,E1/56,leaf,be-plane-a-spine-03,E1/32,spine
51,25889,connected,,,be-plane-a-leaf-04,E1/57,leaf,be-plane-a-spine-04,E1/25,spine
51,25890,connected,,,be-plane-a-leaf-04,E1/58,leaf,be-plane-a-spine-04,E1/26,spine
51,25891,connected,,,be-plane-a-leaf-04,E1/59,leaf,be-plane-a-spine-04,E1/27,spine
51,25892,connected,,,be-plane-a-leaf-04,E1/60,leaf,be-plane-a-spine-04,E1/28,spine
51,25893,connected,,,be-plane-a-leaf-04,E1/61,leaf,be-plane-a-spine-04,E1/29,spine
51,25894,connected,,,be-plane-a-leaf-04,E1/62,leaf,be-plane-a-spine-04,E1/30,spine
51,25895,connected,,,be-plane-a-leaf-04,E1/63,leaf,be-plane-a-spine-04,E1/31,spine
51,25896,connected,,,be-plane-a-leaf-04,E1/64,leaf,be-plane-a-spine-04,E1/32,spine
51,25897,connected,,,be-plane-a-leaf-05,E1/33,leaf,be-plane-a-spine-01,E1/33,spine
51,25898,connected,,,be-plane-a-leaf-05,E1/34,leaf,be-plane-a-spine-01,E1/34,spine
51,25899,connected,,,be-plane-a-leaf-05,E1/35,leaf,be-plane-a-spine-01,E1/35,spine
51,25900,connected,,,be-plane-a-leaf-05,E1/36,leaf,be-plane-a-spine-01,E1/36,spine
51,25901,connected,,,be-plane-a-leaf-05,E1/37,leaf,be-plane-a-spine-01,E1/37,spine
51,25902,connected,,,be-plane-a-leaf-05,E1/38,leaf,be-plane-a-spine-01,E1/38,spine
51,25903,connected,,,be-plane-a-leaf-05,E1/39,leaf,be-plane-a-spine-01,E1/39,spine
51,25904,connected,,,be-plane-a-leaf-05,E1/40,leaf,be-plane-a-spine-01,E1/40,spine
51,25905,connected,,,be-plane-a-leaf-05,E1/41,leaf,be-plane-a-spine-02,E1/33,spine
51,25906,connected,,,be-plane-a-leaf-05,E1/42,leaf,be-plane-a-spine-02,E1/34,spine
51,25907,connected,,,be-plane-a-leaf-05,E1/43,leaf,be-plane-a-spine-02,E1/35,spine
51,25908,connected,,,be-plane-a-leaf-05,E1/44,leaf,be-plane-a-spine-02,E1/36,spine
51,25909,connected,,,be-plane-a-leaf-05,E1/45,leaf,be-plane-a-spine-02,E1/37,spine
51,25910,connected,,,be-plane-a-leaf-05,E1/46,leaf,be-plane-a-spine-02,E1/38,spine
51,25911,connected,,,be-plane-a-leaf-05,E1/47,leaf,be-plane-a-spine-02,E1/39,spine
51,25912,connected,,,be-plane-a-leaf-05,E1/48,leaf,be-plane-a-spine-02,E1/40,spine
51,25913,connected,,,be-plane-a-leaf-05,E1/49,leaf,be-plane-a-spine-03,E1/33,spine
51,25914,connected,,,be-plane-a-leaf-05,E1/50,leaf,be-plane-a-spine-03,E1/34,spine
51,25915,connected,,,be-plane-a-leaf-05,E1/51,leaf,be-plane-a-spine-03,E1/35,spine
51,25916,connected,,,be-plane-a-leaf-05,E1/52,leaf,be-plane-a-spine-03,E1/36,spine
51,25917,connected,,,be-plane-a-leaf-05,E1/53,leaf,be-plane-a-spine-03,E1/37,spine
51,25918,connected,,,be-plane-a-leaf-05,E1/54,leaf,be-plane-a-spine-03,E1/38,spine
51,25919,connected,,,be-plane-a-leaf-05,E1/55,leaf,be-plane-a-spine-03,E1/39,spine
51,25920,connected,,,be-plane-a-leaf-05,E1/56,leaf,be-plane-a-spine-03,E1/40,spine
51,25921,connected,,,be-plane-a-leaf-05,E1/57,leaf,be-plane-a-spine-04,E1/33,spine
51,25922,connected,,,be-plane-a-leaf-05,E1/58,leaf,be-plane-a-spine-04,E1/34,spine
51,25923,connected,,,be-plane-a-leaf-05,E1/59,leaf,be-plane-a-spine-04,E1/35,spine
51,25924,connected,,,be-plane-a-leaf-05,E1/60,leaf,be-plane-a-spine-04,E1/36,spine
51,25925,connected,,,be-plane-a-leaf-05,E1/61,leaf,be-plane-a-spine-04,E1/37,spine
51,25926,connected,,,be-plane-a-leaf-05,E1/62,leaf,be-plane-a-spine-04,E1/38,spine
51,25927,connected,,,be-plane-a-leaf-05,E1/63,leaf,be-plane-a-spine-04,E1/39,spine
51,25928,connected,,,be-plane-a-leaf-05,E1/64,leaf,be-plane-a-spine-04,E1/40,spine
51,25929,connected,,,be-plane-a-leaf-06,E1/33,leaf,be-plane-a-spine-01,E1/41,spine
51,25930,connected,,,be-plane-a-leaf-06,E1/34,leaf,be-plane-a-spine-01,E1/42,spine
51,25931,connected,,,be-plane-a-leaf-06,E1/35,leaf,be-plane-a-spine-01,E1/43,spine
51,25932,connected,,,be-plane-a-leaf-06,E1/36,leaf,be-plane-a-spine-01,E1/44,spine
51,25933,connected,,,be-plane-a-leaf-06,E1/37,leaf,be-plane-a-spine-01,E1/45,spine
51,25934,connected,,,be-plane-a-leaf-06,E1/38,leaf,be-plane-a-spine-01,E1/46,spine
51,25935,connected,,,be-plane-a-leaf-06,E1/39,leaf,be-plane-a-spine-01,E1/47,spine
51,25936,connected,,,be-plane-a-leaf-06,E1/40,leaf,be-plane-a-spine-01,E1/48,spine
51,25937,connected,,,be-plane-a-leaf-06,E1/41,leaf,be-plane-a-spine-02,E1/41,spine
51,25938,connected,,,be-plane-a-leaf-06,E1/42,leaf,be-plane-a-spine-02,E1/42,spine
51,25939,connected,,,be-plane-a-leaf-06,E1/43,leaf,be-plane-a-spine-02,E1/43,spine
51,25940,connected,,,be-plane-a-leaf-06,E1/44,leaf,be-plane-a-spine-02,E1/44,spine
51,25941,connected,,,be-plane-a-leaf-06,E1/45,leaf,be-plane-a-spine-02,E1/45,spine
51,25942,connected,,,be-plane-a-leaf-06,E1/46,leaf,be-plane-a-spine-02,E1/46,spine
51,25943,connected,,,be-plane-a-leaf-06,E1/47,leaf,be-plane-a-spine-02,E1/47,spine
51,25944,connected,,,be-plane-a-leaf-06,E1/48,leaf,be-plane-a-spine-02,E1/48,spine
51,25945,connected,,,be-plane-a-leaf-06,E1/49,leaf,be-plane-a-spine-03,E1/41,spine
51,25946,connected,,,be-plane-a-leaf-06,E1/50,leaf,be-plane-a-spine-03,E1/42,spine
51,25947,connected,,,be-plane-a-leaf-06,E1/51,leaf,be-plane-a-spine-03,E1/43,spine
51,25948,connected,,,be-plane-a-leaf-06,E1/52,leaf,be-plane-a-spine-03,E1/44,spine
51,25949,connected,,,be-plane-a-leaf-06,E1/53,leaf,be-plane-a-spine-03,E1/45,spine
51,25950,connected,,,be-plane-a-leaf-06,E1/54,leaf,be-plane-a-spine-03,E1/46,spine
51,25951,connected,,,be-plane-a-leaf-06,E1/55,leaf,be-plane-a-spine-03,E1/47,spine
51,25952,connected,,,be-plane-a-leaf-06,E1/56,leaf,be-plane-a-spine-03,E1/48,spine
51,25953,connected,,,be-plane-a-leaf-06,E1/57,leaf,be-plane-a-spine-04,E1/41,spine
51,25954,connected,,,be-plane-a-leaf-06,E1/58,leaf,be-plane-a-spine-04,E1/42,spine
51,25955,connected,,,be-plane-a-leaf-06,E1/59,leaf,be-plane-a-spine-04,E1/43,spine
51,25956,connected,,,be-plane-a-leaf-06,E1/60,leaf,be-plane-a-spine-04,E1/44,spine
51,25957,connected,,,be-plane-a-leaf-06,E1/61,leaf,be-plane-a-spine-04,E1/45,spine
51,25958,connected,,,be-plane-a-leaf-06,E1/62,leaf,be-plane-a-spine-04,E1/46,spine
51,25959,connected,,,be-plane-a-leaf-06,E1/63,leaf,be-plane-a-spine-04,E1/47,spine
51,25960,connected,,,be-plane-a-leaf-06,E1/64,leaf,be-plane-a-spine-04,E1/48,spine
51,25961,connected,,,be-plane-a-leaf-07,E1/33,leaf,be-plane-a-spine-01,E1/49,spine
51,25962,connected,,,be-plane-a-leaf-07,E1/34,leaf,be-plane-a-spine-01,E1/50,spine
51,25963,connected,,,be-plane-a-leaf-07,E1/35,leaf,be-plane-a-spine-01,E1/51,spine
51,25964,connected,,,be-plane-a-leaf-07,E1/36,leaf,be-plane-a-spine-01,E1/52,spine
51,25965,connected,,,be-plane-a-leaf-07,E1/37,leaf,be-plane-a-spine-01,E1/53,spine
51,25966,connected,,,be-plane-a-leaf-07,E1/38,leaf,be-plane-a-spine-01,E1/54,spine
51,25967,connected,,,be-plane-a-leaf-07,E1/39,leaf,be-plane-a-spine-01,E1/55,spine
51,25968,connected,,,be-plane-a-leaf-07,E1/40,leaf,be-plane-a-spine-01,E1/56,spine
51,25969,connected,,,be-plane-a-leaf-07,E1/41,leaf,be-plane-a-spine-02,E1/49,spine
51,25970,connected,,,be-plane-a-leaf-07,E1/42,leaf,be-plane-a-spine-02,E1/50,spine
51,25971,connected,,,be-plane-a-leaf-07,E1/43,leaf,be-plane-a-spine-02,E1/51,spine
51,25972,connected,,,be-plane-a-leaf-07,E1/44,leaf,be-plane-a-spine-02,E1/52,spine
51,25973,connected,,,be-plane-a-leaf-07,E1/45,leaf,be-plane-a-spine-02,E1/53,spine
51,25974,connected,,,be-plane-a-leaf-07,E1/46,leaf,be-plane-a-spine-02,E1/54,spine
51,25975,connected,,,be-plane-a-leaf-07,E1/47,leaf,be-plane-a-spine-02,E1/55,spine
51,25976,connected,,,be-plane-a-leaf-07,E1/48,leaf,be-plane-a-spine-02,E1/56,spine
51,25977,connected,,,be-plane-a-leaf-07,E1/49,leaf,be-plane-a-spine-03,E1/49,spine
51,25978,connected,,,be-plane-a-leaf-07,E1/50,leaf,be-plane-a-spine-03,E1/50,spine
51,25979,connected,,,be-plane-a-leaf-07,E1/51,leaf,be-plane-a-spine-03,E1/51,spine
51,25980,connected,,,be-plane-a-leaf-07,E1/52,leaf,be-plane-a-spine-03,E1/52,spine
51,25981,connected,,,be-plane-a-leaf-07,E1/53,leaf,be-plane-a-spine-03,E1/53,spine
51,25982,connected,,,be-plane-a-leaf-07,E1/54,leaf,be-plane-a-spine-03,E1/54,spine
51,25983,connected,,,be-plane-a-leaf-07,E1/55,leaf,be-plane-a-spine-03,E1/55,spine
51,25984,connected,,,be-plane-a-leaf-07,E1/56,leaf,be-plane-a-spine-03,E1/56,spine
51,25985,connected,,,be-plane-a-leaf-07,E1/57,leaf,be-plane-a-spine-04,E1/49,spine
51,25986,connected,,,be-plane-a-leaf-07,E1/58,leaf,be-plane-a-spine-04,E1/50,spine
51,25987,connected,,,be-plane-a-leaf-07,E1/59,leaf,be-plane-a-spine-04,E1/51,spine
51,25988,connected,,,be-plane-a-leaf-07,E1/60,leaf,be-plane-a-spine-04,E1/52,spine
51,25989,connected,,,be-plane-a-leaf-07,E1/61,leaf,be-plane-a-spine-04,E1/53,spine
51,25990,connected,,,be-plane-a-leaf-07,E1/62,leaf,be-plane-a-spine-04,E1/54,spine
51,25991,connected,,,be-plane-a-leaf-07,E1/63,leaf,be-plane-a-spine-04,E1/55,spine
51,25992,connected,,,be-plane-a-leaf-07,E1/64,leaf,be-plane-a-spine-04,E1/56,spine
51,25993,connected,,,be-plane-a-leaf-08,E1/33,leaf,be-plane-a-spine-01,E1/57,spine
51,25994,connected,,,be-plane-a-leaf-08,E1/34,leaf,be-plane-a-spine-01,E1/58,spine
51,25995,connected,,,be-plane-a-leaf-08,E1/35,leaf,be-plane-a-spine-01,E1/59,spine
51,25996,connected,,,be-plane-a-leaf-08,E1/36,leaf,be-plane-a-spine-01,E1/60,spine
51,25997,connected,,,be-plane-a-leaf-08,E1/37,leaf,be-plane-a-spine-01,E1/61,spine
51,25998,connected,,,be-plane-a-leaf-08,E1/38,leaf,be-plane-a-spine-01,E1/62,spine
51,25999,connected,,,be-plane-a-leaf-08,E1/39,leaf,be-plane-a-spine-01,E1/63,spine
51,26000,connected,,,be-plane-a-leaf-08,E1/40,leaf,be-plane-a-spine-01,E1/64,spine
51,26001,connected,,,be-plane-a-leaf-08,E1/41,leaf,be-plane-a-spine-02,E1/57,spine
51,26002,connected,,,be-plane-a-leaf-08,E1/42,leaf,be-plane-a-spine-02,E1/58,spine
51,26003,connected,,,be-plane-a-leaf-08,E1/43,leaf,be-plane-a-spine-02,E1/59,spine
51,26004,connected,,,be-plane-a-leaf-08,E1/44,leaf,be-plane-a-spine-02,E1/60,spine
51,26005,connected,,,be-plane-a-leaf-08,E1/45,leaf,be-plane-a-spine-02,E1/61,spine
51,26006,connected,,,be-plane-a-leaf-08,E1/46,leaf,be-plane-a-spine-02,E1/62,spine
51,26007,connected,,,be-plane-a-leaf-08,E1/47,leaf,be-plane-a-spine-02,E1/63,spine
51,26008,connected,,,be-plane-a-leaf-08,E1/48,leaf,be-plane-a-spine-02,E1/64,spine
51,26009,connected,,,be-plane-a-leaf-08,E1/49,leaf,be-plane-a-spine-03,E1/57,spine
51,26010,connected,,,be-plane-a-leaf-08,E1/50,leaf,be-plane-a-spine-03,E1/58,spine
51,26011,connected,,,be-plane-a-leaf-08,E1/51,leaf,be-plane-a-spine-03,E1/59,spine
51,26012,connected,,,be-plane-a-leaf-08,E1/52,leaf,be-plane-a-spine-03,E1/60,spine
51,26013,connected,,,be-plane-a-leaf-08,E1/53,leaf,be-plane-a-spine-03,E1/61,spine
51,26014,connected,,,be-plane-a-leaf-08,E1/54,leaf,be-plane-a-spine-03,E1/62,spine
51,26015,connected,,,be-plane-a-leaf-08,E1/55,leaf,be-plane-a-spine-03,E1/63,spine
51,26016,connected,,,be-plane-a-leaf-08,E1/56,leaf,be-plane-a-spine-03,E1/64,spine
51,26017,connected,,,be-plane-a-leaf-08,E1/57,leaf,be-plane-a-spine-04,E1/57,spine
51,26018,connected,,,be-plane-a-leaf-08,E1/58,leaf,be-plane-a-spine-04,E1/58,spine
51,26019,connected,,,be-plane-a-leaf-08,E1/59,leaf,be-plane-a-spine-04,E1/59,spine
51,26020,connected,,,be-plane-a-leaf-08,E1/60,leaf,be-plane-a-spine-04,E1/60,spine
51,26021,connected,,,be-plane-a-leaf-08,E1/61,leaf,be-plane-a-spine-04,E1/61,spine
51,26022,connected,,,be-plane-a-leaf-08,E1/62,leaf,be-plane-a-spine-04,E1/62,spine
51,26023,connected,,,be-plane-a-leaf-08,E1/63,leaf,be-plane-a-spine-04,E1/63,spine
51,26024,connected,,,be-plane-a-leaf-08,E1/64,leaf,be-plane-a-spine-04,E1/64,spine
51,26025,connected,,,be-plane-b-leaf-01,E1/33,leaf,be-plane-b-spine-01,E1/1,spine
51,26026,connected,,,be-plane-b-leaf-01,E1/34,leaf,be-plane-b-spine-01,E1/2,spine
51,26027,connected,,,be-plane-b-leaf-01,E1/35,leaf,be-plane-b-spine-01,E1/3,spine
51,26028,connected,,,be-plane-b-leaf-01,E1/36,leaf,be-plane-b-spine-01,E1/4,spine
51,26029,connected,,,be-plane-b-leaf-01,E1/37,leaf,be-plane-b-spine-01,E1/5,spine
51,26030,connected,,,be-plane-b-leaf-01,E1/38,leaf,be-plane-b-spine-01,E1/6,spine
51,26031,connected,,,be-plane-b-leaf-01,E1/39,leaf,be-plane-b-spine-01,E1/7,spine
51,26032,connected,,,be-plane-b-leaf-01,E1/40,leaf,be-plane-b-spine-01,E1/8,spine
51,26033,connected,,,be-plane-b-leaf-01,E1/41,leaf,be-plane-b-spine-02,E1/1,spine
51,26034,connected,,,be-plane-b-leaf-01,E1/42,leaf,be-plane-b-spine-02,E1/2,spine
51,26035,connected,,,be-plane-b-leaf-01,E1/43,leaf,be-plane-b-spine-02,E1/3,spine
51,26036,connected,,,be-plane-b-leaf-01,E1/44,leaf,be-plane-b-spine-02,E1/4,spine
51,26037,connected,,,be-plane-b-leaf-01,E1/45,leaf,be-plane-b-spine-02,E1/5,spine
51,26038,connected,,,be-plane-b-leaf-01,E1/46,leaf,be-plane-b-spine-02,E1/6,spine
51,26039,connected,,,be-plane-b-leaf-01,E1/47,leaf,be-plane-b-spine-02,E1/7,spine
51,26040,connected,,,be-plane-b-leaf-01,E1/48,leaf,be-plane-b-spine-02,E1/8,spine
51,26041,connected,,,be-plane-b-leaf-01,E1/49,leaf,be-plane-b-spine-03,E1/1,spine
51,26042,connected,,,be-plane-b-leaf-01,E1/50,leaf,be-plane-b-spine-03,E1/2,spine
51,26043,connected,,,be-plane-b-leaf-01,E1/51,leaf,be-plane-b-spine-03,E1/3,spine
51,26044,connected,,,be-plane-b-leaf-01,E1/52,leaf,be-plane-b-spine-03,E1/4,spine
51,26045,connected,,,be-plane-b-leaf-01,E1/53,leaf,be-plane-b-spine-03,E1/5,spine
51,26046,connected,,,be-plane-b-leaf-01,E1/54,leaf,be-plane-b-spine-03,E1/6,spine
51,26047,connected,,,be-plane-b-leaf-01,E1/55,leaf,be-plane-b-spine-03,E1/7,spine
51,26048,connected,,,be-plane-b-leaf-01,E1/56,leaf,be-plane-b-spine-03,E1/8,spine
51,26049,connected,,,be-plane-b-leaf-01,E1/57,leaf,be-plane-b-spine-04,E1/1,spine
51,26050,connected,,,be-plane-b-leaf-01,E1/58,leaf,be-plane-b-spine-04,E1/2,spine
51,26051,connected,,,be-plane-b-leaf-01,E1/59,leaf,be-plane-b-spine-04,E1/3,spine
51,26052,connected,,,be-plane-b-leaf-01,E1/60,leaf,be-plane-b-spine-04,E1/4,spine
51,26053,connected,,,be-plane-b-leaf-01,E1/61,leaf,be-plane-b-spine-04,E1/5,spine
51,26054,connected,,,be-plane-b-leaf-01,E1/62,leaf,be-plane-b-spine-04,E1/6,spine
51,26055,connected,,,be-plane-b-leaf-01,E1/63,leaf,be-plane-b-spine-04,E1/7,spine
51,26056,connected,,,be-plane-b-leaf-01,E1/64,leaf,be-plane-b-spine-04,E1/8,spine
51,26057,connected,,,be-plane-b-leaf-02,E1/33,leaf,be-plane-b-spine-01,E1/9,spine
51,26058,connected,,,be-plane-b-leaf-02,E1/34,leaf,be-plane-b-spine-01,E1/10,spine
51,26059,connected,,,be-plane-b-leaf-02,E1/35,leaf,be-plane-b-spine-01,E1/11,spine
51,26060,connected,,,be-plane-b-leaf-02,E1/36,leaf,be-plane-b-spine-01,E1/12,spine
51,26061,connected,,,be-plane-b-leaf-02,E1/37,leaf,be-plane-b-spine-01,E1/13,spine
51,26062,connected,,,be-plane-b-leaf-02,E1/38,leaf,be-plane-b-spine-01,E1/14,spine
51,26063,connected,,,be-plane-b-leaf-02,E1/39,leaf,be-plane-b-spine-01,E1/15,spine
51,26064,connected,,,be-plane-b-leaf-02,E1/40,leaf,be-plane-b-spine-01,E1/16,spine
51,26065,connected,,,be-plane-b-leaf-02,E1/41,leaf,be-plane-b-spine-02,E1/9,spine
51,26066,connected,,,be-plane-b-leaf-02,E1/42,leaf,be-plane-b-spine-02,E1/10,spine
51,26067,connected,,,be-plane-b-leaf-02,E1/43,leaf,be-plane-b-spine-02,E1/11,spine
51,26068,connected,,,be-plane-b-leaf-02,E1/44,leaf,be-plane-b-spine-02,E1/12,spine
51,26069,connected,,,be-plane-b-leaf-02,E1/45,leaf,be-plane-b-spine-02,E1/13,spine
51,26070,connected,,,be-plane-b-leaf-02,E1/46,leaf,be-plane-b-spine-02,E1/14,spine
51,26071,connected,,,be-plane-b-leaf-02,E1/47,leaf,be-plane-b-spine-02,E1/15,spine
51,26072,connected,,,be-plane-b-leaf-02,E1/48,leaf,be-plane-b-spine-02,E1/16,spine
51,26073,connected,,,be-plane-b-leaf-02,E1/49,leaf,be-plane-b-spine-03,E1/9,spine
51,26074,connected,,,be-plane-b-leaf-02,E1/50,leaf,be-plane-b-spine-03,E1/10,spine
51,26075,connected,,,be-plane-b-leaf-02,E1/51,leaf,be-plane-b-spine-03,E1/11,spine
51,26076,connected,,,be-plane-b-leaf-02,E1/52,leaf,be-plane-b-spine-03,E1/12,spine
51,26077,connected,,,be-plane-b-leaf-02,E1/53,leaf,be-plane-b-spine-03,E1/13,spine
51,26078,connected,,,be-plane-b-leaf-02,E1/54,leaf,be-plane-b-spine-03,E1/14,spine
51,26079,connected,,,be-plane-b-leaf-02,E1/55,leaf,be-plane-b-spine-03,E1/15,spine
51,26080,connected,,,be-plane-b-leaf-02,E1/56,leaf,be-plane-b-spine-03,E1/16,spine
51,26081,connected,,,be-plane-b-leaf-02,E1/57,leaf,be-plane-b-spine-04,E1/9,spine
51,26082,connected,,,be-plane-b-leaf-02,E1/58,leaf,be-plane-b-spine-04,E1/10,spine
51,26083,connected,,,be-plane-b-leaf-02,E1/59,leaf,be-plane-b-spine-04,E1/11,spine
51,26084,connected,,,be-plane-b-leaf-02,E1/60,leaf,be-plane-b-spine-04,E1/12,spine
51,26085,connected,,,be-plane-b-leaf-02,E1/61,leaf,be-plane-b-spine-04,E1/13,spine
51,26086,connected,,,be-plane-b-leaf-02,E1/62,leaf,be-plane-b-spine-04,E1/14,spine
51,26087,connected,,,be-plane-b-leaf-02,E1/63,leaf,be-plane-b-spine-04,E1/15,spine
51,26088,connected,,,be-plane-b-leaf-02,E1/64,leaf,be-plane-b-spine-04,E1/16,spine
51,26089,connected,,,be-plane-b-leaf-03,E1/33,leaf,be-plane-b-spine-01,E1/17,spine
51,26090,connected,,,be-plane-b-leaf-03,E1/34,leaf,be-plane-b-spine-01,E1/18,spine
51,26091,connected,,,be-plane-b-leaf-03,E1/35,leaf,be-plane-b-spine-01,E1/19,spine
51,26092,connected,,,be-plane-b-leaf-03,E1/36,leaf,be-plane-b-spine-01,E1/20,spine
51,26093,connected,,,be-plane-b-leaf-03,E1/37,leaf,be-plane-b-spine-01,E1/21,spine
51,26094,connected,,,be-plane-b-leaf-03,E1/38,leaf,be-plane-b-spine-01,E1/22,spine
51,26095,connected,,,be-plane-b-leaf-03,E1/39,leaf,be-plane-b-spine-01,E1/23,spine
51,26096,connected,,,be-plane-b-leaf-03,E1/40,leaf,be-plane-b-spine-01,E1/24,spine
51,26097,connected,,,be-plane-b-leaf-03,E1/41,leaf,be-plane-b-spine-02,E1/17,spine
51,26098,connected,,,be-plane-b-leaf-03,E1/42,leaf,be-plane-b-spine-02,E1/18,spine
51,26099,connected,,,be-plane-b-leaf-03,E1/43,leaf,be-plane-b-spine-02,E1/19,spine
51,26100,connected,,,be-plane-b-leaf-03,E1/44,leaf,be-plane-b-spine-02,E1/20,spine
51,26101,connected,,,be-plane-b-leaf-03,E1/45,leaf,be-plane-b-spine-02,E1/21,spine
51,26102,connected,,,be-plane-b-leaf-03,E1/46,leaf,be-plane-b-spine-02,E1/22,spine
51,26103,connected,,,be-plane-b-leaf-03,E1/47,leaf,be-plane-b-spine-02,E1/23,spine
51,26104,connected,,,be-plane-b-leaf-03,E1/48,leaf,be-plane-b-spine-02,E1/24,spine
51,26105,connected,,,be-plane-b-leaf-03,E1/49,leaf,be-plane-b-spine-03,E1/17,spine
51,26106,connected,,,be-plane-b-leaf-03,E1/50,leaf,be-plane-b-spine-03,E1/18,spine
51,26107,connected,,,be-plane-b-leaf-03,E1/51,leaf,be-plane-b-spine-03,E1/19,spine
51,26108,connected,,,be-plane-b-leaf-03,E1/52,leaf,be-plane-b-spine-03,E1/20,spine
51,26109,connected,,,be-plane-b-leaf-03,E1/53,leaf,be-plane-b-spine-03,E1/21,spine
51,26110,connected,,,be-plane-b-leaf-03,E1/54,leaf,be-plane-b-spine-03,E1/22,spine
51,26111,connected,,,be-plane-b-leaf-03,E1/55,leaf,be-plane-b-spine-03,E1/23,spine
51,26112,connected,,,be-plane-b-leaf-03,E1/56,leaf,be-plane-b-spine-03,E1/24,spine
51,26113,connected,,,be-plane-b-leaf-03,E1/57,leaf,be-plane-b-spine-04,E1/17,spine
51,26114,connected,,,be-plane-b-leaf-03,E1/58,leaf,be-plane-b-spine-04,E1/18,spine
51,26115,connected,,,be-plane-b-leaf-03,E1/59,leaf,be-plane-b-spine-04,E1/19,spine
51,26116,connected,,,be-plane-b-leaf-03,E1/60,leaf,be-plane-b-spine-04,E1/20,spine
51,26117,connected,,,be-plane-b-leaf-03,E1/61,leaf,be-plane-b-spine-04,E1/21,spine
51,26118,connected,,,be-plane-b-leaf-03,E1/62,leaf,be-plane-b-spine-04,E1/22,spine
51,26119,connected,,,be-plane-b-leaf-03,E1/63,leaf,be-plane-b-spine-04,E1/23,spine
51,26120,connected,,,be-plane-b-leaf-03,E1/64,leaf,be-plane-b-spine-04,E1/24,spine
51,26121,connected,,,be-plane-b-leaf-04,E1/33,leaf,be-plane-b-spine-01,E1/25,spine
51,26122,connected,,,be-plane-b-leaf-04,E1/34,leaf,be-plane-b-spine-01,E1/26,spine
51,26123,connected,,,be-plane-b-leaf-04,E1/35,leaf,be-plane-b-spine-01,E1/27,spine
51,26124,connected,,,be-plane-b-leaf-04,E1/36,leaf,be-plane-b-spine-01,E1/28,spine
51,26125,connected,,,be-plane-b-leaf-04,E1/37,leaf,be-plane-b-spine-01,E1/29,spine
51,26126,connected,,,be-plane-b-leaf-04,E1/38,leaf,be-plane-b-spine-01,E1/30,spine
51,26127,connected,,,be-plane-b-leaf-04,E1/39,leaf,be-plane-b-spine-01,E1/31,spine
51,26128,connected,,,be-plane-b-leaf-04,E1/40,leaf,be-plane-b-spine-01,E1/32,spine
51,26129,connected,,,be-plane-b-leaf-04,E1/41,leaf,be-plane-b-spine-02,E1/25,spine
51,26130,connected,,,be-plane-b-leaf-04,E1/42,leaf,be-plane-b-spine-02,E1/26,spine
51,26131,connected,,,be-plane-b-leaf-04,E1/43,leaf,be-plane-b-spine-02,E1/27,spine
51,26132,connected,,,be-plane-b-leaf-04,E1/44,leaf,be-plane-b-spine-02,E1/28,spine
51,26133,connected,,,be-plane-b-leaf-04,E1/45,leaf,be-plane-b-spine-02,E1/29,spine
51,26134,connected,,,be-plane-b-leaf-04,E1/46,leaf,be-plane-b-spine-02,E1/30,spine
51,26135,connected,,,be-plane-b-leaf-04,E1/47,leaf,be-plane-b-spine-02,E1/31,spine
51,26136,connected,,,be-plane-b-leaf-04,E1/48,leaf,be-plane-b-spine-02,E1/32,spine
51,26137,connected,,,be-plane-b-leaf-04,E1/49,leaf,be-plane-b-spine-03,E1/25,spine
51,26138,connected,,,be-plane-b-leaf-04,E1/50,leaf,be-plane-b-spine-03,E1/26,spine
51,26139,connected,,,be-plane-b-leaf-04,E1/51,leaf,be-plane-b-spine-03,E1/27,spine
51,26140,connected,,,be-plane-b-leaf-04,E1/52,leaf,be-plane-b-spine-03,E1/28,spine
51,26141,connected,,,be-plane-b-leaf-04,E1/53,leaf,be-plane-b-spine-03,E1/29,spine
51,26142,connected,,,be-plane-b-leaf-04,E1/54,leaf,be-plane-b-spine-03,E1/30,spine
51,26143,connected,,,be-plane-b-leaf-04,E1/55,leaf,be-plane-b-spine-03,E1/31,spine
51,26144,connected,,,be-plane-b-leaf-04,E1/56,leaf,be-plane-b-spine-03,E1/32,spine
51,26145,connected,,,be-plane-b-leaf-04,E1/57,leaf,be-plane-b-spine-04,E1/25,spine
51,26146,connected,,,be-plane-b-leaf-04,E1/58,leaf,be-plane-b-spine-04,E1/26,spine
51,26147,connected,,,be-plane-b-leaf-04,E1/59,leaf,be-plane-b-spine-04,E1/27,spine
51,26148,connected,,,be-plane-b-leaf-04,E1/60,leaf,be-plane-b-spine-04,E1/28,spine
51,26149,connected,,,be-plane-b-leaf-04,E1/61,leaf,be-plane-b-spine-04,E1/29,spine
51,26150,connected,,,be-plane-b-leaf-04,E1/62,leaf,be-plane-b-spine-04,E1/30,spine
51,26151,connected,,,be-plane-b-leaf-04,E1/63,leaf,be-plane-b-spine-04,E1/31,spine
51,26152,connected,,,be-plane-b-leaf-04,E1/64,leaf,be-plane-b-spine-04,E1/32,spine
51,26153,connected,,,be-plane-b-leaf-05,E1/33,leaf,be-plane-b-spine-01,E1/33,spine
51,26154,connected,,,be-plane-b-leaf-05,E1/34,leaf,be-plane-b-spine-01,E1/34,spine
51,26155,connected,,,be-plane-b-leaf-05,E1/35,leaf,be-plane-b-spine-01,E1/35,spine
51,26156,connected,,,be-plane-b-leaf-05,E1/36,leaf,be-plane-b-spine-01,E1/36,spine
51,26157,connected,,,be-plane-b-leaf-05,E1/37,leaf,be-plane-b-spine-01,E1/37,spine
51,26158,connected,,,be-plane-b-leaf-05,E1/38,leaf,be-plane-b-spine-01,E1/38,spine
51,26159,connected,,,be-plane-b-leaf-05,E1/39,leaf,be-plane-b-spine-01,E1/39,spine
51,26160,connected,,,be-plane-b-leaf-05,E1/40,leaf,be-plane-b-spine-01,E1/40,spine
51,26161,connected,,,be-plane-b-leaf-05,E1/41,leaf,be-plane-b-spine-02,E1/33,spine
51,26162,connected,,,be-plane-b-leaf-05,E1/42,leaf,be-plane-b-spine-02,E1/34,spine
51,26163,connected,,,be-plane-b-leaf-05,E1/43,leaf,be-plane-b-spine-02,E1/35,spine
51,26164,connected,,,be-plane-b-leaf-05,E1/44,leaf,be-plane-b-spine-02,E1/36,spine
51,26165,connected,,,be-plane-b-leaf-05,E1/45,leaf,be-plane-b-spine-02,E1/37,spine
51,26166,connected,,,be-plane-b-leaf-05,E1/46,leaf,be-plane-b-spine-02,E1/38,spine
51,26167,connected,,,be-plane-b-leaf-05,E1/47,leaf,be-plane-b-spine-02,E1/39,spine
51,26168,connected,,,be-plane-b-leaf-05,E1/48,leaf,be-plane-b-spine-02,E1/40,spine
51,26169,connected,,,be-plane-b-leaf-05,E1/49,leaf,be-plane-b-spine-03,E1/33,spine
51,26170,connected,,,be-plane-b-leaf-05,E1/50,leaf,be-plane-b-spine-03,E1/34,spine
51,26171,connected,,,be-plane-b-leaf-05,E1/51,leaf,be-plane-b-spine-03,E1/35,spine
51,26172,connected,,,be-plane-b-leaf-05,E1/52,leaf,be-plane-b-spine-03,E1/36,spine
51,26173,connected,,,be-plane-b-leaf-05,E1/53,leaf,be-plane-b-spine-03,E1/37,spine
51,26174,connected,,,be-plane-b-leaf-05,E1/54,leaf,be-plane-b-spine-03,E1/38,spine
51,26175,connected,,,be-plane-b-leaf-05,E1/55,leaf,be-plane-b-spine-03,E1/39,spine
51,26176,connected,,,be-plane-b-leaf-05,E1/56,leaf,be-plane-b-spine-03,E1/40,spine
51,26177,connected,,,be-plane-b-leaf-05,E1/57,leaf,be-plane-b-spine-04,E1/33,spine
51,26178,connected,,,be-plane-b-leaf-05,E1/58,leaf,be-plane-b-spine-04,E1/34,spine
51,26179,connected,,,be-plane-b-leaf-05,E1/59,leaf,be-plane-b-spine-04,E1/35,spine
51,26180,connected,,,be-plane-b-leaf-05,E1/60,leaf,be-plane-b-spine-04,E1/36,spine
51,26181,connected,,,be-plane-b-leaf-05,E1/61,leaf,be-plane-b-spine-04,E1/37,spine
51,26182,connected,,,be-plane-b-leaf-05,E1/62,leaf,be-plane-b-spine-04,E1/38,spine
51,26183,connected,,,be-plane-b-leaf-05,E1/63,leaf,be-plane-b-spine-04,E1/39,spine
51,26184,connected,,,be-plane-b-leaf-05,E1/64,leaf,be-plane-b-spine-04,E1/40,spine
51,26185,connected,,,be-plane-b-leaf-06,E1/33,leaf,be-plane-b-spine-01,E1/41,spine
51,26186,connected,,,be-plane-b-leaf-06,E1/34,leaf,be-plane-b-spine-01,E1/42,spine
51,26187,connected,,,be-plane-b-leaf-06,E1/35,leaf,be-plane-b-spine-01,E1/43,spine
51,26188,connected,,,be-plane-b-leaf-06,E1/36,leaf,be-plane-b-spine-01,E1/44,spine
51,26189,connected,,,be-plane-b-leaf-06,E1/37,leaf,be-plane-b-spine-01,E1/45,spine
51,26190,connected,,,be-plane-b-leaf-06,E1/38,leaf,be-plane-b-spine-01,E1/46,spine
51,26191,connected,,,be-plane-b-leaf-06,E1/39,leaf,be-plane-b-spine-01,E1/47,spine
51,26192,connected,,,be-plane-b-leaf-06,E1/40,leaf,be-plane-b-spine-01,E1/48,spine
51,26193,connected,,,be-plane-b-leaf-06,E1/41,leaf,be-plane-b-spine-02,E1/41,spine
51,26194,connected,,,be-plane-b-leaf-06,E1/42,leaf,be-plane-b-spine-02,E1/42,spine
51,26195,connected,,,be-plane-b-leaf-06,E1/43,leaf,be-plane-b-spine-02,E1/43,spine
51,26196,connected,,,be-plane-b-leaf-06,E1/44,leaf,be-plane-b-spine-02,E1/44,spine
51,26197,connected,,,be-plane-b-leaf-06,E1/45,leaf,be-plane-b-spine-02,E1/45,spine
51,26198,connected,,,be-plane-b-leaf-06,E1/46,leaf,be-plane-b-spine-02,E1/46,spine
51,26199,connected,,,be-plane-b-leaf-06,E1/47,leaf,be-plane-b-spine-02,E1/47,spine
51,26200,connected,,,be-plane-b-leaf-06,E1/48,leaf,be-plane-b-spine-02,E1/48,spine
51,26201,connected,,,be-plane-b-leaf-06,E1/49,leaf,be-plane-b-spine-03,E1/41,spine
51,26202,connected,,,be-plane-b-leaf-06,E1/50,leaf,be-plane-b-spine-03,E1/42,spine
51,26203,connected,,,be-plane-b-leaf-06,E1/51,leaf,be-plane-b-spine-03,E1/43,spine
51,26204,connected,,,be-plane-b-leaf-06,E1/52,leaf,be-plane-b-spine-03,E1/44,spine
51,26205,connected,,,be-plane-b-leaf-06,E1/53,leaf,be-plane-b-spine-03,E1/45,spine
51,26206,connected,,,be-plane-b-leaf-06,E1/54,leaf,be-plane-b-spine-03,E1/46,spine
51,26207,connected,,,be-plane-b-leaf-06,E1/55,leaf,be-plane-b-spine-03,E1/47,spine
51,26208,connected,,,be-plane-b-leaf-06,E1/56,leaf,be-plane-b-spine-03,E1/48,spine
51,26209,connected,,,be-plane-b-leaf-06,E1/57,leaf,be-plane-b-spine-04,E1/41,spine
51,26210,connected,,,be-plane-b-leaf-06,E1/58,leaf,be-plane-b-spine-04,E1/42,spine
51,26211,connected,,,be-plane-b-leaf-06,E1/59,leaf,be-plane-b-spine-04,E1/43,spine
51,26212,connected,,,be-plane-b-leaf-06,E1/60,leaf,be-plane-b-spine-04,E1/44,spine
51,26213,connected,,,be-plane-b-leaf-06,E1/61,leaf,be-plane-b-spine-04,E1/45,spine
51,26214,connected,,,be-plane-b-leaf-06,E1/62,leaf,be-plane-b-spine-04,E1/46,spine
51,26215,connected,,,be-plane-b-leaf-06,E1/63,leaf,be-plane-b-spine-04,E1/47,spine
51,26216,connected,,,be-plane-b-leaf-06,E1/64,leaf,be-plane-b-spine-04,E1/48,spine
51,26217,connected,,,be-plane-b-leaf-07,E1/33,leaf,be-plane-b-spine-01,E1/49,spine
51,26218,connected,,,be-plane-b-leaf-07,E1/34,leaf,be-plane-b-spine-01,E1/50,spine
51,26219,connected,,,be-plane-b-leaf-07,E1/35,leaf,be-plane-b-spine-01,E1/51,spine
51,26220,connected,,,be-plane-b-leaf-07,E1/36,leaf,be-plane-b-spine-01,E1/52,spine
51,26221,connected,,,be-plane-b-leaf-07,E1/37,leaf,be-plane-b-spine-01,E1/53,spine
51,26222,connected,,,be-plane-b-leaf-07,E1/38,leaf,be-plane-b-spine-01,E1/54,spine
51,26223,connected,,,be-plane-b-leaf-07,E1/39,leaf,be-plane-b-spine-01,E1/55,spine
51,26224,connected,,,be-plane-b-leaf-07,E1/40,leaf,be-plane-b-spine-01,E1/56,spine
51,26225,connected,,,be-plane-b-leaf-07,E1/41,leaf,be-plane-b-spine-02,E1/49,spine
51,26226,connected,,,be-plane-b-leaf-07,E1/42,leaf,be-plane-b-spine-02,E1/50,spine
51,26227,connected,,,be-plane-b-leaf-07,E1/43,leaf,be-plane-b-spine-02,E1/51,spine
51,26228,connected,,,be-plane-b-leaf-07,E1/44,leaf,be-plane-b-spine-02,E1/52,spine
51,26229,connected,,,be-plane-b-leaf-07,E1/45,leaf,be-plane-b-spine-02,E1/53,spine
51,26230,connected,,,be-plane-b-leaf-07,E1/46,leaf,be-plane-b-spine-02,E1/54,spine
51,26231,connected,,,be-plane-b-leaf-07,E1/47,leaf,be-plane-b-spine-02,E1/55,spine
51,26232,connected,,,be-plane-b-leaf-07,E1/48,leaf,be-plane-b-spine-02,E1/56,spine
51,26233,connected,,,be-plane-b-leaf-07,E1/49,leaf,be-plane-b-spine-03,E1/49,spine
51,26234,connected,,,be-plane-b-leaf-07,E1/50,leaf,be-plane-b-spine-03,E1/50,spine
51,26235,connected,,,be-plane-b-leaf-07,E1/51,leaf,be-plane-b-spine-03,E1/51,spine
51,26236,connected,,,be-plane-b-leaf-07,E1/52,leaf,be-plane-b-spine-03,E1/52,spine
51,26237,connected,,,be-plane-b-leaf-07,E1/53,leaf,be-plane-b-spine-03,E1/53,spine
51,26238,connected,,,be-plane-b-leaf-07,E1/54,leaf,be-plane-b-spine-03,E1/54,spine
51,26239,connected,,,be-plane-b-leaf-07,E1/55,leaf,be-plane-b-spine-03,E1/55,spine
51,26240,connected,,,be-plane-b-leaf-07,E1/56,leaf,be-plane-b-spine-03,E1/56,spine
51,26241,connected,,,be-plane-b-leaf-07,E1/57,leaf,be-plane-b-spine-04,E1/49,spine
51,26242,connected,,,be-plane-b-leaf-07,E1/58,leaf,be-plane-b-spine-04,E1/50,spine
51,26243,connected,,,be-plane-b-leaf-07,E1/59,leaf,be-plane-b-spine-04,E1/51,spine
51,26244,connected,,,be-plane-b-leaf-07,E1/60,leaf,be-plane-b-spine-04,E1/52,spine
51,26245,connected,,,be-plane-b-leaf-07,E1/61,leaf,be-plane-b-spine-04,E1/53,spine
51,26246,connected,,,be-plane-b-leaf-07,E1/62,leaf,be-plane-b-spine-04,E1/54,spine
51,26247,connected,,,be-plane-b-leaf-07,E1/63,leaf,be-plane-b-spine-04,E1/55,spine
51,26248,connected,,,be-plane-b-leaf-07,E1/64,leaf,be-plane-b-spine-04,E1/56,spine
51,26249,connected,,,be-plane-b-leaf-08,E1/33,leaf,be-plane-b-spine-01,E1/57,spine
51,26250,connected,,,be-plane-b-leaf-08,E1/34,leaf,be-plane-b-spine-01,E1/58,spine
51,26251,connected,,,be-plane-b-leaf-08,E1/35,leaf,be-plane-b-spine-01,E1/59,spine
51,26252,connected,,,be-plane-b-leaf-08,E1/36,leaf,be-plane-b-spine-01,E1/60,spine
51,26253,connected,,,be-plane-b-leaf-08,E1/37,leaf,be-plane-b-spine-01,E1/61,spine
51,26254,connected,,,be-plane-b-leaf-08,E1/38,leaf,be-plane-b-spine-01,E1/62,spine
51,26255,connected,,,be-plane-b-leaf-08,E1/39,leaf,be-plane-b-spine-01,E1/63,spine
51,26256,connected,,,be-plane-b-leaf-08,E1/40,leaf,be-plane-b-spine-01,E1/64,spine
51,26257,connected,,,be-plane-b-leaf-08,E1/41,leaf,be-plane-b-spine-02,E1/57,spine
51,26258,connected,,,be-plane-b-leaf-08,E1/42,leaf,be-plane-b-spine-02,E1/58,spine
51,26259,connected,,,be-plane-b-leaf-08,E1/43,leaf,be-plane-b-spine-02,E1/59,spine
51,26260,connected,,,be-plane-b-leaf-08,E1/44,leaf,be-plane-b-spine-02,E1/60,spine
51,26261,connected,,,be-plane-b-leaf-08,E1/45,leaf,be-plane-b-spine-02,E1/61,spine
51,26262,connected,,,be-plane-b-leaf-08,E1/46,leaf,be-plane-b-spine-02,E1/62,spine
51,26263,connected,,,be-plane-b-leaf-08,E1/47,leaf,be-plane-b-spine-02,E1/63,spine
51,26264,connected,,,be-plane-b-leaf-08,E1/48,leaf,be-plane-b-spine-02,E1/64,spine
51,26265,connected,,,be-plane-b-leaf-08,E1/49,leaf,be-plane-b-spine-03,E1/57,spine
51,26266,connected,,,be-plane-b-leaf-08,E1/50,leaf,be-plane-b-spine-03,E1/58,spine
51,26267,connected,,,be-plane-b-leaf-08,E1/51,leaf,be-plane-b-spine-03,E1/59,spine
51,26268,connected,,,be-plane-b-leaf-08,E1/52,leaf,be-plane-b-spine-03,E1/60,spine
51,26269,connected,,,be-plane-b-leaf-08,E1/53,leaf,be-plane-b-spine-03,E1/61,spine
51,26270,connected,,,be-plane-b-leaf-08,E1/54,leaf,be-plane-b-spine-03,E1/62,spine
51,26271,connected,,,be-plane-b-leaf-08,E1/55,leaf,be-plane-b-spine-03,E1/63,spine
51,26272,connected,,,be-plane-b-leaf-08,E1/56,leaf,be-plane-b-spine-03,E1/64,spine
51,26273,connected,,,be-plane-b-leaf-08,E1/57,leaf,be-plane-b-spine-04,E1/57,spine
51,26274,connected,,,be-plane-b-leaf-08,E1/58,leaf,be-plane-b-spine-04,E1/58,spine
51,26275,connected,,,be-plane-b-leaf-08,E1/59,leaf,be-plane-b-spine-04,E1/59,spine
51,26276,connected,,,be-plane-b-leaf-08,E1/60,leaf,be-plane-b-spine-04,E1/60,spine
51,26277,connected,,,be-plane-b-leaf-08,E1/61,leaf,be-plane-b-spine-04,E1/61,spine
51,26278,connected,,,be-plane-b-leaf-08,E1/62,leaf,be-plane-b-spine-04,E1/62,spine
51,26279,connected,,,be-plane-b-leaf-08,E1/63,leaf,be-plane-b-spine-04,E1/63,spine
51,26280,connected,,,be-plane-b-leaf-08,E1/64,leaf,be-plane-b-spine-04,E1/64,spine
51,26281,connected,,,fe-leaf-01,E1/2,leaf,fe-spine-01,E1/1,spine
51,26282,connected,,,fe-leaf-01,E1/4,leaf,fe-spine-01,E1/2,spine
51,26283,connected,,,fe-leaf-01,E1/6,leaf,fe-spine-01,E1/3,spine
51,26284,connected,,,fe-leaf-01,E1/8,leaf,fe-spine-01,E1/4,spine
51,26285,connected,,,fe-leaf-01,E1/10,leaf,fe-spine-01,E1/5,spine
51,26286,connected,,,fe-leaf-01,E1/12,leaf,fe-spine-01,E1/6,spine
51,26287,connected,,,fe-leaf-01,E1/14,leaf,fe-spine-01,E1/7,spine
51,26288,connected,,,fe-leaf-01,E1/16,leaf,fe-spine-01,E1/8,spine
51,26289,connected,,,fe-leaf-01,E1/18,leaf,fe-spine-01,E1/9,spine
51,26290,connected,,,fe-leaf-01,E1/20,leaf,fe-spine-01,E1/10,spine
51,26291,connected,,,fe-leaf-01,E1/22,leaf,fe-spine-01,E1/11,spine
51,26292,connected,,,fe-leaf-01,E1/24,leaf,fe-spine-01,E1/12,spine
51,26293,connected,,,fe-leaf-01,E1/26,leaf,fe-spine-01,E1/13,spine
51,26294,connected,,,fe-leaf-01,E1/28,leaf,fe-spine-01,E1/14,spine
51,26295,connected,,,fe-leaf-01,E1/30,leaf,fe-spine-01,E1/15,spine
51,26296,connected,,,fe-leaf-01,E1/32,leaf,fe-spine-01,E1/16,spine
51,26297,connected,,,fe-leaf-01,E1/34,leaf,fe-spine-01,E1/17,spine
51,26298,connected,,,fe-leaf-01,E1/36,leaf,fe-spine-01,E1/18,spine
51,26299,connected,,,fe-leaf-01,E1/38,leaf,fe-spine-01,E1/19,spine
51,26300,connected,,,fe-leaf-01,E1/40,leaf,fe-spine-01,E1/20,spine
51,26301,connected,,,fe-leaf-01,E1/42,leaf,fe-spine-01,E1/21,spine
51,26302,connected,,,fe-leaf-01,E1/44,leaf,fe-spine-01,E1/22,spine
51,26303,connected,,,fe-leaf-01,E1/46,leaf,fe-spine-01,E1/23,spine
51,26304,connected,,,fe-leaf-01,E1/48,leaf,fe-spine-01,E1/24,spine
51,26305,connected,,,fe-leaf-01,E1/50,leaf,fe-spine-01,E1/25,spine
51,26306,connected,,,fe-leaf-01,E1/52,leaf,fe-spine-01,E1/26,spine
51,26307,connected,,,fe-leaf-01,E1/54,leaf,fe-spine-01,E1/27,spine
51,26308,connected,,,fe-leaf-01,E1/56,leaf,fe-spine-01,E1/28,spine
51,26309,connected,,,fe-leaf-01,E1/58,leaf,fe-spine-01,E1/29,spine
51,26310,connected,,,fe-leaf-01,E1/60,leaf,fe-spine-01,E1/30,spine
51,26311,connected,,,fe-leaf-01,E1/62,leaf,fe-spine-01,E1/31,spine
51,26312,connected,,,fe-leaf-01,E1/64,leaf,fe-spine-01,E1/32,spine
51,26313,connected,,,fe-leaf-02,E1/2,leaf,fe-spine-01,E1/33,spine
51,26314,connected,,,fe-leaf-02,E1/4,leaf,fe-spine-01,E1/34,spine
51,26315,connected,,,fe-leaf-02,E1/6,leaf,fe-spine-01,E1/35,spine
51,26316,connected,,,fe-leaf-02,E1/8,leaf,fe-spine-01,E1/36,spine
51,26317,connected,,,fe-leaf-02,E1/10,leaf,fe-spine-01,E1/37,spine
51,26318,connected,,,fe-leaf-02,E1/12,leaf,fe-spine-01,E1/38,spine
51,26319,connected,,,fe-leaf-02,E1/14,leaf,fe-spine-01,E1/39,spine
51,26320,connected,,,fe-leaf-02,E1/16,leaf,fe-spine-01,E1/40,spine
51,26321,connected,,,fe-leaf-02,E1/18,leaf,fe-spine-01,E1/41,spine
51,26322,connected,,,fe-leaf-02,E1/20,leaf,fe-spine-01,E1/42,spine
51,26323,connected,,,fe-leaf-02,E1/22,leaf,fe-spine-01,E1/43,spine
51,26324,connected,,,fe-leaf-02,E1/24,leaf,fe-spine-01,E1/44,spine
51,26325,connected,,,fe-leaf-02,E1/26,leaf,fe-spine-01,E1/45,spine
51,26326,connected,,,fe-leaf-02,E1/28,leaf,fe-spine-01,E1/46,spine
51,26327,connected,,,fe-leaf-02,E1/30,leaf,fe-spine-01,E1/47,spine
51,26328,connected,,,fe-leaf-02,E1/32,leaf,fe-spine-01,E1/48,spine
51,26329,connected,,,fe-leaf-02,E1/34,leaf,fe-spine-01,E1/49,spine
51,26330,connected,,,fe-leaf-02,E1/36,leaf,fe-spine-01,E1/50,spine
51,26331,connected,,,fe-leaf-02,E1/38,leaf,fe-spine-01,E1/51,spine
51,26332,connected,,,fe-leaf-02,E1/40,leaf,fe-spine-01,E1/52,spine
51,26333,connected,,,fe-leaf-02,E1/42,leaf,fe-spine-01,E1/53,spine
51,26334,connected,,,fe-leaf-02,E1/44,leaf,fe-spine-01,E1/54,spine
51,26335,connected,,,fe-leaf-02,E1/46,leaf,fe-spine-01,E1/55,spine
51,26336,connected,,,fe-leaf-02,E1/48,leaf,fe-spine-01,E1/56,spine
51,26337,connected,,,fe-leaf-02,E1/50,leaf,fe-spine-01,E1/57,spine
51,26338,connected,,,fe-leaf-02,E1/52,leaf,fe-spine-01,E1/58,spine
51,26339,connected,,,fe-leaf-02,E1/54,leaf,fe-spine-01,E1/59,spine
51,26340,connected,,,fe-leaf-02,E1/56,leaf,fe-spine-01,E1/60,spine
51,26341,connected,,,fe-leaf-02,E1/58,leaf,fe-spine-01,E1/61,spine
51,26342,connected,,,fe-leaf-02,E1/60,leaf,fe-spine-01,E1/62,spine
51,26343,connected,,,fe-leaf-02,E1/62,leaf,fe-spine-01,E1/63,spine
51,26344,connected,,,fe-leaf-02,E1/64,leaf,fe-spine-01,E1/64,spine
