plan_id,cable_id,status,type,zone,a_device,a_interface,a_role,b_device,b_interface,b_role
52,26345,connected,,,compute-001,be0-port0,server,be-rail-leaf-01,E1/1/1,leaf
52,26346,connected,,,compute-001,be1-port0,server,be-rail-leaf-02,E1/1/1,leaf
52,26347,connected,,,compute-001,be2-port0,server,be-rail-leaf-03,E1/1/1,leaf
52,26348,connected,,,compute-001,be3-port0,server,be-rail-leaf-04,E1/1/1,leaf
52,26349,connected,,,compute-001,be4-port0,server,be-rail-leaf-05,E1/1/1,leaf
52,26350,connected,,,compute-001,be5-port0,server,be-rail-leaf-06,E1/1/1,leaf
52,26351,connected,,,compute-001,be6-port0,server,be-rail-leaf-07,E1/1/1,leaf
52,26352,connected,,,compute-001,be7-port0,server,be-rail-leaf-08,E1/1/1,leaf
52,26353,connected,,,compute-001,fe-p0,server,fe-leaf-01,E1/1/1,leaf
52,26354,connected,,,compute-001,fe-p1,server,fe-leaf-02,E1/1/1,leaf
52,26355,connected,,,compute-002,be0-port0,server,be-rail-leaf-01,E1/1/2,leaf
52,26356,connected,,,compute-002,be1-port0,server,be-rail-leaf-02,E1/1/2,leaf
52,26357,connected,,,compute-002,be2-port0,server,be-rail-leaf-03,E1/1/2,leaf
52,26358,connected,,,compute-002,be3-port0,server,be-rail-leaf-04,E1/1/2,leaf
52,26359,connected,,,compute-002,be4-port0,server,be-rail-leaf-05,E1/1/2,leaf
52,26360,connected,,,compute-002,be5-port0,server,be-rail-leaf-06,E1/1/2,leaf
52,26361,connected,,,compute-002,be6-port0,server,be-rail-leaf-07,E1/1/2,leaf
52,26362,connected,,,compute-002,be7-port0,server,be-rail-leaf-08,E1/1/2,leaf
52,26363,connected,,,compute-002,fe-p0,server,fe-leaf-01,E1/1/2,leaf
52,26364,connected,,,compute-002,fe-p1,server,fe-leaf-02,E1/1/2,leaf
52,26365,connected,,,compute-003,be0-port0,server,be-rail-leaf-01,E1/2/1,leaf
52,26366,connected,,,compute-003,be1-port0,server,be-rail-leaf-02,E1/2/1,leaf
52,26367,connected,,,compute-003,be2-port0,server,be-rail-leaf-03,E1/2/1,leaf
52,26368,connected,,,compute-003,be3-port0,server,be-rail-leaf-04,E1/2/1,leaf
52,26369,connected,,,compute-003,be4-port0,server,be-rail-leaf-05,E1/2/1,leaf
52,26370,connected,,,compute-003,be5-port0,server,be-rail-leaf-06,E1/2/1,leaf
52,26371,connected,,,compute-003,be6-port0,server,be-rail-leaf-07,E1/2/1,leaf
52,26372,connected,,,compute-003,be7-port0,server,be-rail-leaf-08,E1/2/1,leaf
52,26373,connected,,,compute-003,fe-p0,server,fe-leaf-01,E1/1/3,leaf
52,26374,connected,,,compute-003,fe-p1,server,fe-leaf-02,E1/1/3,leaf
52,26375,connected,,,compute-004,be0-port0,server,be-rail-leaf-01,E1/2/2,leaf
52,26376,connected,,,compute-004,be1-port0,server,be-rail-leaf-02,E1/2/2,leaf
52,26377,connected,,,compute-004,be2-port0,server,be-rail-leaf-03,E1/2/2,leaf
52,26378,connected,,,compute-004,be3-port0,server,be-rail-leaf-04,E1/2/2,leaf
52,26379,connected,,,compute-004,be4-port0,server,be-rail-leaf-05,E1/2/2,leaf
52,26380,connected,,,compute-004,be5-port0,server,be-rail-leaf-06,E1/2/2,leaf
52,26381,connected,,,compute-004,be6-port0,server,be-rail-leaf-07,E1/2/2,leaf
52,26382,connected,,,compute-004,be7-port0,server,be-rail-leaf-08,E1/2/2,leaf
52,26383,connected,,,compute-004,fe-p0,server,fe-leaf-01,E1/1/4,leaf
52,26384,connected,,,compute-004,fe-p1,server,fe-leaf-02,E1/1/4,leaf
52,26385,connected,,,compute-005,be0-port0,server,be-rail-leaf-01,E1/3/1,leaf
52,26386,connected,,,compute-005,be1-port0,server,be-rail-leaf-02,E1/3/1,leaf
52,26387,connected,,,compute-005,be2-port0,server,be-rail-leaf-03,E1/3/1,leaf
52,26388,connected,,,compute-005,be3-port0,server,be-rail-leaf-04,E1/3/1,leaf
52,26389,connected,,,compute-005,be4-port0,server,be-rail-leaf-05,E1/3/1,leaf
52,26390,connected,,,compute-005,be5-port0,server,be-rail-leaf-06,E1/3/1,leaf
52,26391,connected,,,compute-005,be6-port0,server,be-rail-leaf-07,E1/3/1,leaf
52,26392,connected,,,compute-005,be7-port0,server,be-rail-leaf-08,E1/3/1,leaf
52,26393,connected,,,compute-005,fe-p0,server,fe-leaf-01,E1/3/1,leaf
52,26394,connected,,,compute-005,fe-p1,server,fe-leaf-02,E1/3/1,leaf
52,26395,connected,,,compute-006,be0-port0,server,be-rail-leaf-01,E1/3/2,leaf
52,26396,connected,,,compute-006,be1-port0,server,be-rail-leaf-02,E1/3/2,leaf
52,26397,connected,,,compute-006,be2-port0,server,be-rail-leaf-03,E1/3/2,leaf
52,26398,connected,,,compute-006,be3-port0,server,be-rail-leaf-04,E1/3/2,leaf
52,26399,connected,,,compute-006,be4-port0,server,be-rail-leaf-05,E1/3/2,leaf
52,26400,connected,,,compute-006,be5-port0,server,be-rail-leaf-06,E1/3/2,leaf
52,26401,connected,,,compute-006,be6-port0,server,be-rail-leaf-07,E1/3/2,leaf
52,26402,connected,,,compute-006,be7-port0,server,be-rail-leaf-08,E1/3/2,leaf
52,26403,connected,,,compute-006,fe-p0,server,fe-leaf-01,E1/3/2,leaf
52,26404,connected,,,compute-006,fe-p1,server,fe-leaf-02,E1/3/2,leaf
52,26405,connected,,,compute-007,be0-port0,server,be-rail-leaf-01,E1/4/1,leaf
52,26406,connected,,,compute-007,be1-port0,server,be-rail-leaf-02,E1/4/1,leaf
52,26407,connected,,,compute-007,be2-port0,server,be-rail-leaf-03,E1/4/1,leaf
52,26408,connected,,,compute-007,be3-port0,server,be-rail-leaf-04,E1/4/1,leaf
52,26409,connected,,,compute-007,be4-port0,server,be-rail-leaf-05,E1/4/1,leaf
52,26410,connected,,,compute-007,be5-port0,server,be-rail-leaf-06,E1/4/1,leaf
52,26411,connected,,,compute-007,be6-port0,server,be-rail-leaf-07,E1/4/1,leaf
52,26412,connected,,,compute-007,be7-port0,server,be-rail-leaf-08,E1/4/1,leaf
52,26413,connected,,,compute-007,fe-p0,server,fe-leaf-01,E1/3/3,leaf
52,26414,connected,,,compute-007,fe-p1,server,fe-leaf-02,E1/3/3,leaf
52,26415,connected,,,compute-008,be0-port0,server,be-rail-leaf-01,E1/4/2,leaf
52,26416,connected,,,compute-008,be1-port0,server,be-rail-leaf-02,E1/4/2,leaf
52,26417,connected,,,compute-008,be2-port0,server,be-rail-leaf-03,E1/4/2,leaf
52,26418,connected,,,compute-008,be3-port0,server,be-rail-leaf-04,E1/4/2,leaf
52,26419,connected,,,compute-008,be4-port0,server,be-rail-leaf-05,E1/4/2,leaf
52,26420,connected,,,compute-008,be5-port0,server,be-rail-leaf-06,E1/4/2,leaf
52,26421,connected,,,compute-008,be6-port0,server,be-rail-leaf-07,E1/4/2,leaf
52,26422,connected,,,compute-008,be7-port0,server,be-rail-leaf-08,E1/4/2,leaf
52,26423,connected,,,compute-008,fe-p0,server,fe-leaf-01,E1/3/4,leaf
52,26424,connected,,,compute-008,fe-p1,server,fe-leaf-02,E1/3/4,leaf
52,26425,connected,,,compute-009,be0-port0,server,be-rail-leaf-01,E1/5/1,leaf
52,26426,connected,,,compute-009,be1-port0,server,be-rail-leaf-02,E1/5/1,leaf
52,26427,connected,,,compute-009,be2-port0,server,be-rail-leaf-03,E1/5/1,leaf
52,26428,connected,,,compute-009,be3-port0,server,be-rail-leaf-04,E1/5/1,leaf
52,26429,connected,,,compute-009,be4-port0,server,be-rail-leaf-05,E1/5/1,leaf
52,26430,connected,,,compute-009,be5-port0,server,be-rail-leaf-06,E1/5/1,leaf
52,26431,connected,,,compute-009,be6-port0,server,be-rail-leaf-07,E1/5/1,leaf
52,26432,connected,,,compute-009,be7-port0,server,be-rail-leaf-08,E1/5/1,leaf
52,26433,connected,,,compute-009,fe-p0,server,fe-leaf-01,E1/5/1,leaf
52,26434,connected,,,compute-009,fe-p1,server,fe-leaf-02,E1/5/1,leaf
52,26435,connected,,,compute-010,be0-port0,server,be-rail-leaf-01,E1/5/2,leaf
52,26436,connected,,,compute-010,be1-port0,server,be-rail-leaf-02,E1/5/2,leaf
52,26437,connected,,,compute-010,be2-port0,server,be-rail-leaf-03,E1/5/2,leaf
52,26438,connected,,,compute-010,be3-port0,server,be-rail-leaf-04,E1/5/2,leaf
52,26439,connected,,,compute-010,be4-port0,server,be-rail-leaf-05,E1/5/2,leaf
52,26440,connected,,,compute-010,be5-port0,server,be-rail-leaf-06,E1/5/2,leaf
52,26441,connected,,,compute-010,be6-port0,server,be-rail-leaf-07,E1/5/2,leaf
52,26442,connected,,,compute-010,be7-port0,server,be-rail-leaf-08,E1/5/2,leaf
52,26443,connected,,,compute-010,fe-p0,server,fe-leaf-01,E1/5/2,leaf
52,26444,connected,,,compute-010,fe-p1,server,fe-leaf-02,E1/5/2,leaf
52,26445,connected,,,compute-011,be0-port0,server,be-rail-leaf-01,E1/6/1,leaf
52,26446,connected,,,compute-011,be1-port0,server,be-rail-leaf-02,E1/6/1,leaf
52,26447,connected,,,compute-011,be2-port0,server,be-rail-leaf-03,E1/6/1,leaf
52,26448,connected,,,compute-011,be3-port0,server,be-rail-leaf-04,E1/6/1,leaf
52,26449,connected,,,compute-011,be4-port0,server,be-rail-leaf-05,E1/6/1,leaf
52,26450,connected,,,compute-011,be5-port0,server,be-rail-leaf-06,E1/6/1,leaf
52,26451,connected,,,compute-011,be6-port0,server,be-rail-leaf-07,E1/6/1,leaf
52,26452,connected,,,compute-011,be7-port0,server,be-rail-leaf-08,E1/6/1,leaf
52,26453,connected,,,compute-011,fe-p0,server,fe-leaf-01,E1/5/3,leaf
52,26454,connected,,,compute-011,fe-p1,server,fe-leaf-02,E1/5/3,leaf
52,26455,connected,,,compute-012,be0-port0,server,be-rail-leaf-01,E1/6/2,leaf
52,26456,connected,,,compute-012,be1-port0,server,be-rail-leaf-02,E1/6/2,leaf
52,26457,connected,,,compute-012,be2-port0,server,be-rail-leaf-03,E1/6/2,leaf
52,26458,connected,,,compute-012,be3-port0,server,be-rail-leaf-04,E1/6/2,leaf
52,26459,connected,,,compute-012,be4-port0,server,be-rail-leaf-05,E1/6/2,leaf
52,26460,connected,,,compute-012,be5-port0,server,be-rail-leaf-06,E1/6/2,leaf
52,26461,connected,,,compute-012,be6-port0,server,be-rail-leaf-07,E1/6/2,leaf
52,26462,connected,,,compute-012,be7-port0,server,be-rail-leaf-08,E1/6/2,leaf
52,26463,connected,,,compute-012,fe-p0,server,fe-leaf-01,E1/5/4,leaf
52,26464,connected,,,compute-012,fe-p1,server,fe-leaf-02,E1/5/4,leaf
52,26465,connected,,,compute-013,be0-port0,server,be-rail-leaf-01,E1/7/1,leaf
52,26466,connected,,,compute-013,be1-port0,server,be-rail-leaf-02,E1/7/1,leaf
52,26467,connected,,,compute-013,be2-port0,server,be-rail-leaf-03,E1/7/1,leaf
52,26468,connected,,,compute-013,be3-port0,server,be-rail-leaf-04,E1/7/1,leaf
52,26469,connected,,,compute-013,be4-port0,server,be-rail-leaf-05,E1/7/1,leaf
52,26470,connected,,,compute-013,be5-port0,server,be-rail-leaf-06,E1/7/1,leaf
52,26471,connected,,,compute-013,be6-port0,server,be-rail-leaf-07,E1/7/1,leaf
52,26472,connected,,,compute-013,be7-port0,server,be-rail-leaf-08,E1/7/1,leaf
52,26473,connected,,,compute-013,fe-p0,server,fe-leaf-01,E1/7/1,leaf
52,26474,connected,,,compute-013,fe-p1,server,fe-leaf-02,E1/7/1,leaf
52,26475,connected,,,compute-014,be0-port0,server,be-rail-leaf-01,E1/7/2,leaf
52,26476,connected,,,compute-014,be1-port0,server,be-rail-leaf-02,E1/7/2,leaf
52,26477,connected,,,compute-014,be2-port0,server,be-rail-leaf-03,E1/7/2,leaf
52,26478,connected,,,compute-014,be3-port0,server,be-rail-leaf-04,E1/7/2,leaf
52,26479,connected,,,compute-014,be4-port0,server,be-rail-leaf-05,E1/7/2,leaf
52,26480,connected,,,compute-014,be5-port0,server,be-rail-leaf-06,E1/7/2,leaf
52,26481,connected,,,compute-014,be6-port0,server,be-rail-leaf-07,E1/7/2,leaf
52,26482,connected,,,compute-014,be7-port0,server,be-rail-leaf-08,E1/7/2,leaf
52,26483,connected,,,compute-014,fe-p0,server,fe-leaf-01,E1/7/2,leaf
52,26484,connected,,,compute-014,fe-p1,server,fe-leaf-02,E1/7/2,leaf
52,26485,connected,,,compute-015,be0-port0,server,be-rail-leaf-01,E1/8/1,leaf
52,26486,connected,,,compute-015,be1-port0,server,be-rail-leaf-02,E1/8/1,leaf
52,26487,connected,,,compute-015,be2-port0,server,be-rail-leaf-03,E1/8/1,leaf
52,26488,connected,,,compute-015,be3-port0,server,be-rail-leaf-04,E1/8/1,leaf
52,26489,connected,,,compute-015,be4-port0,server,be-rail-leaf-05,E1/8/1,leaf
52,26490,connected,,,compute-015,be5-port0,server,be-rail-leaf-06,E1/8/1,leaf
52,26491,connected,,,compute-015,be6-port0,server,be-rail-leaf-07,E1/8/1,leaf
52,26492,connected,,,compute-015,be7-port0,server,be-rail-leaf-08,E1/8/1,leaf
52,26493,connected,,,compute-015,fe-p0,server,fe-leaf-01,E1/7/3,leaf
52,26494,connected,,,compute-015,fe-p1,server,fe-leaf-02,E1/7/3,leaf
52,26495,connected,,,compute-016,be0-port0,server,be-rail-leaf-01,E1/8/2,leaf
52,26496,connected,,,compute-016,be1-port0,server,be-rail-leaf-02,E1/8/2,leaf
52,26497,connected,,,compute-016,be2-port0,server,be-rail-leaf-03,E1/8/2,leaf
52,26498,connected,,,compute-016,be3-port0,server,be-rail-leaf-04,E1/8/2,leaf
52,26499,connected,,,compute-016,be4-port0,server,be-rail-leaf-05,E1/8/2,leaf
52,26500,connected,,,compute-016,be5-port0,server,be-rail-leaf-06,E1/8/2,leaf
52,26501,connected,,,compute-016,be6-port0,server,be-rail-leaf-07,E1/8/2,leaf
52,26502,connected,,,compute-016,be7-port0,server,be-rail-leaf-08,E1/8/2,leaf
52,26503,connected,,,compute-016,fe-p0,server,fe-leaf-01,E1/7/4,leaf
52,26504,connected,,,compute-016,fe-p1,server,fe-leaf-02,E1/7/4,leaf
52,26505,connected,,,compute-017,be0-port0,server,be-rail-leaf-01,E1/9/1,leaf
52,26506,connected,,,compute-017,be1-port0,server,be-rail-leaf-02,E1/9/1,leaf
52,26507,connected,,,compute-017,be2-port0,server,be-rail-leaf-03,E1/9/1,leaf
52,26508,connected,,,compute-017,be3-port0,server,be-rail-leaf-04,E1/9/1,leaf
52,26509,connected,,,compute-017,be4-port0,server,be-rail-leaf-05,E1/9/1,leaf
52,26510,connected,,,compute-017,be5-port0,server,be-rail-leaf-06,E1/9/1,leaf
52,26511,connected,,,compute-017,be6-port0,server,be-rail-leaf-07,E1/9/1,leaf
52,26512,connected,,,compute-017,be7-port0,server,be-rail-leaf-08,E1/9/1,leaf
52,26513,connected,,,compute-017,fe-p0,server,fe-leaf-01,E1/9/1,leaf
52,26514,connected,,,compute-017,fe-p1,server,fe-leaf-02,E1/9/1,leaf
52,26515,connected,,,compute-018,be0-port0,server,be-rail-leaf-01,E1/9/2,leaf
52,26516,connected,,,compute-018,be1-port0,server,be-rail-leaf-02,E1/9/2,leaf
52,26517,connected,,,compute-018,be2-port0,server,be-rail-leaf-03,E1/9/2,leaf
52,26518,connected,,,compute-018,be3-port0,server,be-rail-leaf-04,E1/9/2,leaf
52,26519,connected,,,compute-018,be4-port0,server,be-rail-leaf-05,E1/9/2,leaf
52,26520,connected,,,compute-018,be5-port0,server,be-rail-leaf-06,E1/9/2,leaf
52,26521,connected,,,compute-018,be6-port0,server,be-rail-leaf-07,E1/9/2,leaf
52,26522,connected,,,compute-018,be7-port0,server,be-rail-leaf-08,E1/9/2,leaf
52,26523,connected,,,compute-018,fe-p0,server,fe-leaf-01,E1/9/2,leaf
52,26524,connected,,,compute-018,fe-p1,server,fe-leaf-02,E1/9/2,leaf
52,26525,connected,,,compute-019,be0-port0,server,be-rail-leaf-01,E1/10/1,leaf
52,26526,connected,,,compute-019,be1-port0,server,be-rail-leaf-02,E1/10/1,leaf
52,26527,connected,,,compute-019,be2-port0,server,be-rail-leaf-03,E1/10/1,leaf
52,26528,connected,,,compute-019,be3-port0,server,be-rail-leaf-04,E1/10/1,leaf
52,26529,connected,,,compute-019,be4-port0,server,be-rail-leaf-05,E1/10/1,leaf
52,26530,connected,,,compute-019,be5-port0,server,be-rail-leaf-06,E1/10/1,leaf
52,26531,connected,,,compute-019,be6-port0,server,be-rail-leaf-07,E1/10/1,leaf
52,26532,connected,,,compute-019,be7-port0,server,be-rail-leaf-08,E1/10/1,leaf
52,26533,connected,,,compute-019,fe-p0,server,fe-leaf-01,E1/9/3,leaf
52,26534,connected,,,compute-019,fe-p1,server,fe-leaf-02,E1/9/3,leaf
52,26535,connected,,,compute-020,be0-port0,server,be-rail-leaf-01,E1/10/2,leaf
52,26536,connected,,,compute-020,be1-port0,server,be-rail-leaf-02,E1/10/2,leaf
52,26537,connected,,,compute-020,be2-port0,server,be-rail-leaf-03,E1/10/2,leaf
52,26538,connected,,,compute-020,be3-port0,server,be-rail-leaf-04,E1/10/2,leaf
52,26539,connected,,,compute-020,be4-port0,server,be-rail-leaf-05,E1/10/2,leaf
52,26540,connected,,,compute-020,be5-port0,server,be-rail-leaf-06,E1/10/2,leaf
52,26541,connected,,,compute-020,be6-port0,server,be-rail-leaf-07,E1/10/2,leaf
52,26542,connected,,,compute-020,be7-port0,server,be-rail-leaf-08,E1/10/2,leaf
52,26543,connected,,,compute-020,fe-p0,server,fe-leaf-01,E1/9/4,leaf
52,26544,connected,,,compute-020,fe-p1,server,fe-leaf-02,E1/9/4,leaf
52,26545,connected,,,compute-021,be0-port0,server,be-rail-leaf-01,E1/11/1,leaf
52,26546,connected,,,compute-021,be1-port0,server,be-rail-leaf-02,E1/11/1,leaf
52,26547,connected,,,compute-021,be2-port0,server,be-rail-leaf-03,E1/11/1,leaf
52,26548,connected,,,compute-021,be3-port0,server,be-rail-leaf-04,E1/11/1,leaf
52,26549,connected,,,compute-021,be4-port0,server,be-rail-leaf-05,E1/11/1,leaf
52,26550,connected,,,compute-021,be5-port0,server,be-rail-leaf-06,E1/11/1,leaf
52,26551,connected,,,compute-021,be6-port0,server,be-rail-leaf-07,E1/11/1,leaf
52,26552,connected,,,compute-021,be7-port0,server,be-rail-leaf-08,E1/11/1,leaf
52,26553,connected,,,compute-021,fe-p0,server,fe-leaf-01,E1/11/1,leaf
52,26554,connected,,,compute-021,fe-p1,server,fe-leaf-02,E1/11/1,leaf
52,26555,connected,,,compute-022,be0-port0,server,be-rail-leaf-01,E1/11/2,leaf
52,26556,connected,,,compute-022,be1-port0,server,be-rail-leaf-02,E1/11/2,leaf
52,26557,connected,,,compute-022,be2-port0,server,be-rail-leaf-03,E1/11/2,leaf
52,26558,connected,,,compute-022,be3-port0,server,be-rail-leaf-04,E1/11/2,leaf
52,26559,connected,,,compute-022,be4-port0,server,be-rail-leaf-05,E1/11/2,leaf
52,26560,connected,,,compute-022,be5-port0,server,be-rail-leaf-06,E1/11/2,leaf
52,26561,connected,,,compute-022,be6-port0,server,be-rail-leaf-07,E1/11/2,leaf
52,26562,connected,,,compute-022,be7-port0,server,be-rail-leaf-08,E1/11/2,leaf
52,26563,connected,,,compute-022,fe-p0,server,fe-leaf-01,E1/11/2,leaf
52,26564,connected,,,compute-022,fe-p1,server,fe-leaf-02,E1/11/2,leaf
52,26565,connected,,,compute-023,be0-port0,server,be-rail-leaf-01,E1/12/1,leaf
52,26566,connected,,,compute-023,be1-port0,server,be-rail-leaf-02,E1/12/1,leaf
52,26567,connected,,,compute-023,be2-port0,server,be-rail-leaf-03,E1/12/1,leaf
52,26568,connected,,,compute-023,be3-port0,server,be-rail-leaf-04,E1/12/1,leaf
52,26569,connected,,,compute-023,be4-port0,server,be-rail-leaf-05,E1/12/1,leaf
52,26570,connected,,,compute-023,be5-port0,server,be-rail-leaf-06,E1/12/1,leaf
52,26571,connected,,,compute-023,be6-port0,server,be-rail-leaf-07,E1/12/1,leaf
52,26572,connected,,,compute-023,be7-port0,server,be-rail-leaf-08,E1/12/1,leaf
52,26573,connected,,,compute-023,fe-p0,server,fe-leaf-01,E1/11/3,leaf
52,26574,connected,,,compute-023,fe-p1,server,fe-leaf-02,E1/11/3,leaf
52,26575,connected,,,compute-024,be0-port0,server,be-rail-leaf-01,E1/12/2,leaf
52,26576,connected,,,compute-024,be1-port0,server,be-rail-leaf-02,E1/12/2,leaf
52,26577,connected,,,compute-024,be2-port0,server,be-rail-leaf-03,E1/12/2,leaf
52,26578,connected,,,compute-024,be3-port0,server,be-rail-leaf-04,E1/12/2,leaf
52,26579,connected,,,compute-024,be4-port0,server,be-rail-leaf-05,E1/12/2,leaf
52,26580,connected,,,compute-024,be5-port0,server,be-rail-leaf-06,E1/12/2,leaf
52,26581,connected,,,compute-024,be6-port0,server,be-rail-leaf-07,E1/12/2,leaf
52,26582,connected,,,compute-024,be7-port0,server,be-rail-leaf-08,E1/12/2,leaf
52,26583,connected,,,compute-024,fe-p0,server,fe-leaf-01,E1/11/4,leaf
52,26584,connected,,,compute-024,fe-p1,server,fe-leaf-02,E1/11/4,leaf
52,26585,connected,,,compute-025,be0-port0,server,be-rail-leaf-01,E1/13/1,leaf
52,26586,connected,,,compute-025,be1-port0,server,be-rail-leaf-02,E1/13/1,leaf
52,26587,connected,,,compute-025,be2-port0,server,be-rail-leaf-03,E1/13/1,leaf
52,26588,connected,,,compute-025,be3-port0,server,be-rail-leaf-04,E1/13/1,leaf
52,26589,connected,,,compute-025,be4-port0,server,be-rail-leaf-05,E1/13/1,leaf
52,26590,connected,,,compute-025,be5-port0,server,be-rail-leaf-06,E1/13/1,leaf
52,26591,connected,,,compute-025,be6-port0,server,be-rail-leaf-07,E1/13/1,leaf
52,26592,connected,,,compute-025,be7-port0,server,be-rail-leaf-08,E1/13/1,leaf
52,26593,connected,,,compute-025,fe-p0,server,fe-leaf-01,E1/13/1,leaf
52,26594,connected,,,compute-025,fe-p1,server,fe-leaf-02,E1/13/1,leaf
52,26595,connected,,,compute-026,be0-port0,server,be-rail-leaf-01,E1/13/2,leaf
52,26596,connected,,,compute-026,be1-port0,server,be-rail-leaf-02,E1/13/2,leaf
52,26597,connected,,,compute-026,be2-port0,server,be-rail-leaf-03,E1/13/2,leaf
52,26598,connected,,,compute-026,be3-port0,server,be-rail-leaf-04,E1/13/2,leaf
52,26599,connected,,,compute-026,be4-port0,server,be-rail-leaf-05,E1/13/2,leaf
52,26600,connected,,,compute-026,be5-port0,server,be-rail-leaf-06,E1/13/2,leaf
52,26601,connected,,,compute-026,be6-port0,server,be-rail-leaf-07,E1/13/2,leaf
52,26602,connected,,,compute-026,be7-port0,server,be-rail-leaf-08,E1/13/2,leaf
52,26603,connected,,,compute-026,fe-p0,server,fe-leaf-01,E1/13/2,leaf
52,26604,connected,,,compute-026,fe-p1,server,fe-leaf-02,E1/13/2,leaf
52,26605,connected,,,compute-027,be0-port0,server,be-rail-leaf-01,E1/14/1,leaf
52,26606,connected,,,compute-027,be1-port0,server,be-rail-leaf-02,E1/14/1,leaf
52,26607,connected,,,compute-027,be2-port0,server,be-rail-leaf-03,E1/14/1,leaf
52,26608,connected,,,compute-027,be3-port0,server,be-rail-leaf-04,E1/14/1,leaf
52,26609,connected,,,compute-027,be4-port0,server,be-rail-leaf-05,E1/14/1,leaf
52,26610,connected,,,compute-027,be5-port0,server,be-rail-leaf-06,E1/14/1,leaf
52,26611,connected,,,compute-027,be6-port0,server,be-rail-leaf-07,E1/14/1,leaf
52,26612,connected,,,compute-027,be7-port0,server,be-rail-leaf-08,E1/14/1,leaf
52,26613,connected,,,compute-027,fe-p0,server,fe-leaf-01,E1/13/3,leaf
52,26614,connected,,,compute-027,fe-p1,server,fe-leaf-02,E1/13/3,leaf
52,26615,connected,,,compute-028,be0-port0,server,be-rail-leaf-01,E1/14/2,leaf
52,26616,connected,,,compute-028,be1-port0,server,be-rail-leaf-02,E1/14/2,leaf
52,26617,connected,,,compute-028,be2-port0,server,be-rail-leaf-03,E1/14/2,leaf
52,26618,connected,,,compute-028,be3-port0,server,be-rail-leaf-04,E1/14/2,leaf
52,26619,connected,,,compute-028,be4-port0,server,be-rail-leaf-05,E1/14/2,leaf
52,26620,connected,,,compute-028,be5-port0,server,be-rail-leaf-06,E1/14/2,leaf
52,26621,connected,,,compute-028,be6-port0,server,be-rail-leaf-07,E1/14/2,leaf
52,26622,connected,,,compute-028,be7-port0,server,be-rail-leaf-08,E1/14/2,leaf
52,26623,connected,,,compute-028,fe-p0,server,fe-leaf-01,E1/13/4,leaf
52,26624,connected,,,compute-028,fe-p1,server,fe-leaf-02,E1/13/4,leaf
52,26625,connected,,,compute-029,be0-port0,server,be-rail-leaf-01,E1/15/1,leaf
52,26626,connected,,,compute-029,be1-port0,server,be-rail-leaf-02,E1/15/1,leaf
52,26627,connected,,,compute-029,be2-port0,server,be-rail-leaf-03,E1/15/1,leaf
52,26628,connected,,,compute-029,be3-port0,server,be-rail-leaf-04,E1/15/1,leaf
52,26629,connected,,,compute-029,be4-port0,server,be-rail-leaf-05,E1/15/1,leaf
52,26630,connected,,,compute-029,be5-port0,server,be-rail-leaf-06,E1/15/1,leaf
52,26631,connected,,,compute-029,be6-port0,server,be-rail-leaf-07,E1/15/1,leaf
52,26632,connected,,,compute-029,be7-port0,server,be-rail-leaf-08,E1/15/1,leaf
52,26633,connected,,,compute-029,fe-p0,server,fe-leaf-01,E1/15/1,leaf
52,26634,connected,,,compute-029,fe-p1,server,fe-leaf-02,E1/15/1,leaf
52,26635,connected,,,compute-030,be0-port0,server,be-rail-leaf-01,E1/15/2,leaf
52,26636,connected,,,compute-030,be1-port0,server,be-rail-leaf-02,E1/15/2,leaf
52,26637,connected,,,compute-030,be2-port0,server,be-rail-leaf-03,E1/15/2,leaf
52,26638,connected,,,compute-030,be3-port0,server,be-rail-leaf-04,E1/15/2,leaf
52,26639,connected,,,compute-030,be4-port0,server,be-rail-leaf-05,E1/15/2,leaf
52,26640,connected,,,compute-030,be5-port0,server,be-rail-leaf-06,E1/15/2,leaf
52,26641,connected,,,compute-030,be6-port0,server,be-rail-leaf-07,E1/15/2,leaf
52,26642,connected,,,compute-030,be7-port0,server,be-rail-leaf-08,E1/15/2,leaf
52,26643,connected,,,compute-030,fe-p0,server,fe-leaf-01,E1/15/2,leaf
52,26644,connected,,,compute-030,fe-p1,server,fe-leaf-02,E1/15/2,leaf
52,26645,connected,,,compute-031,be0-port0,server,be-rail-leaf-01,E1/16/1,leaf
52,26646,connected,,,compute-031,be1-port0,server,be-rail-leaf-02,E1/16/1,leaf
52,26647,connected,,,compute-031,be2-port0,server,be-rail-leaf-03,E1/16/1,leaf
52,26648,connected,,,compute-031,be3-port0,server,be-rail-leaf-04,E1/16/1,leaf
52,26649,connected,,,compute-031,be4-port0,server,be-rail-leaf-05,E1/16/1,leaf
52,26650,connected,,,compute-031,be5-port0,server,be-rail-leaf-06,E1/16/1,leaf
52,26651,connected,,,compute-031,be6-port0,server,be-rail-leaf-07,E1/16/1,leaf
52,26652,connected,,,compute-031,be7-port0,server,be-rail-leaf-08,E1/16/1,leaf
52,26653,connected,,,compute-031,fe-p0,server,fe-leaf-01,E1/15/3,leaf
52,26654,connected,,,compute-031,fe-p1,server,fe-leaf-02,E1/15/3,leaf
52,26655,connected,,,compute-032,be0-port0,server,be-rail-leaf-01,E1/16/2,leaf
52,26656,connected,,,compute-032,be1-port0,server,be-rail-leaf-02,E1/16/2,leaf
52,26657,connected,,,compute-032,be2-port0,server,be-rail-leaf-03,E1/16/2,leaf
52,26658,connected,,,compute-032,be3-port0,server,be-rail-leaf-04,E1/16/2,leaf
52,26659,connected,,,compute-032,be4-port0,server,be-rail-leaf-05,E1/16/2,leaf
52,26660,connected,,,compute-032,be5-port0,server,be-rail-leaf-06,E1/16/2,leaf
52,26661,connected,,,compute-032,be6-port0,server,be-rail-leaf-07,E1/16/2,leaf
52,26662,connected,,,compute-032,be7-port0,server,be-rail-leaf-08,E1/16/2,leaf
52,26663,connected,,,compute-032,fe-p0,server,fe-leaf-01,E1/15/4,leaf
52,26664,connected,,,compute-032,fe-p1,server,fe-leaf-02,E1/15/4,leaf
52,26665,connected,,,compute-033,be0-port0,server,be-rail-leaf-01,E1/17/1,leaf
52,26666,connected,,,compute-033,be1-port0,server,be-rail-leaf-02,E1/17/1,leaf
52,26667,connected,,,compute-033,be2-port0,server,be-rail-leaf-03,E1/17/1,leaf
52,26668,connected,,,compute-033,be3-port0,server,be-rail-leaf-04,E1/17/1,leaf
52,26669,connected,,,compute-033,be4-port0,server,be-rail-leaf-05,E1/17/1,leaf
52,26670,connected,,,compute-033,be5-port0,server,be-rail-leaf-06,E1/17/1,leaf
52,26671,connected,,,compute-033,be6-port0,server,be-rail-leaf-07,E1/17/1,leaf
52,26672,connected,,,compute-033,be7-port0,server,be-rail-leaf-08,E1/17/1,leaf
52,26673,connected,,,compute-033,fe-p0,server,fe-leaf-01,E1/17/1,leaf
52,26674,connected,,,compute-033,fe-p1,server,fe-leaf-02,E1/17/1,leaf
52,26675,connected,,,compute-034,be0-port0,server,be-rail-leaf-01,E1/17/2,leaf
52,26676,connected,,,compute-034,be1-port0,server,be-rail-leaf-02,E1/17/2,leaf
52,26677,connected,,,compute-034,be2-port0,server,be-rail-leaf-03,E1/17/2,leaf
52,26678,connected,,,compute-034,be3-port0,server,be-rail-leaf-04,E1/17/2,leaf
52,26679,connected,,,compute-034,be4-port0,server,be-rail-leaf-05,E1/17/2,leaf
52,26680,connected,,,compute-034,be5-port0,server,be-rail-leaf-06,E1/17/2,leaf
52,26681,connected,,,compute-034,be6-port0,server,be-rail-leaf-07,E1/17/2,leaf
52,26682,connected,,,compute-034,be7-port0,server,be-rail-leaf-08,E1/17/2,leaf
52,26683,connected,,,compute-034,fe-p0,server,fe-leaf-01,E1/17/2,leaf
52,26684,connected,,,compute-034,fe-p1,server,fe-leaf-02,E1/17/2,leaf
52,26685,connected,,,compute-035,be0-port0,server,be-rail-leaf-01,E1/18/1,leaf
52,26686,connected,,,compute-035,be1-port0,server,be-rail-leaf-02,E1/18/1,leaf
52,26687,connected,,,compute-035,be2-port0,server,be-rail-leaf-03,E1/18/1,leaf
52,26688,connected,,,compute-035,be3-port0,server,be-rail-leaf-04,E1/18/1,leaf
52,26689,connected,,,compute-035,be4-port0,server,be-rail-leaf-05,E1/18/1,leaf
52,26690,connected,,,compute-035,be5-port0,server,be-rail-leaf-06,E1/18/1,leaf
52,26691,connected,,,compute-035,be6-port0,server,be-rail-leaf-07,E1/18/1,leaf
52,26692,connected,,,compute-035,be7-port0,server,be-rail-leaf-08,E1/18/1,leaf
52,26693,connected,,,compute-035,fe-p0,server,fe-leaf-01,E1/17/3,leaf
52,26694,connected,,,compute-035,fe-p1,server,fe-leaf-02,E1/17/3,leaf
52,26695,connected,,,compute-036,be0-port0,server,be-rail-leaf-01,E1/18/2,leaf
52,26696,connected,,,compute-036,be1-port0,server,be-rail-leaf-02,E1/18/2,leaf
52,26697,connected,,,compute-036,be2-port0,server,be-rail-leaf-03,E1/18/2,leaf
52,26698,connected,,,compute-036,be3-port0,server,be-rail-leaf-04,E1/18/2,leaf
52,26699,connected,,,compute-036,be4-port0,server,be-rail-leaf-05,E1/18/2,leaf
52,26700,connected,,,compute-036,be5-port0,server,be-rail-leaf-06,E1/18/2,leaf
52,26701,connected,,,compute-036,be6-port0,server,be-rail-leaf-07,E1/18/2,leaf
52,26702,connected,,,compute-036,be7-port0,server,be-rail-leaf-08,E1/18/2,leaf
52,26703,connected,,,compute-036,fe-p0,server,fe-leaf-01,E1/17/4,leaf
52,26704,connected,,,compute-036,fe-p1,server,fe-leaf-02,E1/17/4,leaf
52,26705,connected,,,compute-037,be0-port0,server,be-rail-leaf-01,E1/19/1,leaf
52,26706,connected,,,compute-037,be1-port0,server,be-rail-leaf-02,E1/19/1,leaf
52,26707,connected,,,compute-037,be2-port0,server,be-rail-leaf-03,E1/19/1,leaf
52,26708,connected,,,compute-037,be3-port0,server,be-rail-leaf-04,E1/19/1,leaf
52,26709,connected,,,compute-037,be4-port0,server,be-rail-leaf-05,E1/19/1,leaf
52,26710,connected,,,compute-037,be5-port0,server,be-rail-leaf-06,E1/19/1,leaf
52,26711,connected,,,compute-037,be6-port0,server,be-rail-leaf-07,E1/19/1,leaf
52,26712,connected,,,compute-037,be7-port0,server,be-rail-leaf-08,E1/19/1,leaf
52,26713,connected,,,compute-037,fe-p0,server,fe-leaf-01,E1/19/1,leaf
52,26714,connected,,,compute-037,fe-p1,server,fe-leaf-02,E1/19/1,leaf
52,26715,connected,,,compute-038,be0-port0,server,be-rail-leaf-01,E1/19/2,leaf
52,26716,connected,,,compute-038,be1-port0,server,be-rail-leaf-02,E1/19/2,leaf
52,26717,connected,,,compute-038,be2-port0,server,be-rail-leaf-03,E1/19/2,leaf
52,26718,connected,,,compute-038,be3-port0,server,be-rail-leaf-04,E1/19/2,leaf
52,26719,connected,,,compute-038,be4-port0,server,be-rail-leaf-05,E1/19/2,leaf
52,26720,connected,,,compute-038,be5-port0,server,be-rail-leaf-06,E1/19/2,leaf
52,26721,connected,,,compute-038,be6-port0,server,be-rail-leaf-07,E1/19/2,leaf
52,26722,connected,,,compute-038,be7-port0,server,be-rail-leaf-08,E1/19/2,leaf
52,26723,connected,,,compute-038,fe-p0,server,fe-leaf-01,E1/19/2,leaf
52,26724,connected,,,compute-038,fe-p1,server,fe-leaf-02,E1/19/2,leaf
52,26725,connected,,,compute-039,be0-port0,server,be-rail-leaf-01,E1/20/1,leaf
52,26726,connected,,,compute-039,be1-port0,server,be-rail-leaf-02,E1/20/1,leaf
52,26727,connected,,,compute-039,be2-port0,server,be-rail-leaf-03,E1/20/1,leaf
52,26728,connected,,,compute-039,be3-port0,server,be-rail-leaf-04,E1/20/1,leaf
52,26729,connected,,,compute-039,be4-port0,server,be-rail-leaf-05,E1/20/1,leaf
52,26730,connected,,,compute-039,be5-port0,server,be-rail-leaf-06,E1/20/1,leaf
52,26731,connected,,,compute-039,be6-port0,server,be-rail-leaf-07,E1/20/1,leaf
52,26732,connected,,,compute-039,be7-port0,server,be-rail-leaf-08,E1/20/1,leaf
52,26733,connected,,,compute-039,fe-p0,server,fe-leaf-01,E1/19/3,leaf
52,26734,connected,,,compute-039,fe-p1,server,fe-leaf-02,E1/19/3,leaf
52,26735,connected,,,compute-040,be0-port0,server,be-rail-leaf-01,E1/20/2,leaf
52,26736,connected,,,compute-040,be1-port0,server,be-rail-leaf-02,E1/20/2,leaf
52,26737,connected,,,compute-040,be2-port0,server,be-rail-leaf-03,E1/20/2,leaf
52,26738,connected,,,compute-040,be3-port0,server,be-rail-leaf-04,E1/20/2,leaf
52,26739,connected,,,compute-040,be4-port0,server,be-rail-leaf-05,E1/20/2,leaf
52,26740,connected,,,compute-040,be5-port0,server,be-rail-leaf-06,E1/20/2,leaf
52,26741,connected,,,compute-040,be6-port0,server,be-rail-leaf-07,E1/20/2,leaf
52,26742,connected,,,compute-040,be7-port0,server,be-rail-leaf-08,E1/20/2,leaf
52,26743,connected,,,compute-040,fe-p0,server,fe-leaf-01,E1/19/4,leaf
52,26744,connected,,,compute-040,fe-p1,server,fe-leaf-02,E1/19/4,leaf
52,26745,connected,,,compute-041,be0-port0,server,be-rail-leaf-01,E1/21/1,leaf
52,26746,connected,,,compute-041,be1-port0,server,be-rail-leaf-02,E1/21/1,leaf
52,26747,connected,,,compute-041,be2-port0,server,be-rail-leaf-03,E1/21/1,leaf
52,26748,connected,,,compute-041,be3-port0,server,be-rail-leaf-04,E1/21/1,leaf
52,26749,connected,,,compute-041,be4-port0,server,be-rail-leaf-05,E1/21/1,leaf
52,26750,connected,,,compute-041,be5-port0,server,be-rail-leaf-06,E1/21/1,leaf
52,26751,connected,,,compute-041,be6-port0,server,be-rail-leaf-07,E1/21/1,leaf
52,26752,connected,,,compute-041,be7-port0,server,be-rail-leaf-08,E1/21/1,leaf
52,26753,connected,,,compute-041,fe-p0,server,fe-leaf-01,E1/21/1,leaf
52,26754,connected,,,compute-041,fe-p1,server,fe-leaf-02,E1/21/1,leaf
52,26755,connected,,,compute-042,be0-port0,server,be-rail-leaf-01,E1/21/2,leaf
52,26756,connected,,,compute-042,be1-port0,server,be-rail-leaf-02,E1/21/2,leaf
52,26757,connected,,,compute-042,be2-port0,server,be-rail-leaf-03,E1/21/2,leaf
52,26758,connected,,,compute-042,be3-port0,server,be-rail-leaf-04,E1/21/2,leaf
52,26759,connected,,,compute-042,be4-port0,server,be-rail-leaf-05,E1/21/2,leaf
52,26760,connected,,,compute-042,be5-port0,server,be-rail-leaf-06,E1/21/2,leaf
52,26761,connected,,,compute-042,be6-port0,server,be-rail-leaf-07,E1/21/2,leaf
52,26762,connected,,,compute-042,be7-port0,server,be-rail-leaf-08,E1/21/2,leaf
52,26763,connected,,,compute-042,fe-p0,server,fe-leaf-01,E1/21/2,leaf
52,26764,connected,,,compute-042,fe-p1,server,fe-leaf-02,E1/21/2,leaf
52,26765,connected,,,compute-043,be0-port0,server,be-rail-leaf-01,E1/22/1,leaf
52,26766,connected,,,compute-043,be1-port0,server,be-rail-leaf-02,E1/22/1,leaf
52,26767,connected,,,compute-043,be2-port0,server,be-rail-leaf-03,E1/22/1,leaf
52,26768,connected,,,compute-043,be3-port0,server,be-rail-leaf-04,E1/22/1,leaf
52,26769,connected,,,compute-043,be4-port0,server,be-rail-leaf-05,E1/22/1,leaf
52,26770,connected,,,compute-043,be5-port0,server,be-rail-leaf-06,E1/22/1,leaf
52,26771,connected,,,compute-043,be6-port0,server,be-rail-leaf-07,E1/22/1,leaf
52,26772,connected,,,compute-043,be7-port0,server,be-rail-leaf-08,E1/22/1,leaf
52,26773,connected,,,compute-043,fe-p0,server,fe-leaf-01,E1/21/3,leaf
52,26774,connected,,,compute-043,fe-p1,server,fe-leaf-02,E1/21/3,leaf
52,26775,connected,,,compute-044,be0-port0,server,be-rail-leaf-01,E1/22/2,leaf
52,26776,connected,,,compute-044,be1-port0,server,be-rail-leaf-02,E1/22/2,leaf
52,26777,connected,,,compute-044,be2-port0,server,be-rail-leaf-03,E1/22/2,leaf
52,26778,connected,,,compute-044,be3-port0,server,be-rail-leaf-04,E1/22/2,leaf
52,26779,connected,,,compute-044,be4-port0,server,be-rail-leaf-05,E1/22/2,leaf
52,26780,connected,,,compute-044,be5-port0,server,be-rail-leaf-06,E1/22/2,leaf
52,26781,connected,,,compute-044,be6-port0,server,be-rail-leaf-07,E1/22/2,leaf
52,26782,connected,,,compute-044,be7-port0,server,be-rail-leaf-08,E1/22/2,leaf
52,26783,connected,,,compute-044,fe-p0,server,fe-leaf-01,E1/21/4,leaf
52,26784,connected,,,compute-044,fe-p1,server,fe-leaf-02,E1/21/4,leaf
52,26785,connected,,,compute-045,be0-port0,server,be-rail-leaf-01,E1/23/1,leaf
52,26786,connected,,,compute-045,be1-port0,server,be-rail-leaf-02,E1/23/1,leaf
52,26787,connected,,,compute-045,be2-port0,server,be-rail-leaf-03,E1/23/1,leaf
52,26788,connected,,,compute-045,be3-port0,server,be-rail-leaf-04,E1/23/1,leaf
52,26789,connected,,,compute-045,be4-port0,server,be-rail-leaf-05,E1/23/1,leaf
52,26790,connected,,,compute-045,be5-port0,server,be-rail-leaf-06,E1/23/1,leaf
52,26791,connected,,,compute-045,be6-port0,server,be-rail-leaf-07,E1/23/1,leaf
52,26792,connected,,,compute-045,be7-port0,server,be-rail-leaf-08,E1/23/1,leaf
52,26793,connected,,,compute-045,fe-p0,server,fe-leaf-01,E1/23/1,leaf
52,26794,connected,,,compute-045,fe-p1,server,fe-leaf-02,E1/23/1,leaf
52,26795,connected,,,compute-046,be0-port0,server,be-rail-leaf-01,E1/23/2,leaf
52,26796,connected,,,compute-046,be1-port0,server,be-rail-leaf-02,E1/23/2,leaf
52,26797,connected,,,compute-046,be2-port0,server,be-rail-leaf-03,E1/23/2,leaf
52,26798,connected,,,compute-046,be3-port0,server,be-rail-leaf-04,E1/23/2,leaf
52,26799,connected,,,compute-046,be4-port0,server,be-rail-leaf-05,E1/23/2,leaf
52,26800,connected,,,compute-046,be5-port0,server,be-rail-leaf-06,E1/23/2,leaf
52,26801,connected,,,compute-046,be6-port0,server,be-rail-leaf-07,E1/23/2,leaf
52,26802,connected,,,compute-046,be7-port0,server,be-rail-leaf-08,E1/23/2,leaf
52,26803,connected,,,compute-046,fe-p0,server,fe-leaf-01,E1/23/2,leaf
52,26804,connected,,,compute-046,fe-p1,server,fe-leaf-02,E1/23/2,leaf
52,26805,connected,,,compute-047,be0-port0,server,be-rail-leaf-01,E1/24/1,leaf
52,26806,connected,,,compute-047,be1-port0,server,be-rail-leaf-02,E1/24/1,leaf
52,26807,connected,,,compute-047,be2-port0,server,be-rail-leaf-03,E1/24/1,leaf
52,26808,connected,,,compute-047,be3-port0,server,be-rail-leaf-04,E1/24/1,leaf
52,26809,connected,,,compute-047,be4-port0,server,be-rail-leaf-05,E1/24/1,leaf
52,26810,connected,,,compute-047,be5-port0,server,be-rail-leaf-06,E1/24/1,leaf
52,26811,connected,,,compute-047,be6-port0,server,be-rail-leaf-07,E1/24/1,leaf
52,26812,connected,,,compute-047,be7-port0,server,be-rail-leaf-08,E1/24/1,leaf
52,26813,connected,,,compute-047,fe-p0,server,fe-leaf-01,E1/23/3,leaf
52,26814,connected,,,compute-047,fe-p1,server,fe-leaf-02,E1/23/3,leaf
52,26815,connected,,,compute-048,be0-port0,server,be-rail-leaf-01,E1/24/2,leaf
52,26816,connected,,,compute-048,be1-port0,server,be-rail-leaf-02,E1/24/2,leaf
52,26817,connected,,,compute-048,be2-port0,server,be-rail-leaf-03,E1/24/2,leaf
52,26818,connected,,,compute-048,be3-port0,server,be-rail-leaf-04,E1/24/2,leaf
52,26819,connected,,,compute-048,be4-port0,server,be-rail-leaf-05,E1/24/2,leaf
52,26820,connected,,,compute-048,be5-port0,server,be-rail-leaf-06,E1/24/2,leaf
52,26821,connected,,,compute-048,be6-port0,server,be-rail-leaf-07,E1/24/2,leaf
52,26822,connected,,,compute-048,be7-port0,server,be-rail-leaf-08,E1/24/2,leaf
52,26823,connected,,,compute-048,fe-p0,server,fe-leaf-01,E1/23/4,leaf
52,26824,connected,,,compute-048,fe-p1,server,fe-leaf-02,E1/23/4,leaf
52,26825,connected,,,compute-049,be0-port0,server,be-rail-leaf-01,E1/25/1,leaf
52,26826,connected,,,compute-049,be1-port0,server,be-rail-leaf-02,E1/25/1,leaf
52,26827,connected,,,compute-049,be2-port0,server,be-rail-leaf-03,E1/25/1,leaf
52,26828,connected,,,compute-049,be3-port0,server,be-rail-leaf-04,E1/25/1,leaf
52,26829,connected,,,compute-049,be4-port0,server,be-rail-leaf-05,E1/25/1,leaf
52,26830,connected,,,compute-049,be5-port0,server,be-rail-leaf-06,E1/25/1,leaf
52,26831,connected,,,compute-049,be6-port0,server,be-rail-leaf-07,E1/25/1,leaf
52,26832,connected,,,compute-049,be7-port0,server,be-rail-leaf-08,E1/25/1,leaf
52,26833,connected,,,compute-049,fe-p0,server,fe-leaf-01,E1/25/1,leaf
52,26834,connected,,,compute-049,fe-p1,server,fe-leaf-02,E1/25/1,leaf
52,26835,connected,,,compute-050,be0-port0,server,be-rail-leaf-01,E1/25/2,leaf
52,26836,connected,,,compute-050,be1-port0,server,be-rail-leaf-02,E1/25/2,leaf
52,26837,connected,,,compute-050,be2-port0,server,be-rail-leaf-03,E1/25/2,leaf
52,26838,connected,,,compute-050,be3-port0,server,be-rail-leaf-04,E1/25/2,leaf
52,26839,connected,,,compute-050,be4-port0,server,be-rail-leaf-05,E1/25/2,leaf
52,26840,connected,,,compute-050,be5-port0,server,be-rail-leaf-06,E1/25/2,leaf
52,26841,connected,,,compute-050,be6-port0,server,be-rail-leaf-07,E1/25/2,leaf
52,26842,connected,,,compute-050,be7-port0,server,be-rail-leaf-08,E1/25/2,leaf
52,26843,connected,,,compute-050,fe-p0,server,fe-leaf-01,E1/25/2,leaf
52,26844,connected,,,compute-050,fe-p1,server,fe-leaf-02,E1/25/2,leaf
52,26845,connected,,,compute-051,be0-port0,server,be-rail-leaf-01,E1/26/1,leaf
52,26846,connected,,,compute-051,be1-port0,server,be-rail-leaf-02,E1/26/1,leaf
52,26847,connected,,,compute-051,be2-port0,server,be-rail-leaf-03,E1/26/1,leaf
52,26848,connected,,,compute-051,be3-port0,server,be-rail-leaf-04,E1/26/1,leaf
52,26849,connected,,,compute-051,be4-port0,server,be-rail-leaf-05,E1/26/1,leaf
52,26850,connected,,,compute-051,be5-port0,server,be-rail-leaf-06,E1/26/1,leaf
52,26851,connected,,,compute-051,be6-port0,server,be-rail-leaf-07,E1/26/1,leaf
52,26852,connected,,,compute-051,be7-port0,server,be-rail-leaf-08,E1/26/1,leaf
52,26853,connected,,,compute-051,fe-p0,server,fe-leaf-01,E1/25/3,leaf
52,26854,connected,,,compute-051,fe-p1,server,fe-leaf-02,E1/25/3,leaf
52,26855,connected,,,compute-052,be0-port0,server,be-rail-leaf-01,E1/26/2,leaf
52,26856,connected,,,compute-052,be1-port0,server,be-rail-leaf-02,E1/26/2,leaf
52,26857,connected,,,compute-052,be2-port0,server,be-rail-leaf-03,E1/26/2,leaf
52,26858,connected,,,compute-052,be3-port0,server,be-rail-leaf-04,E1/26/2,leaf
52,26859,connected,,,compute-052,be4-port0,server,be-rail-leaf-05,E1/26/2,leaf
52,26860,connected,,,compute-052,be5-port0,server,be-rail-leaf-06,E1/26/2,leaf
52,26861,connected,,,compute-052,be6-port0,server,be-rail-leaf-07,E1/26/2,leaf
52,26862,connected,,,compute-052,be7-port0,server,be-rail-leaf-08,E1/26/2,leaf
52,26863,connected,,,compute-052,fe-p0,server,fe-leaf-01,E1/25/4,leaf
52,26864,connected,,,compute-052,fe-p1,server,fe-leaf-02,E1/25/4,leaf
52,26865,connected,,,compute-053,be0-port0,server,be-rail-leaf-01,E1/27/1,leaf
52,26866,connected,,,compute-053,be1-port0,server,be-rail-leaf-02,E1/27/1,leaf
52,26867,connected,,,compute-053,be2-port0,server,be-rail-leaf-03,E1/27/1,leaf
52,26868,connected,,,compute-053,be3-port0,server,be-rail-leaf-04,E1/27/1,leaf
52,26869,connected,,,compute-053,be4-port0,server,be-rail-leaf-05,E1/27/1,leaf
52,26870,connected,,,compute-053,be5-port0,server,be-rail-leaf-06,E1/27/1,leaf
52,26871,connected,,,compute-053,be6-port0,server,be-rail-leaf-07,E1/27/1,leaf
52,26872,connected,,,compute-053,be7-port0,server,be-rail-leaf-08,E1/27/1,leaf
52,26873,connected,,,compute-053,fe-p0,server,fe-leaf-01,E1/27/1,leaf
52,26874,connected,,,compute-053,fe-p1,server,fe-leaf-02,E1/27/1,leaf
52,26875,connected,,,compute-054,be0-port0,server,be-rail-leaf-01,E1/27/2,leaf
52,26876,connected,,,compute-054,be1-port0,server,be-rail-leaf-02,E1/27/2,leaf
52,26877,connected,,,compute-054,be2-port0,server,be-rail-leaf-03,E1/27/2,leaf
52,26878,connected,,,compute-054,be3-port0,server,be-rail-leaf-04,E1/27/2,leaf
52,26879,connected,,,compute-054,be4-port0,server,be-rail-leaf-05,E1/27/2,leaf
52,26880,connected,,,compute-054,be5-port0,server,be-rail-leaf-06,E1/27/2,leaf
52,26881,connected,,,compute-054,be6-port0,server,be-rail-leaf-07,E1/27/2,leaf
52,26882,connected,,,compute-054,be7-port0,server,be-rail-leaf-08,E1/27/2,leaf
52,26883,connected,,,compute-054,fe-p0,server,fe-leaf-01,E1/27/2,leaf
52,26884,connected,,,compute-054,fe-p1,server,fe-leaf-02,E1/27/2,leaf
52,26885,connected,,,compute-055,be0-port0,server,be-rail-leaf-01,E1/28/1,leaf
52,26886,connected,,,compute-055,be1-port0,server,be-rail-leaf-02,E1/28/1,leaf
52,26887,connected,,,compute-055,be2-port0,server,be-rail-leaf-03,E1/28/1,leaf
52,26888,connected,,,compute-055,be3-port0,server,be-rail-leaf-04,E1/28/1,leaf
52,26889,connected,,,compute-055,be4-port0,server,be-rail-leaf-05,E1/28/1,leaf
52,26890,connected,,,compute-055,be5-port0,server,be-rail-leaf-06,E1/28/1,leaf
52,26891,connected,,,compute-055,be6-port0,server,be-rail-leaf-07,E1/28/1,leaf
52,26892,connected,,,compute-055,be7-port0,server,be-rail-leaf-08,E1/28/1,leaf
52,26893,connected,,,compute-055,fe-p0,server,fe-leaf-01,E1/27/3,leaf
52,26894,connected,,,compute-055,fe-p1,server,fe-leaf-02,E1/27/3,leaf
52,26895,connected,,,compute-056,be0-port0,server,be-rail-leaf-01,E1/28/2,leaf
52,26896,connected,,,compute-056,be1-port0,server,be-rail-leaf-02,E1/28/2,leaf
52,26897,connected,,,compute-056,be2-port0,server,be-rail-leaf-03,E1/28/2,leaf
52,26898,connected,,,compute-056,be3-port0,server,be-rail-leaf-04,E1/28/2,leaf
52,26899,connected,,,compute-056,be4-port0,server,be-rail-leaf-05,E1/28/2,leaf
52,26900,connected,,,compute-056,be5-port0,server,be-rail-leaf-06,E1/28/2,leaf
52,26901,connected,,,compute-056,be6-port0,server,be-rail-leaf-07,E1/28/2,leaf
52,26902,connected,,,compute-056,be7-port0,server,be-rail-leaf-08,E1/28/2,leaf
52,26903,connected,,,compute-056,fe-p0,server,fe-leaf-01,E1/27/4,leaf
52,26904,connected,,,compute-056,fe-p1,server,fe-leaf-02,E1/27/4,leaf
52,26905,connected,,,compute-057,be0-port0,server,be-rail-leaf-01,E1/29/1,leaf
52,26906,connected,,,compute-057,be1-port0,server,be-rail-leaf-02,E1/29/1,leaf
52,26907,connected,,,compute-057,be2-port0,server,be-rail-leaf-03,E1/29/1,leaf
52,26908,connected,,,compute-057,be3-port0,server,be-rail-leaf-04,E1/29/1,leaf
52,26909,connected,,,compute-057,be4-port0,server,be-rail-leaf-05,E1/29/1,leaf
52,26910,connected,,,compute-057,be5-port0,server,be-rail-leaf-06,E1/29/1,leaf
52,26911,connected,,,compute-057,be6-port0,server,be-rail-leaf-07,E1/29/1,leaf
52,26912,connected,,,compute-057,be7-port0,server,be-rail-leaf-08,E1/29/1,leaf
52,26913,connected,,,compute-057,fe-p0,server,fe-leaf-01,E1/29/1,leaf
52,26914,connected,,,compute-057,fe-p1,server,fe-leaf-02,E1/29/1,leaf
52,26915,connected,,,compute-058,be0-port0,server,be-rail-leaf-01,E1/29/2,leaf
52,26916,connected,,,compute-058,be1-port0,server,be-rail-leaf-02,E1/29/2,leaf
52,26917,connected,,,compute-058,be2-port0,server,be-rail-leaf-03,E1/29/2,leaf
52,26918,connected,,,compute-058,be3-port0,server,be-rail-leaf-04,E1/29/2,leaf
52,26919,connected,,,compute-058,be4-port0,server,be-rail-leaf-05,E1/29/2,leaf
52,26920,connected,,,compute-058,be5-port0,server,be-rail-leaf-06,E1/29/2,leaf
52,26921,connected,,,compute-058,be6-port0,server,be-rail-leaf-07,E1/29/2,leaf
52,26922,connected,,,compute-058,be7-port0,server,be-rail-leaf-08,E1/29/2,leaf
52,26923,connected,,,compute-058,fe-p0,server,fe-leaf-01,E1/29/2,leaf
52,26924,connected,,,compute-058,fe-p1,server,fe-leaf-02,E1/29/2,leaf
52,26925,connected,,,compute-059,be0-port0,server,be-rail-leaf-01,E1/30/1,leaf
52,26926,connected,,,compute-059,be1-port0,server,be-rail-leaf-02,E1/30/1,leaf
52,26927,connected,,,compute-059,be2-port0,server,be-rail-leaf-03,E1/30/1,leaf
52,26928,connected,,,compute-059,be3-port0,server,be-rail-leaf-04,E1/30/1,leaf
52,26929,connected,,,compute-059,be4-port0,server,be-rail-leaf-05,E1/30/1,leaf
52,26930,connected,,,compute-059,be5-port0,server,be-rail-leaf-06,E1/30/1,leaf
52,26931,connected,,,compute-059,be6-port0,server,be-rail-leaf-07,E1/30/1,leaf
52,26932,connected,,,compute-059,be7-port0,server,be-rail-leaf-08,E1/30/1,leaf
52,26933,connected,,,compute-059,fe-p0,server,fe-leaf-01,E1/29/3,leaf
52,26934,connected,,,compute-059,fe-p1,server,fe-leaf-02,E1/29/3,leaf
52,26935,connected,,,compute-060,be0-port0,server,be-rail-leaf-01,E1/30/2,leaf
52,26936,connected,,,compute-060,be1-port0,server,be-rail-leaf-02,E1/30/2,leaf
52,26937,connected,,,compute-060,be2-port0,server,be-rail-leaf-03,E1/30/2,leaf
52,26938,connected,,,compute-060,be3-port0,server,be-rail-leaf-04,E1/30/2,leaf
52,26939,connected,,,compute-060,be4-port0,server,be-rail-leaf-05,E1/30/2,leaf
52,26940,connected,,,compute-060,be5-port0,server,be-rail-leaf-06,E1/30/2,leaf
52,26941,connected,,,compute-060,be6-port0,server,be-rail-leaf-07,E1/30/2,leaf
52,26942,connected,,,compute-060,be7-port0,server,be-rail-leaf-08,E1/30/2,leaf
52,26943,connected,,,compute-060,fe-p0,server,fe-leaf-01,E1/29/4,leaf
52,26944,connected,,,compute-060,fe-p1,server,fe-leaf-02,E1/29/4,leaf
52,26945,connected,,,compute-061,be0-port0,server,be-rail-leaf-01,E1/31/1,leaf
52,26946,connected,,,compute-061,be1-port0,server,be-rail-leaf-02,E1/31/1,leaf
52,26947,connected,,,compute-061,be2-port0,server,be-rail-leaf-03,E1/31/1,leaf
52,26948,connected,,,compute-061,be3-port0,server,be-rail-leaf-04,E1/31/1,leaf
52,26949,connected,,,compute-061,be4-port0,server,be-rail-leaf-05,E1/31/1,leaf
52,26950,connected,,,compute-061,be5-port0,server,be-rail-leaf-06,E1/31/1,leaf
52,26951,connected,,,compute-061,be6-port0,server,be-rail-leaf-07,E1/31/1,leaf
52,26952,connected,,,compute-061,be7-port0,server,be-rail-leaf-08,E1/31/1,leaf
52,26953,connected,,,compute-061,fe-p0,server,fe-leaf-01,E1/31/1,leaf
52,26954,connected,,,compute-061,fe-p1,server,fe-leaf-02,E1/31/1,leaf
52,26955,connected,,,compute-062,be0-port0,server,be-rail-leaf-01,E1/31/2,leaf
52,26956,connected,,,compute-062,be1-port0,server,be-rail-leaf-02,E1/31/2,leaf
52,26957,connected,,,compute-062,be2-port0,server,be-rail-leaf-03,E1/31/2,leaf
52,26958,connected,,,compute-062,be3-port0,server,be-rail-leaf-04,E1/31/2,leaf
52,26959,connected,,,compute-062,be4-port0,server,be-rail-leaf-05,E1/31/2,leaf
52,26960,connected,,,compute-062,be5-port0,server,be-rail-leaf-06,E1/31/2,leaf
52,26961,connected,,,compute-062,be6-port0,server,be-rail-leaf-07,E1/31/2,leaf
52,26962,connected,,,compute-062,be7-port0,server,be-rail-leaf-08,E1/31/2,leaf
52,26963,connected,,,compute-062,fe-p0,server,fe-leaf-01,E1/31/2,leaf
52,26964,connected,,,compute-062,fe-p1,server,fe-leaf-02,E1/31/2,leaf
52,26965,connected,,,compute-063,be0-port0,server,be-rail-leaf-01,E1/32/1,leaf
52,26966,connected,,,compute-063,be1-port0,server,be-rail-leaf-02,E1/32/1,leaf
52,26967,connected,,,compute-063,be2-port0,server,be-rail-leaf-03,E1/32/1,leaf
52,26968,connected,,,compute-063,be3-port0,server,be-rail-leaf-04,E1/32/1,leaf
52,26969,connected,,,compute-063,be4-port0,server,be-rail-leaf-05,E1/32/1,leaf
52,26970,connected,,,compute-063,be5-port0,server,be-rail-leaf-06,E1/32/1,leaf
52,26971,connected,,,compute-063,be6-port0,server,be-rail-leaf-07,E1/32/1,leaf
52,26972,connected,,,compute-063,be7-port0,server,be-rail-leaf-08,E1/32/1,leaf
52,26973,connected,,,compute-063,fe-p0,server,fe-leaf-01,E1/31/3,leaf
52,26974,connected,,,compute-063,fe-p1,server,fe-leaf-02,E1/31/3,leaf
52,26975,connected,,,compute-064,be0-port0,server,be-rail-leaf-01,E1/32/2,leaf
52,26976,connected,,,compute-064,be1-port0,server,be-rail-leaf-02,E1/32/2,leaf
52,26977,connected,,,compute-064,be2-port0,server,be-rail-leaf-03,E1/32/2,leaf
52,26978,connected,,,compute-064,be3-port0,server,be-rail-leaf-04,E1/32/2,leaf
52,26979,connected,,,compute-064,be4-port0,server,be-rail-leaf-05,E1/32/2,leaf
52,26980,connected,,,compute-064,be5-port0,server,be-rail-leaf-06,E1/32/2,leaf
52,26981,connected,,,compute-064,be6-port0,server,be-rail-leaf-07,E1/32/2,leaf
52,26982,connected,,,compute-064,be7-port0,server,be-rail-leaf-08,E1/32/2,leaf
52,26983,connected,,,compute-064,fe-p0,server,fe-leaf-01,E1/31/4,leaf
52,26984,connected,,,compute-064,fe-p1,server,fe-leaf-02,E1/31/4,leaf
52,26985,connected,,,compute-065,be0-port0,server,be-rail-leaf-09,E1/1/1,leaf
52,26986,connected,,,compute-065,be1-port0,server,be-rail-leaf-10,E1/1/1,leaf
52,26987,connected,,,compute-065,be2-port0,server,be-rail-leaf-11,E1/1/1,leaf
52,26988,connected,,,compute-065,be3-port0,server,be-rail-leaf-12,E1/1/1,leaf
52,26989,connected,,,compute-065,be4-port0,server,be-rail-leaf-13,E1/1/1,leaf
52,26990,connected,,,compute-065,be5-port0,server,be-rail-leaf-14,E1/1/1,leaf
52,26991,connected,,,compute-065,be6-port0,server,be-rail-leaf-15,E1/1/1,leaf
52,26992,connected,,,compute-065,be7-port0,server,be-rail-leaf-16,E1/1/1,leaf
52,26993,connected,,,compute-065,fe-p0,server,fe-leaf-01,E1/33/1,leaf
52,26994,connected,,,compute-065,fe-p1,server,fe-leaf-02,E1/33/1,leaf
52,26995,connected,,,compute-066,be0-port0,server,be-rail-leaf-09,E1/1/2,leaf
52,26996,connected,,,compute-066,be1-port0,server,be-rail-leaf-10,E1/1/2,leaf
52,26997,connected,,,compute-066,be2-port0,server,be-rail-leaf-11,E1/1/2,leaf
52,26998,connected,,,compute-066,be3-port0,server,be-rail-leaf-12,E1/1/2,leaf
52,26999,connected,,,compute-066,be4-port0,server,be-rail-leaf-13,E1/1/2,leaf
52,27000,connected,,,compute-066,be5-port0,server,be-rail-leaf-14,E1/1/2,leaf
52,27001,connected,,,compute-066,be6-port0,server,be-rail-leaf-15,E1/1/2,leaf
52,27002,connected,,,compute-066,be7-port0,server,be-rail-leaf-16,E1/1/2,leaf
52,27003,connected,,,compute-066,fe-p0,server,fe-leaf-01,E1/33/2,leaf
52,27004,connected,,,compute-066,fe-p1,server,fe-leaf-02,E1/33/2,leaf
52,27005,connected,,,compute-067,be0-port0,server,be-rail-leaf-09,E1/2/1,leaf
52,27006,connected,,,compute-067,be1-port0,server,be-rail-leaf-10,E1/2/1,leaf
52,27007,connected,,,compute-067,be2-port0,server,be-rail-leaf-11,E1/2/1,leaf
52,27008,connected,,,compute-067,be3-port0,server,be-rail-leaf-12,E1/2/1,leaf
52,27009,connected,,,compute-067,be4-port0,server,be-rail-leaf-13,E1/2/1,leaf
52,27010,connected,,,compute-067,be5-port0,server,be-rail-leaf-14,E1/2/1,leaf
52,27011,connected,,,compute-067,be6-port0,server,be-rail-leaf-15,E1/2/1,leaf
52,27012,connected,,,compute-067,be7-port0,server,be-rail-leaf-16,E1/2/1,leaf
52,27013,connected,,,compute-067,fe-p0,server,fe-leaf-01,E1/33/3,leaf
52,27014,connected,,,compute-067,fe-p1,server,fe-leaf-02,E1/33/3,leaf
52,27015,connected,,,compute-068,be0-port0,server,be-rail-leaf-09,E1/2/2,leaf
52,27016,connected,,,compute-068,be1-port0,server,be-rail-leaf-10,E1/2/2,leaf
52,27017,connected,,,compute-068,be2-port0,server,be-rail-leaf-11,E1/2/2,leaf
52,27018,connected,,,compute-068,be3-port0,server,be-rail-leaf-12,E1/2/2,leaf
52,27019,connected,,,compute-068,be4-port0,server,be-rail-leaf-13,E1/2/2,leaf
52,27020,connected,,,compute-068,be5-port0,server,be-rail-leaf-14,E1/2/2,leaf
52,27021,connected,,,compute-068,be6-port0,server,be-rail-leaf-15,E1/2/2,leaf
52,27022,connected,,,compute-068,be7-port0,server,be-rail-leaf-16,E1/2/2,leaf
52,27023,connected,,,compute-068,fe-p0,server,fe-leaf-01,E1/33/4,leaf
52,27024,connected,,,compute-068,fe-p1,server,fe-leaf-02,E1/33/4,leaf
52,27025,connected,,,compute-069,be0-port0,server,be-rail-leaf-09,E1/3/1,leaf
52,27026,connected,,,compute-069,be1-port0,server,be-rail-leaf-10,E1/3/1,leaf
52,27027,connected,,,compute-069,be2-port0,server,be-rail-leaf-11,E1/3/1,leaf
52,27028,connected,,,compute-069,be3-port0,server,be-rail-leaf-12,E1/3/1,leaf
52,27029,connected,,,compute-069,be4-port0,server,be-rail-leaf-13,E1/3/1,leaf
52,27030,connected,,,compute-069,be5-port0,server,be-rail-leaf-14,E1/3/1,leaf
52,27031,connected,,,compute-069,be6-port0,server,be-rail-leaf-15,E1/3/1,leaf
52,27032,connected,,,compute-069,be7-port0,server,be-rail-leaf-16,E1/3/1,leaf
52,27033,connected,,,compute-069,fe-p0,server,fe-leaf-01,E1/35/1,leaf
52,27034,connected,,,compute-069,fe-p1,server,fe-leaf-02,E1/35/1,leaf
52,27035,connected,,,compute-070,be0-port0,server,be-rail-leaf-09,E1/3/2,leaf
52,27036,connected,,,compute-070,be1-port0,server,be-rail-leaf-10,E1/3/2,leaf
52,27037,connected,,,compute-070,be2-port0,server,be-rail-leaf-11,E1/3/2,leaf
52,27038,connected,,,compute-070,be3-port0,server,be-rail-leaf-12,E1/3/2,leaf
52,27039,connected,,,compute-070,be4-port0,server,be-rail-leaf-13,E1/3/2,leaf
52,27040,connected,,,compute-070,be5-port0,server,be-rail-leaf-14,E1/3/2,leaf
52,27041,connected,,,compute-070,be6-port0,server,be-rail-leaf-15,E1/3/2,leaf
52,27042,connected,,,compute-070,be7-port0,server,be-rail-leaf-16,E1/3/2,leaf
52,27043,connected,,,compute-070,fe-p0,server,fe-leaf-01,E1/35/2,leaf
52,27044,connected,,,compute-070,fe-p1,server,fe-leaf-02,E1/35/2,leaf
52,27045,connected,,,compute-071,be0-port0,server,be-rail-leaf-09,E1/4/1,leaf
52,27046,connected,,,compute-071,be1-port0,server,be-rail-leaf-10,E1/4/1,leaf
52,27047,connected,,,compute-071,be2-port0,server,be-rail-leaf-11,E1/4/1,leaf
52,27048,connected,,,compute-071,be3-port0,server,be-rail-leaf-12,E1/4/1,leaf
52,27049,connected,,,compute-071,be4-port0,server,be-rail-leaf-13,E1/4/1,leaf
52,27050,connected,,,compute-071,be5-port0,server,be-rail-leaf-14,E1/4/1,leaf
52,27051,connected,,,compute-071,be6-port0,server,be-rail-leaf-15,E1/4/1,leaf
52,27052,connected,,,compute-071,be7-port0,server,be-rail-leaf-16,E1/4/1,leaf
52,27053,connected,,,compute-071,fe-p0,server,fe-leaf-01,E1/35/3,leaf
52,27054,connected,,,compute-071,fe-p1,server,fe-leaf-02,E1/35/3,leaf
52,27055,connected,,,compute-072,be0-port0,server,be-rail-leaf-09,E1/4/2,leaf
52,27056,connected,,,compute-072,be1-port0,server,be-rail-leaf-10,E1/4/2,leaf
52,27057,connected,,,compute-072,be2-port0,server,be-rail-leaf-11,E1/4/2,leaf
52,27058,connected,,,compute-072,be3-port0,server,be-rail-leaf-12,E1/4/2,leaf
52,27059,connected,,,compute-072,be4-port0,server,be-rail-leaf-13,E1/4/2,leaf
52,27060,connected,,,compute-072,be5-port0,server,be-rail-leaf-14,E1/4/2,leaf
52,27061,connected,,,compute-072,be6-port0,server,be-rail-leaf-15,E1/4/2,leaf
52,27062,connected,,,compute-072,be7-port0,server,be-rail-leaf-16,E1/4/2,leaf
52,27063,connected,,,compute-072,fe-p0,server,fe-leaf-01,E1/35/4,leaf
52,27064,connected,,,compute-072,fe-p1,server,fe-leaf-02,E1/35/4,leaf
52,27065,connected,,,compute-073,be0-port0,server,be-rail-leaf-09,E1/5/1,leaf
52,27066,connected,,,compute-073,be1-port0,server,be-rail-leaf-10,E1/5/1,leaf
52,27067,connected,,,compute-073,be2-port0,server,be-rail-leaf-11,E1/5/1,leaf
52,27068,connected,,,compute-073,be3-port0,server,be-rail-leaf-12,E1/5/1,leaf
52,27069,connected,,,compute-073,be4-port0,server,be-rail-leaf-13,E1/5/1,leaf
52,27070,connected,,,compute-073,be5-port0,server,be-rail-leaf-14,E1/5/1,leaf
52,27071,connected,,,compute-073,be6-port0,server,be-rail-leaf-15,E1/5/1,leaf
52,27072,connected,,,compute-073,be7-port0,server,be-rail-leaf-16,E1/5/1,leaf
52,27073,connected,,,compute-073,fe-p0,server,fe-leaf-01,E1/37/1,leaf
52,27074,connected,,,compute-073,fe-p1,server,fe-leaf-02,E1/37/1,leaf
52,27075,connected,,,compute-074,be0-port0,server,be-rail-leaf-09,E1/5/2,leaf
52,27076,connected,,,compute-074,be1-port0,server,be-rail-leaf-10,E1/5/2,leaf
52,27077,connected,,,compute-074,be2-port0,server,be-rail-leaf-11,E1/5/2,leaf
52,27078,connected,,,compute-074,be3-port0,server,be-rail-leaf-12,E1/5/2,leaf
52,27079,connected,,,compute-074,be4-port0,server,be-rail-leaf-13,E1/5/2,leaf
52,27080,connected,,,compute-074,be5-port0,server,be-rail-leaf-14,E1/5/2,leaf
52,27081,connected,,,compute-074,be6-port0,server,be-rail-leaf-15,E1/5/2,leaf
52,27082,connected,,,compute-074,be7-port0,server,be-rail-leaf-16,E1/5/2,leaf
52,27083,connected,,,compute-074,fe-p0,server,fe-leaf-01,E1/37/2,leaf
52,27084,connected,,,compute-074,fe-p1,server,fe-leaf-02,E1/37/2,leaf
52,27085,connected,,,compute-075,be0-port0,server,be-rail-leaf-09,E1/6/1,leaf
52,27086,connected,,,compute-075,be1-port0,server,be-rail-leaf-10,E1/6/1,leaf
52,27087,connected,,,compute-075,be2-port0,server,be-rail-leaf-11,E1/6/1,leaf
52,27088,connected,,,compute-075,be3-port0,server,be-rail-leaf-12,E1/6/1,leaf
52,27089,connected,,,compute-075,be4-port0,server,be-rail-leaf-13,E1/6/1,leaf
52,27090,connected,,,compute-075,be5-port0,server,be-rail-leaf-14,E1/6/1,leaf
52,27091,connected,,,compute-075,be6-port0,server,be-rail-leaf-15,E1/6/1,leaf
52,27092,connected,,,compute-075,be7-port0,server,be-rail-leaf-16,E1/6/1,leaf
52,27093,connected,,,compute-075,fe-p0,server,fe-leaf-01,E1/37/3,leaf
52,27094,connected,,,compute-075,fe-p1,server,fe-leaf-02,E1/37/3,leaf
52,27095,connected,,,compute-076,be0-port0,server,be-rail-leaf-09,E1/6/2,leaf
52,27096,connected,,,compute-076,be1-port0,server,be-rail-leaf-10,E1/6/2,leaf
52,27097,connected,,,compute-076,be2-port0,server,be-rail-leaf-11,E1/6/2,leaf
52,27098,connected,,,compute-076,be3-port0,server,be-rail-leaf-12,E1/6/2,leaf
52,27099,connected,,,compute-076,be4-port0,server,be-rail-leaf-13,E1/6/2,leaf
52,27100,connected,,,compute-076,be5-port0,server,be-rail-leaf-14,E1/6/2,leaf
52,27101,connected,,,compute-076,be6-port0,server,be-rail-leaf-15,E1/6/2,leaf
52,27102,connected,,,compute-076,be7-port0,server,be-rail-leaf-16,E1/6/2,leaf
52,27103,connected,,,compute-076,fe-p0,server,fe-leaf-01,E1/37/4,leaf
52,27104,connected,,,compute-076,fe-p1,server,fe-leaf-02,E1/37/4,leaf
52,27105,connected,,,compute-077,be0-port0,server,be-rail-leaf-09,E1/7/1,leaf
52,27106,connected,,,compute-077,be1-port0,server,be-rail-leaf-10,E1/7/1,leaf
52,27107,connected,,,compute-077,be2-port0,server,be-rail-leaf-11,E1/7/1,leaf
52,27108,connected,,,compute-077,be3-port0,server,be-rail-leaf-12,E1/7/1,leaf
52,27109,connected,,,compute-077,be4-port0,server,be-rail-leaf-13,E1/7/1,leaf
52,27110,connected,,,compute-077,be5-port0,server,be-rail-leaf-14,E1/7/1,leaf
52,27111,connected,,,compute-077,be6-port0,server,be-rail-leaf-15,E1/7/1,leaf
52,27112,connected,,,compute-077,be7-port0,server,be-rail-leaf-16,E1/7/1,leaf
52,27113,connected,,,compute-077,fe-p0,server,fe-leaf-01,E1/39/1,leaf
52,27114,connected,,,compute-077,fe-p1,server,fe-leaf-02,E1/39/1,leaf
52,27115,connected,,,compute-078,be0-port0,server,be-rail-leaf-09,E1/7/2,leaf
52,27116,connected,,,compute-078,be1-port0,server,be-rail-leaf-10,E1/7/2,leaf
52,27117,connected,,,compute-078,be2-port0,server,be-rail-leaf-11,E1/7/2,leaf
52,27118,connected,,,compute-078,be3-port0,server,be-rail-leaf-12,E1/7/2,leaf
52,27119,connected,,,compute-078,be4-port0,server,be-rail-leaf-13,E1/7/2,leaf
52,27120,connected,,,compute-078,be5-port0,server,be-rail-leaf-14,E1/7/2,leaf
52,27121,connected,,,compute-078,be6-port0,server,be-rail-leaf-15,E1/7/2,leaf
52,27122,connected,,,compute-078,be7-port0,server,be-rail-leaf-16,E1/7/2,leaf
52,27123,connected,,,compute-078,fe-p0,server,fe-leaf-01,E1/39/2,leaf
52,27124,connected,,,compute-078,fe-p1,server,fe-leaf-02,E1/39/2,leaf
52,27125,connected,,,compute-079,be0-port0,server,be-rail-leaf-09,E1/8/1,leaf
52,27126,connected,,,compute-079,be1-port0,server,be-rail-leaf-10,E1/8/1,leaf
52,27127,connected,,,compute-079,be2-port0,server,be-rail-leaf-11,E1/8/1,leaf
52,27128,connected,,,compute-079,be3-port0,server,be-rail-leaf-12,E1/8/1,leaf
52,27129,connected,,,compute-079,be4-port0,server,be-rail-leaf-13,E1/8/1,leaf
52,27130,connected,,,compute-079,be5-port0,server,be-rail-leaf-14,E1/8/1,leaf
52,27131,connected,,,compute-079,be6-port0,server,be-rail-leaf-15,E1/8/1,leaf
52,27132,connected,,,compute-079,be7-port0,server,be-rail-leaf-16,E1/8/1,leaf
52,27133,connected,,,compute-079,fe-p0,server,fe-leaf-01,E1/39/3,leaf
52,27134,connected,,,compute-079,fe-p1,server,fe-leaf-02,E1/39/3,leaf
52,27135,connected,,,compute-080,be0-port0,server,be-rail-leaf-09,E1/8/2,leaf
52,27136,connected,,,compute-080,be1-port0,server,be-rail-leaf-10,E1/8/2,leaf
52,27137,connected,,,compute-080,be2-port0,server,be-rail-leaf-11,E1/8/2,leaf
52,27138,connected,,,compute-080,be3-port0,server,be-rail-leaf-12,E1/8/2,leaf
52,27139,connected,,,compute-080,be4-port0,server,be-rail-leaf-13,E1/8/2,leaf
52,27140,connected,,,compute-080,be5-port0,server,be-rail-leaf-14,E1/8/2,leaf
52,27141,connected,,,compute-080,be6-port0,server,be-rail-leaf-15,E1/8/2,leaf
52,27142,connected,,,compute-080,be7-port0,server,be-rail-leaf-16,E1/8/2,leaf
52,27143,connected,,,compute-080,fe-p0,server,fe-leaf-01,E1/39/4,leaf
52,27144,connected,,,compute-080,fe-p1,server,fe-leaf-02,E1/39/4,leaf
52,27145,connected,,,compute-081,be0-port0,server,be-rail-leaf-09,E1/9/1,leaf
52,27146,connected,,,compute-081,be1-port0,server,be-rail-leaf-10,E1/9/1,leaf
52,27147,connected,,,compute-081,be2-port0,server,be-rail-leaf-11,E1/9/1,leaf
52,27148,connected,,,compute-081,be3-port0,server,be-rail-leaf-12,E1/9/1,leaf
52,27149,connected,,,compute-081,be4-port0,server,be-rail-leaf-13,E1/9/1,leaf
52,27150,connected,,,compute-081,be5-port0,server,be-rail-leaf-14,E1/9/1,leaf
52,27151,connected,,,compute-081,be6-port0,server,be-rail-leaf-15,E1/9/1,leaf
52,27152,connected,,,compute-081,be7-port0,server,be-rail-leaf-16,E1/9/1,leaf
52,27153,connected,,,compute-081,fe-p0,server,fe-leaf-01,E1/41/1,leaf
52,27154,connected,,,compute-081,fe-p1,server,fe-leaf-02,E1/41/1,leaf
52,27155,connected,,,compute-082,be0-port0,server,be-rail-leaf-09,E1/9/2,leaf
52,27156,connected,,,compute-082,be1-port0,server,be-rail-leaf-10,E1/9/2,leaf
52,27157,connected,,,compute-082,be2-port0,server,be-rail-leaf-11,E1/9/2,leaf
52,27158,connected,,,compute-082,be3-port0,server,be-rail-leaf-12,E1/9/2,leaf
52,27159,connected,,,compute-082,be4-port0,server,be-rail-leaf-13,E1/9/2,leaf
52,27160,connected,,,compute-082,be5-port0,server,be-rail-leaf-14,E1/9/2,leaf
52,27161,connected,,,compute-082,be6-port0,server,be-rail-leaf-15,E1/9/2,leaf
52,27162,connected,,,compute-082,be7-port0,server,be-rail-leaf-16,E1/9/2,leaf
52,27163,connected,,,compute-082,fe-p0,server,fe-leaf-01,E1/41/2,leaf
52,27164,connected,,,compute-082,fe-p1,server,fe-leaf-02,E1/41/2,leaf
52,27165,connected,,,compute-083,be0-port0,server,be-rail-leaf-09,E1/10/1,leaf
52,27166,connected,,,compute-083,be1-port0,server,be-rail-leaf-10,E1/10/1,leaf
52,27167,connected,,,compute-083,be2-port0,server,be-rail-leaf-11,E1/10/1,leaf
52,27168,connected,,,compute-083,be3-port0,server,be-rail-leaf-12,E1/10/1,leaf
52,27169,connected,,,compute-083,be4-port0,server,be-rail-leaf-13,E1/10/1,leaf
52,27170,connected,,,compute-083,be5-port0,server,be-rail-leaf-14,E1/10/1,leaf
52,27171,connected,,,compute-083,be6-port0,server,be-rail-leaf-15,E1/10/1,leaf
52,27172,connected,,,compute-083,be7-port0,server,be-rail-leaf-16,E1/10/1,leaf
52,27173,connected,,,compute-083,fe-p0,server,fe-leaf-01,E1/41/3,leaf
52,27174,connected,,,compute-083,fe-p1,server,fe-leaf-02,E1/41/3,leaf
52,27175,connected,,,compute-084,be0-port0,server,be-rail-leaf-09,E1/10/2,leaf
52,27176,connected,,,compute-084,be1-port0,server,be-rail-leaf-10,E1/10/2,leaf
52,27177,connected,,,compute-084,be2-port0,server,be-rail-leaf-11,E1/10/2,leaf
52,27178,connected,,,compute-084,be3-port0,server,be-rail-leaf-12,E1/10/2,leaf
52,27179,connected,,,compute-084,be4-port0,server,be-rail-leaf-13,E1/10/2,leaf
52,27180,connected,,,compute-084,be5-port0,server,be-rail-leaf-14,E1/10/2,leaf
52,27181,connected,,,compute-084,be6-port0,server,be-rail-leaf-15,E1/10/2,leaf
52,27182,connected,,,compute-084,be7-port0,server,be-rail-leaf-16,E1/10/2,leaf
52,27183,connected,,,compute-084,fe-p0,server,fe-leaf-01,E1/41/4,leaf
52,27184,connected,,,compute-084,fe-p1,server,fe-leaf-02,E1/41/4,leaf
52,27185,connected,,,compute-085,be0-port0,server,be-rail-leaf-09,E1/11/1,leaf
52,27186,connected,,,compute-085,be1-port0,server,be-rail-leaf-10,E1/11/1,leaf
52,27187,connected,,,compute-085,be2-port0,server,be-rail-leaf-11,E1/11/1,leaf
52,27188,connected,,,compute-085,be3-port0,server,be-rail-leaf-12,E1/11/1,leaf
52,27189,connected,,,compute-085,be4-port0,server,be-rail-leaf-13,E1/11/1,leaf
52,27190,connected,,,compute-085,be5-port0,server,be-rail-leaf-14,E1/11/1,leaf
52,27191,connected,,,compute-085,be6-port0,server,be-rail-leaf-15,E1/11/1,leaf
52,27192,connected,,,compute-085,be7-port0,server,be-rail-leaf-16,E1/11/1,leaf
52,27193,connected,,,compute-085,fe-p0,server,fe-leaf-01,E1/43/1,leaf
52,27194,connected,,,compute-085,fe-p1,server,fe-leaf-02,E1/43/1,leaf
52,27195,connected,,,compute-086,be0-port0,server,be-rail-leaf-09,E1/11/2,leaf
52,27196,connected,,,compute-086,be1-port0,server,be-rail-leaf-10,E1/11/2,leaf
52,27197,connected,,,compute-086,be2-port0,server,be-rail-leaf-11,E1/11/2,leaf
52,27198,connected,,,compute-086,be3-port0,server,be-rail-leaf-12,E1/11/2,leaf
52,27199,connected,,,compute-086,be4-port0,server,be-rail-leaf-13,E1/11/2,leaf
52,27200,connected,,,compute-086,be5-port0,server,be-rail-leaf-14,E1/11/2,leaf
52,27201,connected,,,compute-086,be6-port0,server,be-rail-leaf-15,E1/11/2,leaf
52,27202,connected,,,compute-086,be7-port0,server,be-rail-leaf-16,E1/11/2,leaf
52,27203,connected,,,compute-086,fe-p0,server,fe-leaf-01,E1/43/2,leaf
52,27204,connected,,,compute-086,fe-p1,server,fe-leaf-02,E1/43/2,leaf
52,27205,connected,,,compute-087,be0-port0,server,be-rail-leaf-09,E1/12/1,leaf
52,27206,connected,,,compute-087,be1-port0,server,be-rail-leaf-10,E1/12/1,leaf
52,27207,connected,,,compute-087,be2-port0,server,be-rail-leaf-11,E1/12/1,leaf
52,27208,connected,,,compute-087,be3-port0,server,be-rail-leaf-12,E1/12/1,leaf
52,27209,connected,,,compute-087,be4-port0,server,be-rail-leaf-13,E1/12/1,leaf
52,27210,connected,,,compute-087,be5-port0,server,be-rail-leaf-14,E1/12/1,leaf
52,27211,connected,,,compute-087,be6-port0,server,be-rail-leaf-15,E1/12/1,leaf
52,27212,connected,,,compute-087,be7-port0,server,be-rail-leaf-16,E1/12/1,leaf
52,27213,connected,,,compute-087,fe-p0,server,fe-leaf-01,E1/43/3,leaf
52,27214,connected,,,compute-087,fe-p1,server,fe-leaf-02,E1/43/3,leaf
52,27215,connected,,,compute-088,be0-port0,server,be-rail-leaf-09,E1/12/2,leaf
52,27216,connected,,,compute-088,be1-port0,server,be-rail-leaf-10,E1/12/2,leaf
52,27217,connected,,,compute-088,be2-port0,server,be-rail-leaf-11,E1/12/2,leaf
52,27218,connected,,,compute-088,be3-port0,server,be-rail-leaf-12,E1/12/2,leaf
52,27219,connected,,,compute-088,be4-port0,server,be-rail-leaf-13,E1/12/2,leaf
52,27220,connected,,,compute-088,be5-port0,server,be-rail-leaf-14,E1/12/2,leaf
52,27221,connected,,,compute-088,be6-port0,server,be-rail-leaf-15,E1/12/2,leaf
52,27222,connected,,,compute-088,be7-port0,server,be-rail-leaf-16,E1/12/2,leaf
52,27223,connected,,,compute-088,fe-p0,server,fe-leaf-01,E1/43/4,leaf
52,27224,connected,,,compute-088,fe-p1,server,fe-leaf-02,E1/43/4,leaf
52,27225,connected,,,compute-089,be0-port0,server,be-rail-leaf-09,E1/13/1,leaf
52,27226,connected,,,compute-089,be1-port0,server,be-rail-leaf-10,E1/13/1,leaf
52,27227,connected,,,compute-089,be2-port0,server,be-rail-leaf-11,E1/13/1,leaf
52,27228,connected,,,compute-089,be3-port0,server,be-rail-leaf-12,E1/13/1,leaf
52,27229,connected,,,compute-089,be4-port0,server,be-rail-leaf-13,E1/13/1,leaf
52,27230,connected,,,compute-089,be5-port0,server,be-rail-leaf-14,E1/13/1,leaf
52,27231,connected,,,compute-089,be6-port0,server,be-rail-leaf-15,E1/13/1,leaf
52,27232,connected,,,compute-089,be7-port0,server,be-rail-leaf-16,E1/13/1,leaf
52,27233,connected,,,compute-089,fe-p0,server,fe-leaf-01,E1/45/1,leaf
52,27234,connected,,,compute-089,fe-p1,server,fe-leaf-02,E1/45/1,leaf
52,27235,connected,,,compute-090,be0-port0,server,be-rail-leaf-09,E1/13/2,leaf
52,27236,connected,,,compute-090,be1-port0,server,be-rail-leaf-10,E1/13/2,leaf
52,27237,connected,,,compute-090,be2-port0,server,be-rail-leaf-11,E1/13/2,leaf
52,27238,connected,,,compute-090,be3-port0,server,be-rail-leaf-12,E1/13/2,leaf
52,27239,connected,,,compute-090,be4-port0,server,be-rail-leaf-13,E1/13/2,leaf
52,27240,connected,,,compute-090,be5-port0,server,be-rail-leaf-14,E1/13/2,leaf
52,27241,connected,,,compute-090,be6-port0,server,be-rail-leaf-15,E1/13/2,leaf
52,27242,connected,,,compute-090,be7-port0,server,be-rail-leaf-16,E1/13/2,leaf
52,27243,connected,,,compute-090,fe-p0,server,fe-leaf-01,E1/45/2,leaf
52,27244,connected,,,compute-090,fe-p1,server,fe-leaf-02,E1/45/2,leaf
52,27245,connected,,,compute-091,be0-port0,server,be-rail-leaf-09,E1/14/1,leaf
52,27246,connected,,,compute-091,be1-port0,server,be-rail-leaf-10,E1/14/1,leaf
52,27247,connected,,,compute-091,be2-port0,server,be-rail-leaf-11,E1/14/1,leaf
52,27248,connected,,,compute-091,be3-port0,server,be-rail-leaf-12,E1/14/1,leaf
52,27249,connected,,,compute-091,be4-port0,server,be-rail-leaf-13,E1/14/1,leaf
52,27250,connected,,,compute-091,be5-port0,server,be-rail-leaf-14,E1/14/1,leaf
52,27251,connected,,,compute-091,be6-port0,server,be-rail-leaf-15,E1/14/1,leaf
52,27252,connected,,,compute-091,be7-port0,server,be-rail-leaf-16,E1/14/1,leaf
52,27253,connected,,,compute-091,fe-p0,server,fe-leaf-01,E1/45/3,leaf
52,27254,connected,,,compute-091,fe-p1,server,fe-leaf-02,E1/45/3,leaf
52,27255,connected,,,compute-092,be0-port0,server,be-rail-leaf-09,E1/14/2,leaf
52,27256,connected,,,compute-092,be1-port0,server,be-rail-leaf-10,E1/14/2,leaf
52,27257,connected,,,compute-092,be2-port0,server,be-rail-leaf-11,E1/14/2,leaf
52,27258,connected,,,compute-092,be3-port0,server,be-rail-leaf-12,E1/14/2,leaf
52,27259,connected,,,compute-092,be4-port0,server,be-rail-leaf-13,E1/14/2,leaf
52,27260,connected,,,compute-092,be5-port0,server,be-rail-leaf-14,E1/14/2,leaf
52,27261,connected,,,compute-092,be6-port0,server,be-rail-leaf-15,E1/14/2,leaf
52,27262,connected,,,compute-092,be7-port0,server,be-rail-leaf-16,E1/14/2,leaf
52,27263,connected,,,compute-092,fe-p0,server,fe-leaf-01,E1/45/4,leaf
52,27264,connected,,,compute-092,fe-p1,server,fe-leaf-02,E1/45/4,leaf
52,27265,connected,,,compute-093,be0-port0,server,be-rail-leaf-09,E1/15/1,leaf
52,27266,connected,,,compute-093,be1-port0,server,be-rail-leaf-10,E1/15/1,leaf
52,27267,connected,,,compute-093,be2-port0,server,be-rail-leaf-11,E1/15/1,leaf
52,27268,connected,,,compute-093,be3-port0,server,be-rail-leaf-12,E1/15/1,leaf
52,27269,connected,,,compute-093,be4-port0,server,be-rail-leaf-13,E1/15/1,leaf
52,27270,connected,,,compute-093,be5-port0,server,be-rail-leaf-14,E1/15/1,leaf
52,27271,connected,,,compute-093,be6-port0,server,be-rail-leaf-15,E1/15/1,leaf
52,27272,connected,,,compute-093,be7-port0,server,be-rail-leaf-16,E1/15/1,leaf
52,27273,connected,,,compute-093,fe-p0,server,fe-leaf-01,E1/47/1,leaf
52,27274,connected,,,compute-093,fe-p1,server,fe-leaf-02,E1/47/1,leaf
52,27275,connected,,,compute-094,be0-port0,server,be-rail-leaf-09,E1/15/2,leaf
52,27276,connected,,,compute-094,be1-port0,server,be-rail-leaf-10,E1/15/2,leaf
52,27277,connected,,,compute-094,be2-port0,server,be-rail-leaf-11,E1/15/2,leaf
52,27278,connected,,,compute-094,be3-port0,server,be-rail-leaf-12,E1/15/2,leaf
52,27279,connected,,,compute-094,be4-port0,server,be-rail-leaf-13,E1/15/2,leaf
52,27280,connected,,,compute-094,be5-port0,server,be-rail-leaf-14,E1/15/2,leaf
52,27281,connected,,,compute-094,be6-port0,server,be-rail-leaf-15,E1/15/2,leaf
52,27282,connected,,,compute-094,be7-port0,server,be-rail-leaf-16,E1/15/2,leaf
52,27283,connected,,,compute-094,fe-p0,server,fe-leaf-01,E1/47/2,leaf
52,27284,connected,,,compute-094,fe-p1,server,fe-leaf-02,E1/47/2,leaf
52,27285,connected,,,compute-095,be0-port0,server,be-rail-leaf-09,E1/16/1,leaf
52,27286,connected,,,compute-095,be1-port0,server,be-rail-leaf-10,E1/16/1,leaf
52,27287,connected,,,compute-095,be2-port0,server,be-rail-leaf-11,E1/16/1,leaf
52,27288,connected,,,compute-095,be3-port0,server,be-rail-leaf-12,E1/16/1,leaf
52,27289,connected,,,compute-095,be4-port0,server,be-rail-leaf-13,E1/16/1,leaf
52,27290,connected,,,compute-095,be5-port0,server,be-rail-leaf-14,E1/16/1,leaf
52,27291,connected,,,compute-095,be6-port0,server,be-rail-leaf-15,E1/16/1,leaf
52,27292,connected,,,compute-095,be7-port0,server,be-rail-leaf-16,E1/16/1,leaf
52,27293,connected,,,compute-095,fe-p0,server,fe-leaf-01,E1/47/3,leaf
52,27294,connected,,,compute-095,fe-p1,server,fe-leaf-02,E1/47/3,leaf
52,27295,connected,,,compute-096,be0-port0,server,be-rail-leaf-09,E1/16/2,leaf
52,27296,connected,,,compute-096,be1-port0,server,be-rail-leaf-10,E1/16/2,leaf
52,27297,connected,,,compute-096,be2-port0,server,be-rail-leaf-11,E1/16/2,leaf
52,27298,connected,,,compute-096,be3-port0,server,be-rail-leaf-12,E1/16/2,leaf
52,27299,connected,,,compute-096,be4-port0,server,be-rail-leaf-13,E1/16/2,leaf
52,27300,connected,,,compute-096,be5-port0,server,be-rail-leaf-14,E1/16/2,leaf
52,27301,connected,,,compute-096,be6-port0,server,be-rail-leaf-15,E1/16/2,leaf
52,27302,connected,,,compute-096,be7-port0,server,be-rail-leaf-16,E1/16/2,leaf
52,27303,connected,,,compute-096,fe-p0,server,fe-leaf-01,E1/47/4,leaf
52,27304,connected,,,compute-096,fe-p1,server,fe-leaf-02,E1/47/4,leaf
52,27305,connected,,,compute-097,be0-port0,server,be-rail-leaf-09,E1/17/1,leaf
52,27306,connected,,,compute-097,be1-port0,server,be-rail-leaf-10,E1/17/1,leaf
52,27307,connected,,,compute-097,be2-port0,server,be-rail-leaf-11,E1/17/1,leaf
52,27308,connected,,,compute-097,be3-port0,server,be-rail-leaf-12,E1/17/1,leaf
52,27309,connected,,,compute-097,be4-port0,server,be-rail-leaf-13,E1/17/1,leaf
52,27310,connected,,,compute-097,be5-port0,server,be-rail-leaf-14,E1/17/1,leaf
52,27311,connected,,,compute-097,be6-port0,server,be-rail-leaf-15,E1/17/1,leaf
52,27312,connected,,,compute-097,be7-port0,server,be-rail-leaf-16,E1/17/1,leaf
52,27313,connected,,,compute-097,fe-p0,server,fe-leaf-01,E1/49/1,leaf
52,27314,connected,,,compute-097,fe-p1,server,fe-leaf-02,E1/49/1,leaf
52,27315,connected,,,compute-098,be0-port0,server,be-rail-leaf-09,E1/17/2,leaf
52,27316,connected,,,compute-098,be1-port0,server,be-rail-leaf-10,E1/17/2,leaf
52,27317,connected,,,compute-098,be2-port0,server,be-rail-leaf-11,E1/17/2,leaf
52,27318,connected,,,compute-098,be3-port0,server,be-rail-leaf-12,E1/17/2,leaf
52,27319,connected,,,compute-098,be4-port0,server,be-rail-leaf-13,E1/17/2,leaf
52,27320,connected,,,compute-098,be5-port0,server,be-rail-leaf-14,E1/17/2,leaf
52,27321,connected,,,compute-098,be6-port0,server,be-rail-leaf-15,E1/17/2,leaf
52,27322,connected,,,compute-098,be7-port0,server,be-rail-leaf-16,E1/17/2,leaf
52,27323,connected,,,compute-098,fe-p0,server,fe-leaf-01,E1/49/2,leaf
52,27324,connected,,,compute-098,fe-p1,server,fe-leaf-02,E1/49/2,leaf
52,27325,connected,,,compute-099,be0-port0,server,be-rail-leaf-09,E1/18/1,leaf
52,27326,connected,,,compute-099,be1-port0,server,be-rail-leaf-10,E1/18/1,leaf
52,27327,connected,,,compute-099,be2-port0,server,be-rail-leaf-11,E1/18/1,leaf
52,27328,connected,,,compute-099,be3-port0,server,be-rail-leaf-12,E1/18/1,leaf
52,27329,connected,,,compute-099,be4-port0,server,be-rail-leaf-13,E1/18/1,leaf
52,27330,connected,,,compute-099,be5-port0,server,be-rail-leaf-14,E1/18/1,leaf
52,27331,connected,,,compute-099,be6-port0,server,be-rail-leaf-15,E1/18/1,leaf
52,27332,connected,,,compute-099,be7-port0,server,be-rail-leaf-16,E1/18/1,leaf
52,27333,connected,,,compute-099,fe-p0,server,fe-leaf-01,E1/49/3,leaf
52,27334,connected,,,compute-099,fe-p1,server,fe-leaf-02,E1/49/3,leaf
52,27335,connected,,,compute-100,be0-port0,server,be-rail-leaf-09,E1/18/2,leaf
52,27336,connected,,,compute-100,be1-port0,server,be-rail-leaf-10,E1/18/2,leaf
52,27337,connected,,,compute-100,be2-port0,server,be-rail-leaf-11,E1/18/2,leaf
52,27338,connected,,,compute-100,be3-port0,server,be-rail-leaf-12,E1/18/2,leaf
52,27339,connected,,,compute-100,be4-port0,server,be-rail-leaf-13,E1/18/2,leaf
52,27340,connected,,,compute-100,be5-port0,server,be-rail-leaf-14,E1/18/2,leaf
52,27341,connected,,,compute-100,be6-port0,server,be-rail-leaf-15,E1/18/2,leaf
52,27342,connected,,,compute-100,be7-port0,server,be-rail-leaf-16,E1/18/2,leaf
52,27343,connected,,,compute-100,fe-p0,server,fe-leaf-01,E1/49/4,leaf
52,27344,connected,,,compute-100,fe-p1,server,fe-leaf-02,E1/49/4,leaf
52,27345,connected,,,compute-101,be0-port0,server,be-rail-leaf-09,E1/19/1,leaf
52,27346,connected,,,compute-101,be1-port0,server,be-rail-leaf-10,E1/19/1,leaf
52,27347,connected,,,compute-101,be2-port0,server,be-rail-leaf-11,E1/19/1,leaf
52,27348,connected,,,compute-101,be3-port0,server,be-rail-leaf-12,E1/19/1,leaf
52,27349,connected,,,compute-101,be4-port0,server,be-rail-leaf-13,E1/19/1,leaf
52,27350,connected,,,compute-101,be5-port0,server,be-rail-leaf-14,E1/19/1,leaf
52,27351,connected,,,compute-101,be6-port0,server,be-rail-leaf-15,E1/19/1,leaf
52,27352,connected,,,compute-101,be7-port0,server,be-rail-leaf-16,E1/19/1,leaf
52,27353,connected,,,compute-101,fe-p0,server,fe-leaf-01,E1/51/1,leaf
52,27354,connected,,,compute-101,fe-p1,server,fe-leaf-02,E1/51/1,leaf
52,27355,connected,,,compute-102,be0-port0,server,be-rail-leaf-09,E1/19/2,leaf
52,27356,connected,,,compute-102,be1-port0,server,be-rail-leaf-10,E1/19/2,leaf
52,27357,connected,,,compute-102,be2-port0,server,be-rail-leaf-11,E1/19/2,leaf
52,27358,connected,,,compute-102,be3-port0,server,be-rail-leaf-12,E1/19/2,leaf
52,27359,connected,,,compute-102,be4-port0,server,be-rail-leaf-13,E1/19/2,leaf
52,27360,connected,,,compute-102,be5-port0,server,be-rail-leaf-14,E1/19/2,leaf
52,27361,connected,,,compute-102,be6-port0,server,be-rail-leaf-15,E1/19/2,leaf
52,27362,connected,,,compute-102,be7-port0,server,be-rail-leaf-16,E1/19/2,leaf
52,27363,connected,,,compute-102,fe-p0,server,fe-leaf-01,E1/51/2,leaf
52,27364,connected,,,compute-102,fe-p1,server,fe-leaf-02,E1/51/2,leaf
52,27365,connected,,,compute-103,be0-port0,server,be-rail-leaf-09,E1/20/1,leaf
52,27366,connected,,,compute-103,be1-port0,server,be-rail-leaf-10,E1/20/1,leaf
52,27367,connected,,,compute-103,be2-port0,server,be-rail-leaf-11,E1/20/1,leaf
52,27368,connected,,,compute-103,be3-port0,server,be-rail-leaf-12,E1/20/1,leaf
52,27369,connected,,,compute-103,be4-port0,server,be-rail-leaf-13,E1/20/1,leaf
52,27370,connected,,,compute-103,be5-port0,server,be-rail-leaf-14,E1/20/1,leaf
52,27371,connected,,,compute-103,be6-port0,server,be-rail-leaf-15,E1/20/1,leaf
52,27372,connected,,,compute-103,be7-port0,server,be-rail-leaf-16,E1/20/1,leaf
52,27373,connected,,,compute-103,fe-p0,server,fe-leaf-01,E1/51/3,leaf
52,27374,connected,,,compute-103,fe-p1,server,fe-leaf-02,E1/51/3,leaf
52,27375,connected,,,compute-104,be0-port0,server,be-rail-leaf-09,E1/20/2,leaf
52,27376,connected,,,compute-104,be1-port0,server,be-rail-leaf-10,E1/20/2,leaf
52,27377,connected,,,compute-104,be2-port0,server,be-rail-leaf-11,E1/20/2,leaf
52,27378,connected,,,compute-104,be3-port0,server,be-rail-leaf-12,E1/20/2,leaf
52,27379,connected,,,compute-104,be4-port0,server,be-rail-leaf-13,E1/20/2,leaf
52,27380,connected,,,compute-104,be5-port0,server,be-rail-leaf-14,E1/20/2,leaf
52,27381,connected,,,compute-104,be6-port0,server,be-rail-leaf-15,E1/20/2,leaf
52,27382,connected,,,compute-104,be7-port0,server,be-rail-leaf-16,E1/20/2,leaf
52,27383,connected,,,compute-104,fe-p0,server,fe-leaf-01,E1/51/4,leaf
52,27384,connected,,,compute-104,fe-p1,server,fe-leaf-02,E1/51/4,leaf
52,27385,connected,,,compute-105,be0-port0,server,be-rail-leaf-09,E1/21/1,leaf
52,27386,connected,,,compute-105,be1-port0,server,be-rail-leaf-10,E1/21/1,leaf
52,27387,connected,,,compute-105,be2-port0,server,be-rail-leaf-11,E1/21/1,leaf
52,27388,connected,,,compute-105,be3-port0,server,be-rail-leaf-12,E1/21/1,leaf
52,27389,connected,,,compute-105,be4-port0,server,be-rail-leaf-13,E1/21/1,leaf
52,27390,connected,,,compute-105,be5-port0,server,be-rail-leaf-14,E1/21/1,leaf
52,27391,connected,,,compute-105,be6-port0,server,be-rail-leaf-15,E1/21/1,leaf
52,27392,connected,,,compute-105,be7-port0,server,be-rail-leaf-16,E1/21/1,leaf
52,27393,connected,,,compute-105,fe-p0,server,fe-leaf-01,E1/53/1,leaf
52,27394,connected,,,compute-105,fe-p1,server,fe-leaf-02,E1/53/1,leaf
52,27395,connected,,,compute-106,be0-port0,server,be-rail-leaf-09,E1/21/2,leaf
52,27396,connected,,,compute-106,be1-port0,server,be-rail-leaf-10,E1/21/2,leaf
52,27397,connected,,,compute-106,be2-port0,server,be-rail-leaf-11,E1/21/2,leaf
52,27398,connected,,,compute-106,be3-port0,server,be-rail-leaf-12,E1/21/2,leaf
52,27399,connected,,,compute-106,be4-port0,server,be-rail-leaf-13,E1/21/2,leaf
52,27400,connected,,,compute-106,be5-port0,server,be-rail-leaf-14,E1/21/2,leaf
52,27401,connected,,,compute-106,be6-port0,server,be-rail-leaf-15,E1/21/2,leaf
52,27402,connected,,,compute-106,be7-port0,server,be-rail-leaf-16,E1/21/2,leaf
52,27403,connected,,,compute-106,fe-p0,server,fe-leaf-01,E1/53/2,leaf
52,27404,connected,,,compute-106,fe-p1,server,fe-leaf-02,E1/53/2,leaf
52,27405,connected,,,compute-107,be0-port0,server,be-rail-leaf-09,E1/22/1,leaf
52,27406,connected,,,compute-107,be1-port0,server,be-rail-leaf-10,E1/22/1,leaf
52,27407,connected,,,compute-107,be2-port0,server,be-rail-leaf-11,E1/22/1,leaf
52,27408,connected,,,compute-107,be3-port0,server,be-rail-leaf-12,E1/22/1,leaf
52,27409,connected,,,compute-107,be4-port0,server,be-rail-leaf-13,E1/22/1,leaf
52,27410,connected,,,compute-107,be5-port0,server,be-rail-leaf-14,E1/22/1,leaf
52,27411,connected,,,compute-107,be6-port0,server,be-rail-leaf-15,E1/22/1,leaf
52,27412,connected,,,compute-107,be7-port0,server,be-rail-leaf-16,E1/22/1,leaf
52,27413,connected,,,compute-107,fe-p0,server,fe-leaf-01,E1/53/3,leaf
52,27414,connected,,,compute-107,fe-p1,server,fe-leaf-02,E1/53/3,leaf
52,27415,connected,,,compute-108,be0-port0,server,be-rail-leaf-09,E1/22/2,leaf
52,27416,connected,,,compute-108,be1-port0,server,be-rail-leaf-10,E1/22/2,leaf
52,27417,connected,,,compute-108,be2-port0,server,be-rail-leaf-11,E1/22/2,leaf
52,27418,connected,,,compute-108,be3-port0,server,be-rail-leaf-12,E1/22/2,leaf
52,27419,connected,,,compute-108,be4-port0,server,be-rail-leaf-13,E1/22/2,leaf
52,27420,connected,,,compute-108,be5-port0,server,be-rail-leaf-14,E1/22/2,leaf
52,27421,connected,,,compute-108,be6-port0,server,be-rail-leaf-15,E1/22/2,leaf
52,27422,connected,,,compute-108,be7-port0,server,be-rail-leaf-16,E1/22/2,leaf
52,27423,connected,,,compute-108,fe-p0,server,fe-leaf-01,E1/53/4,leaf
52,27424,connected,,,compute-108,fe-p1,server,fe-leaf-02,E1/53/4,leaf
52,27425,connected,,,compute-109,be0-port0,server,be-rail-leaf-09,E1/23/1,leaf
52,27426,connected,,,compute-109,be1-port0,server,be-rail-leaf-10,E1/23/1,leaf
52,27427,connected,,,compute-109,be2-port0,server,be-rail-leaf-11,E1/23/1,leaf
52,27428,connected,,,compute-109,be3-port0,server,be-rail-leaf-12,E1/23/1,leaf
52,27429,connected,,,compute-109,be4-port0,server,be-rail-leaf-13,E1/23/1,leaf
52,27430,connected,,,compute-109,be5-port0,server,be-rail-leaf-14,E1/23/1,leaf
52,27431,connected,,,compute-109,be6-port0,server,be-rail-leaf-15,E1/23/1,leaf
52,27432,connected,,,compute-109,be7-port0,server,be-rail-leaf-16,E1/23/1,leaf
52,27433,connected,,,compute-109,fe-p0,server,fe-leaf-01,E1/55/1,leaf
52,27434,connected,,,compute-109,fe-p1,server,fe-leaf-02,E1/55/1,leaf
52,27435,connected,,,compute-110,be0-port0,server,be-rail-leaf-09,E1/23/2,leaf
52,27436,connected,,,compute-110,be1-port0,server,be-rail-leaf-10,E1/23/2,leaf
52,27437,connected,,,compute-110,be2-port0,server,be-rail-leaf-11,E1/23/2,leaf
52,27438,connected,,,compute-110,be3-port0,server,be-rail-leaf-12,E1/23/2,leaf
52,27439,connected,,,compute-110,be4-port0,server,be-rail-leaf-13,E1/23/2,leaf
52,27440,connected,,,compute-110,be5-port0,server,be-rail-leaf-14,E1/23/2,leaf
52,27441,connected,,,compute-110,be6-port0,server,be-rail-leaf-15,E1/23/2,leaf
52,27442,connected,,,compute-110,be7-port0,server,be-rail-leaf-16,E1/23/2,leaf
52,27443,connected,,,compute-110,fe-p0,server,fe-leaf-01,E1/55/2,leaf
52,27444,connected,,,compute-110,fe-p1,server,fe-leaf-02,E1/55/2,leaf
52,27445,connected,,,compute-111,be0-port0,server,be-rail-leaf-09,E1/24/1,leaf
52,27446,connected,,,compute-111,be1-port0,server,be-rail-leaf-10,E1/24/1,leaf
52,27447,connected,,,compute-111,be2-port0,server,be-rail-leaf-11,E1/24/1,leaf
52,27448,connected,,,compute-111,be3-port0,server,be-rail-leaf-12,E1/24/1,leaf
52,27449,connected,,,compute-111,be4-port0,server,be-rail-leaf-13,E1/24/1,leaf
52,27450,connected,,,compute-111,be5-port0,server,be-rail-leaf-14,E1/24/1,leaf
52,27451,connected,,,compute-111,be6-port0,server,be-rail-leaf-15,E1/24/1,leaf
52,27452,connected,,,compute-111,be7-port0,server,be-rail-leaf-16,E1/24/1,leaf
52,27453,connected,,,compute-111,fe-p0,server,fe-leaf-01,E1/55/3,leaf
52,27454,connected,,,compute-111,fe-p1,server,fe-leaf-02,E1/55/3,leaf
52,27455,connected,,,compute-112,be0-port0,server,be-rail-leaf-09,E1/24/2,leaf
52,27456,connected,,,compute-112,be1-port0,server,be-rail-leaf-10,E1/24/2,leaf
52,27457,connected,,,compute-112,be2-port0,server,be-rail-leaf-11,E1/24/2,leaf
52,27458,connected,,,compute-112,be3-port0,server,be-rail-leaf-12,E1/24/2,leaf
52,27459,connected,,,compute-112,be4-port0,server,be-rail-leaf-13,E1/24/2,leaf
52,27460,connected,,,compute-112,be5-port0,server,be-rail-leaf-14,E1/24/2,leaf
52,27461,connected,,,compute-112,be6-port0,server,be-rail-leaf-15,E1/24/2,leaf
52,27462,connected,,,compute-112,be7-port0,server,be-rail-leaf-16,E1/24/2,leaf
52,27463,connected,,,compute-112,fe-p0,server,fe-leaf-01,E1/55/4,leaf
52,27464,connected,,,compute-112,fe-p1,server,fe-leaf-02,E1/55/4,leaf
52,27465,connected,,,compute-113,be0-port0,server,be-rail-leaf-09,E1/25/1,leaf
52,27466,connected,,,compute-113,be1-port0,server,be-rail-leaf-10,E1/25/1,leaf
52,27467,connected,,,compute-113,be2-port0,server,be-rail-leaf-11,E1/25/1,leaf
52,27468,connected,,,compute-113,be3-port0,server,be-rail-leaf-12,E1/25/1,leaf
52,27469,connected,,,compute-113,be4-port0,server,be-rail-leaf-13,E1/25/1,leaf
52,27470,connected,,,compute-113,be5-port0,server,be-rail-leaf-14,E1/25/1,leaf
52,27471,connected,,,compute-113,be6-port0,server,be-rail-leaf-15,E1/25/1,leaf
52,27472,connected,,,compute-113,be7-port0,server,be-rail-leaf-16,E1/25/1,leaf
52,27473,connected,,,compute-113,fe-p0,server,fe-leaf-01,E1/57/1,leaf
52,27474,connected,,,compute-113,fe-p1,server,fe-leaf-02,E1/57/1,leaf
52,27475,connected,,,compute-114,be0-port0,server,be-rail-leaf-09,E1/25/2,leaf
52,27476,connected,,,compute-114,be1-port0,server,be-rail-leaf-10,E1/25/2,leaf
52,27477,connected,,,compute-114,be2-port0,server,be-rail-leaf-11,E1/25/2,leaf
52,27478,connected,,,compute-114,be3-port0,server,be-rail-leaf-12,E1/25/2,leaf
52,27479,connected,,,compute-114,be4-port0,server,be-rail-leaf-13,E1/25/2,leaf
52,27480,connected,,,compute-114,be5-port0,server,be-rail-leaf-14,E1/25/2,leaf
52,27481,connected,,,compute-114,be6-port0,server,be-rail-leaf-15,E1/25/2,leaf
52,27482,connected,,,compute-114,be7-port0,server,be-rail-leaf-16,E1/25/2,leaf
52,27483,connected,,,compute-114,fe-p0,server,fe-leaf-01,E1/57/2,leaf
52,27484,connected,,,compute-114,fe-p1,server,fe-leaf-02,E1/57/2,leaf
52,27485,connected,,,compute-115,be0-port0,server,be-rail-leaf-09,E1/26/1,leaf
52,27486,connected,,,compute-115,be1-port0,server,be-rail-leaf-10,E1/26/1,leaf
52,27487,connected,,,compute-115,be2-port0,server,be-rail-leaf-11,E1/26/1,leaf
52,27488,connected,,,compute-115,be3-port0,server,be-rail-leaf-12,E1/26/1,leaf
52,27489,connected,,,compute-115,be4-port0,server,be-rail-leaf-13,E1/26/1,leaf
52,27490,connected,,,compute-115,be5-port0,server,be-rail-leaf-14,E1/26/1,leaf
52,27491,connected,,,compute-115,be6-port0,server,be-rail-leaf-15,E1/26/1,leaf
52,27492,connected,,,compute-115,be7-port0,server,be-rail-leaf-16,E1/26/1,leaf
52,27493,connected,,,compute-115,fe-p0,server,fe-leaf-01,E1/57/3,leaf
52,27494,connected,,,compute-115,fe-p1,server,fe-leaf-02,E1/57/3,leaf
52,27495,connected,,,compute-116,be0-port0,server,be-rail-leaf-09,E1/26/2,leaf
52,27496,connected,,,compute-116,be1-port0,server,be-rail-leaf-10,E1/26/2,leaf
52,27497,connected,,,compute-116,be2-port0,server,be-rail-leaf-11,E1/26/2,leaf
52,27498,connected,,,compute-116,be3-port0,server,be-rail-leaf-12,E1/26/2,leaf
52,27499,connected,,,compute-116,be4-port0,server,be-rail-leaf-13,E1/26/2,leaf
52,27500,connected,,,compute-116,be5-port0,server,be-rail-leaf-14,E1/26/2,leaf
52,27501,connected,,,compute-116,be6-port0,server,be-rail-leaf-15,E1/26/2,leaf
52,27502,connected,,,compute-116,be7-port0,server,be-rail-leaf-16,E1/26/2,leaf
52,27503,connected,,,compute-116,fe-p0,server,fe-leaf-01,E1/57/4,leaf
52,27504,connected,,,compute-116,fe-p1,server,fe-leaf-02,E1/57/4,leaf
52,27505,connected,,,compute-117,be0-port0,server,be-rail-leaf-09,E1/27/1,leaf
52,27506,connected,,,compute-117,be1-port0,server,be-rail-leaf-10,E1/27/1,leaf
52,27507,connected,,,compute-117,be2-port0,server,be-rail-leaf-11,E1/27/1,leaf
52,27508,connected,,,compute-117,be3-port0,server,be-rail-leaf-12,E1/27/1,leaf
52,27509,connected,,,compute-117,be4-port0,server,be-rail-leaf-13,E1/27/1,leaf
52,27510,connected,,,compute-117,be5-port0,server,be-rail-leaf-14,E1/27/1,leaf
52,27511,connected,,,compute-117,be6-port0,server,be-rail-leaf-15,E1/27/1,leaf
52,27512,connected,,,compute-117,be7-port0,server,be-rail-leaf-16,E1/27/1,leaf
52,27513,connected,,,compute-117,fe-p0,server,fe-leaf-01,E1/59/1,leaf
52,27514,connected,,,compute-117,fe-p1,server,fe-leaf-02,E1/59/1,leaf
52,27515,connected,,,compute-118,be0-port0,server,be-rail-leaf-09,E1/27/2,leaf
52,27516,connected,,,compute-118,be1-port0,server,be-rail-leaf-10,E1/27/2,leaf
52,27517,connected,,,compute-118,be2-port0,server,be-rail-leaf-11,E1/27/2,leaf
52,27518,connected,,,compute-118,be3-port0,server,be-rail-leaf-12,E1/27/2,leaf
52,27519,connected,,,compute-118,be4-port0,server,be-rail-leaf-13,E1/27/2,leaf
52,27520,connected,,,compute-118,be5-port0,server,be-rail-leaf-14,E1/27/2,leaf
52,27521,connected,,,compute-118,be6-port0,server,be-rail-leaf-15,E1/27/2,leaf
52,27522,connected,,,compute-118,be7-port0,server,be-rail-leaf-16,E1/27/2,leaf
52,27523,connected,,,compute-118,fe-p0,server,fe-leaf-01,E1/59/2,leaf
52,27524,connected,,,compute-118,fe-p1,server,fe-leaf-02,E1/59/2,leaf
52,27525,connected,,,compute-119,be0-port0,server,be-rail-leaf-09,E1/28/1,leaf
52,27526,connected,,,compute-119,be1-port0,server,be-rail-leaf-10,E1/28/1,leaf
52,27527,connected,,,compute-119,be2-port0,server,be-rail-leaf-11,E1/28/1,leaf
52,27528,connected,,,compute-119,be3-port0,server,be-rail-leaf-12,E1/28/1,leaf
52,27529,connected,,,compute-119,be4-port0,server,be-rail-leaf-13,E1/28/1,leaf
52,27530,connected,,,compute-119,be5-port0,server,be-rail-leaf-14,E1/28/1,leaf
52,27531,connected,,,compute-119,be6-port0,server,be-rail-leaf-15,E1/28/1,leaf
52,27532,connected,,,compute-119,be7-port0,server,be-rail-leaf-16,E1/28/1,leaf
52,27533,connected,,,compute-119,fe-p0,server,fe-leaf-01,E1/59/3,leaf
52,27534,connected,,,compute-119,fe-p1,server,fe-leaf-02,E1/59/3,leaf
52,27535,connected,,,compute-120,be0-port0,server,be-rail-leaf-09,E1/28/2,leaf
52,27536,connected,,,compute-120,be1-port0,server,be-rail-leaf-10,E1/28/2,leaf
52,27537,connected,,,compute-120,be2-port0,server,be-rail-leaf-11,E1/28/2,leaf
52,27538,connected,,,compute-120,be3-port0,server,be-rail-leaf-12,E1/28/2,leaf
52,27539,connected,,,compute-120,be4-port0,server,be-rail-leaf-13,E1/28/2,leaf
52,27540,connected,,,compute-120,be5-port0,server,be-rail-leaf-14,E1/28/2,leaf
52,27541,connected,,,compute-120,be6-port0,server,be-rail-leaf-15,E1/28/2,leaf
52,27542,connected,,,compute-120,be7-port0,server,be-rail-leaf-16,E1/28/2,leaf
52,27543,connected,,,compute-120,fe-p0,server,fe-leaf-01,E1/59/4,leaf
52,27544,connected,,,compute-120,fe-p1,server,fe-leaf-02,E1/59/4,leaf
52,27545,connected,,,compute-121,be0-port0,server,be-rail-leaf-09,E1/29/1,leaf
52,27546,connected,,,compute-121,be1-port0,server,be-rail-leaf-10,E1/29/1,leaf
52,27547,connected,,,compute-121,be2-port0,server,be-rail-leaf-11,E1/29/1,leaf
52,27548,connected,,,compute-121,be3-port0,server,be-rail-leaf-12,E1/29/1,leaf
52,27549,connected,,,compute-121,be4-port0,server,be-rail-leaf-13,E1/29/1,leaf
52,27550,connected,,,compute-121,be5-port0,server,be-rail-leaf-14,E1/29/1,leaf
52,27551,connected,,,compute-121,be6-port0,server,be-rail-leaf-15,E1/29/1,leaf
52,27552,connected,,,compute-121,be7-port0,server,be-rail-leaf-16,E1/29/1,leaf
52,27553,connected,,,compute-121,fe-p0,server,fe-leaf-01,E1/61/1,leaf
52,27554,connected,,,compute-121,fe-p1,server,fe-leaf-02,E1/61/1,leaf
52,27555,connected,,,compute-122,be0-port0,server,be-rail-leaf-09,E1/29/2,leaf
52,27556,connected,,,compute-122,be1-port0,server,be-rail-leaf-10,E1/29/2,leaf
52,27557,connected,,,compute-122,be2-port0,server,be-rail-leaf-11,E1/29/2,leaf
52,27558,connected,,,compute-122,be3-port0,server,be-rail-leaf-12,E1/29/2,leaf
52,27559,connected,,,compute-122,be4-port0,server,be-rail-leaf-13,E1/29/2,leaf
52,27560,connected,,,compute-122,be5-port0,server,be-rail-leaf-14,E1/29/2,leaf
52,27561,connected,,,compute-122,be6-port0,server,be-rail-leaf-15,E1/29/2,leaf
52,27562,connected,,,compute-122,be7-port0,server,be-rail-leaf-16,E1/29/2,leaf
52,27563,connected,,,compute-122,fe-p0,server,fe-leaf-01,E1/61/2,leaf
52,27564,connected,,,compute-122,fe-p1,server,fe-leaf-02,E1/61/2,leaf
52,27565,connected,,,compute-123,be0-port0,server,be-rail-leaf-09,E1/30/1,leaf
52,27566,connected,,,compute-123,be1-port0,server,be-rail-leaf-10,E1/30/1,leaf
52,27567,connected,,,compute-123,be2-port0,server,be-rail-leaf-11,E1/30/1,leaf
52,27568,connected,,,compute-123,be3-port0,server,be-rail-leaf-12,E1/30/1,leaf
52,27569,connected,,,compute-123,be4-port0,server,be-rail-leaf-13,E1/30/1,leaf
52,27570,connected,,,compute-123,be5-port0,server,be-rail-leaf-14,E1/30/1,leaf
52,27571,connected,,,compute-123,be6-port0,server,be-rail-leaf-15,E1/30/1,leaf
52,27572,connected,,,compute-123,be7-port0,server,be-rail-leaf-16,E1/30/1,leaf
52,27573,connected,,,compute-123,fe-p0,server,fe-leaf-01,E1/61/3,leaf
52,27574,connected,,,compute-123,fe-p1,server,fe-leaf-02,E1/61/3,leaf
52,27575,connected,,,compute-124,be0-port0,server,be-rail-leaf-09,E1/30/2,leaf
52,27576,connected,,,compute-124,be1-port0,server,be-rail-leaf-10,E1/30/2,leaf
52,27577,connected,,,compute-124,be2-port0,server,be-rail-leaf-11,E1/30/2,leaf
52,27578,connected,,,compute-124,be3-port0,server,be-rail-leaf-12,E1/30/2,leaf
52,27579,connected,,,compute-124,be4-port0,server,be-rail-leaf-13,E1/30/2,leaf
52,27580,connected,,,compute-124,be5-port0,server,be-rail-leaf-14,E1/30/2,leaf
52,27581,connected,,,compute-124,be6-port0,server,be-rail-leaf-15,E1/30/2,leaf
52,27582,connected,,,compute-124,be7-port0,server,be-rail-leaf-16,E1/30/2,leaf
52,27583,connected,,,compute-124,fe-p0,server,fe-leaf-01,E1/61/4,leaf
52,27584,connected,,,compute-124,fe-p1,server,fe-leaf-02,E1/61/4,leaf
52,27585,connected,,,compute-125,be0-port0,server,be-rail-leaf-09,E1/31/1,leaf
52,27586,connected,,,compute-125,be1-port0,server,be-rail-leaf-10,E1/31/1,leaf
52,27587,connected,,,compute-125,be2-port0,server,be-rail-leaf-11,E1/31/1,leaf
52,27588,connected,,,compute-125,be3-port0,server,be-rail-leaf-12,E1/31/1,leaf
52,27589,connected,,,compute-125,be4-port0,server,be-rail-leaf-13,E1/31/1,leaf
52,27590,connected,,,compute-125,be5-port0,server,be-rail-leaf-14,E1/31/1,leaf
52,27591,connected,,,compute-125,be6-port0,server,be-rail-leaf-15,E1/31/1,leaf
52,27592,connected,,,compute-125,be7-port0,server,be-rail-leaf-16,E1/31/1,leaf
52,27593,connected,,,compute-125,fe-p0,server,fe-leaf-01,E1/63/1,leaf
52,27594,connected,,,compute-125,fe-p1,server,fe-leaf-02,E1/63/1,leaf
52,27595,connected,,,compute-126,be0-port0,server,be-rail-leaf-09,E1/31/2,leaf
52,27596,connected,,,compute-126,be1-port0,server,be-rail-leaf-10,E1/31/2,leaf
52,27597,connected,,,compute-126,be2-port0,server,be-rail-leaf-11,E1/31/2,leaf
52,27598,connected,,,compute-126,be3-port0,server,be-rail-leaf-12,E1/31/2,leaf
52,27599,connected,,,compute-126,be4-port0,server,be-rail-leaf-13,E1/31/2,leaf
52,27600,connected,,,compute-126,be5-port0,server,be-rail-leaf-14,E1/31/2,leaf
52,27601,connected,,,compute-126,be6-port0,server,be-rail-leaf-15,E1/31/2,leaf
52,27602,connected,,,compute-126,be7-port0,server,be-rail-leaf-16,E1/31/2,leaf
52,27603,connected,,,compute-126,fe-p0,server,fe-leaf-01,E1/63/2,leaf
52,27604,connected,,,compute-126,fe-p1,server,fe-leaf-02,E1/63/2,leaf
52,27605,connected,,,compute-127,be0-port0,server,be-rail-leaf-09,E1/32/1,leaf
52,27606,connected,,,compute-127,be1-port0,server,be-rail-leaf-10,E1/32/1,leaf
52,27607,connected,,,compute-127,be2-port0,server,be-rail-leaf-11,E1/32/1,leaf
52,27608,connected,,,compute-127,be3-port0,server,be-rail-leaf-12,E1/32/1,leaf
52,27609,connected,,,compute-127,be4-port0,server,be-rail-leaf-13,E1/32/1,leaf
52,27610,connected,,,compute-127,be5-port0,server,be-rail-leaf-14,E1/32/1,leaf
52,27611,connected,,,compute-127,be6-port0,server,be-rail-leaf-15,E1/32/1,leaf
52,27612,connected,,,compute-127,be7-port0,server,be-rail-leaf-16,E1/32/1,leaf
52,27613,connected,,,compute-127,fe-p0,server,fe-leaf-01,E1/63/3,leaf
52,27614,connected,,,compute-127,fe-p1,server,fe-leaf-02,E1/63/3,leaf
52,27615,connected,,,compute-128,be0-port0,server,be-rail-leaf-09,E1/32/2,leaf
52,27616,connected,,,compute-128,be1-port0,server,be-rail-leaf-10,E1/32/2,leaf
52,27617,connected,,,compute-128,be2-port0,server,be-rail-leaf-11,E1/32/2,leaf
52,27618,connected,,,compute-128,be3-port0,server,be-rail-leaf-12,E1/32/2,leaf
52,27619,connected,,,compute-128,be4-port0,server,be-rail-leaf-13,E1/32/2,leaf
52,27620,connected,,,compute-128,be5-port0,server,be-rail-leaf-14,E1/32/2,leaf
52,27621,connected,,,compute-128,be6-port0,server,be-rail-leaf-15,E1/32/2,leaf
52,27622,connected,,,compute-128,be7-port0,server,be-rail-leaf-16,E1/32/2,leaf
52,27623,connected,,,compute-128,fe-p0,server,fe-leaf-01,E1/63/4,leaf
52,27624,connected,,,compute-128,fe-p1,server,fe-leaf-02,E1/63/4,leaf
52,27625,connected,,,be-rail-leaf-01,E1/33,leaf,be-spine-01,E1/1,spine
52,27626,connected,,,be-rail-leaf-01,E1/34,leaf,be-spine-01,E1/2,spine
52,27627,connected,,,be-rail-leaf-01,E1/35,leaf,be-spine-01,E1/3,spine
52,27628,connected,,,be-rail-leaf-01,E1/36,leaf,be-spine-01,E1/4,spine
52,27629,connected,,,be-rail-leaf-01,E1/37,leaf,be-spine-02,E1/1,spine
52,27630,connected,,,be-rail-leaf-01,E1/38,leaf,be-spine-02,E1/2,spine
52,27631,connected,,,be-rail-leaf-01,E1/39,leaf,be-spine-02,E1/3,spine
52,27632,connected,,,be-rail-leaf-01,E1/40,leaf,be-spine-02,E1/4,spine
52,27633,connected,,,be-rail-leaf-01,E1/41,leaf,be-spine-03,E1/1,spine
52,27634,connected,,,be-rail-leaf-01,E1/42,leaf,be-spine-03,E1/2,spine
52,27635,connected,,,be-rail-leaf-01,E1/43,leaf,be-spine-03,E1/3,spine
52,27636,connected,,,be-rail-leaf-01,E1/44,leaf,be-spine-03,E1/4,spine
52,27637,connected,,,be-rail-leaf-01,E1/45,leaf,be-spine-04,E1/1,spine
52,27638,connected,,,be-rail-leaf-01,E1/46,leaf,be-spine-04,E1/2,spine
52,27639,connected,,,be-rail-leaf-01,E1/47,leaf,be-spine-04,E1/3,spine
52,27640,connected,,,be-rail-leaf-01,E1/48,leaf,be-spine-04,E1/4,spine
52,27641,connected,,,be-rail-leaf-01,E1/49,leaf,be-spine-05,E1/1,spine
52,27642,connected,,,be-rail-leaf-01,E1/50,leaf,be-spine-05,E1/2,spine
52,27643,connected,,,be-rail-leaf-01,E1/51,leaf,be-spine-05,E1/3,spine
52,27644,connected,,,be-rail-leaf-01,E1/52,leaf,be-spine-05,E1/4,spine
52,27645,connected,,,be-rail-leaf-01,E1/53,leaf,be-spine-06,E1/1,spine
52,27646,connected,,,be-rail-leaf-01,E1/54,leaf,be-spine-06,E1/2,spine
52,27647,connected,,,be-rail-leaf-01,E1/55,leaf,be-spine-06,E1/3,spine
52,27648,connected,,,be-rail-leaf-01,E1/56,leaf,be-spine-06,E1/4,spine
52,27649,connected,,,be-rail-leaf-01,E1/57,leaf,be-spine-07,E1/1,spine
52,27650,connected,,,be-rail-leaf-01,E1/58,leaf,be-spine-07,E1/2,spine
52,27651,connected,,,be-rail-leaf-01,E1/59,leaf,be-spine-07,E1/3,spine
52,27652,connected,,,be-rail-leaf-01,E1/60,leaf,be-spine-07,E1/4,spine
52,27653,connected,,,be-rail-leaf-01,E1/61,leaf,be-spine-08,E1/1,spine
52,27654,connected,,,be-rail-leaf-01,E1/62,leaf,be-spine-08,E1/2,spine
52,27655,connected,,,be-rail-leaf-01,E1/63,leaf,be-spine-08,E1/3,spine
52,27656,connected,,,be-rail-leaf-01,E1/64,leaf,be-spine-08,E1/4,spine
52,27657,connected,,,be-rail-leaf-02,E1/33,leaf,be-spine-01,E1/5,spine
52,27658,connected,,,be-rail-leaf-02,E1/34,leaf,be-spine-01,E1/6,spine
52,27659,connected,,,be-rail-leaf-02,E1/35,leaf,be-spine-01,E1/7,spine
52,27660,connected,,,be-rail-leaf-02,E1/36,leaf,be-spine-01,E1/8,spine
52,27661,connected,,,be-rail-leaf-02,E1/37,leaf,be-spine-02,E1/5,spine
52,27662,connected,,,be-rail-leaf-02,E1/38,leaf,be-spine-02,E1/6,spine
52,27663,connected,,,be-rail-leaf-02,E1/39,leaf,be-spine-02,E1/7,spine
52,27664,connected,,,be-rail-leaf-02,E1/40,leaf,be-spine-02,E1/8,spine
52,27665,connected,,,be-rail-leaf-02,E1/41,leaf,be-spine-03,E1/5,spine
52,27666,connected,,,be-rail-leaf-02,E1/42,leaf,be-spine-03,E1/6,spine
52,27667,connected,,,be-rail-leaf-02,E1/43,leaf,be-spine-03,E1/7,spine
52,27668,connected,,,be-rail-leaf-02,E1/44,leaf,be-spine-03,E1/8,spine
52,27669,connected,,,be-rail-leaf-02,E1/45,leaf,be-spine-04,E1/5,spine
52,27670,connected,,,be-rail-leaf-02,E1/46,leaf,be-spine-04,E1/6,spine
52,27671,connected,,,be-rail-leaf-02,E1/47,leaf,be-spine-04,E1/7,spine
52,27672,connected,,,be-rail-leaf-02,E1/48,leaf,be-spine-04,E1/8,spine
52,27673,connected,,,be-rail-leaf-02,E1/49,leaf,be-spine-05,E1/5,spine
52,27674,connected,,,be-rail-leaf-02,E1/50,leaf,be-spine-05,E1/6,spine
52,27675,connected,,,be-rail-leaf-02,E1/51,leaf,be-spine-05,E1/7,spine
52,27676,connected,,,be-rail-leaf-02,E1/52,leaf,be-spine-05,E1/8,spine
52,27677,connected,,,be-rail-leaf-02,E1/53,leaf,be-spine-06,E1/5,spine
52,27678,connected,,,be-rail-leaf-02,E1/54,leaf,be-spine-06,E1/6,spine
52,27679,connected,,,be-rail-leaf-02,E1/55,leaf,be-spine-06,E1/7,spine
52,27680,connected,,,be-rail-leaf-02,E1/56,leaf,be-spine-06,E1/8,spine
52,27681,connected,,,be-rail-leaf-02,E1/57,leaf,be-spine-07,E1/5,spine
52,27682,connected,,,be-rail-leaf-02,E1/58,leaf,be-spine-07,E1/6,spine
52,27683,connected,,,be-rail-leaf-02,E1/59,leaf,be-spine-07,E1/7,spine
52,27684,connected,,,be-rail-leaf-02,E1/60,leaf,be-spine-07,E1/8,spine
52,27685,connected,,,be-rail-leaf-02,E1/61,leaf,be-spine-08,E1/5,spine
52,27686,connected,,,be-rail-leaf-02,E1/62,leaf,be-spine-08,E1/6,spine
52,27687,connected,,,be-rail-leaf-02,E1/63,leaf,be-spine-08,E1/7,spine
52,27688,connected,,,be-rail-leaf-02,E1/64,leaf,be-spine-08,E1/8,spine
52,27689,connected,,,be-rail-leaf-03,E1/33,leaf,be-spine-01,E1/9,spine
52,27690,connected,,,be-rail-leaf-03,E1/34,leaf,be-spine-01,E1/10,spine
52,27691,connected,,,be-rail-leaf-03,E1/35,leaf,be-spine-01,E1/11,spine
52,27692,connected,,,be-rail-leaf-03,E1/36,leaf,be-spine-01,E1/12,spine
52,27693,connected,,,be-rail-leaf-03,E1/37,leaf,be-spine-02,E1/9,spine
52,27694,connected,,,be-rail-leaf-03,E1/38,leaf,be-spine-02,E1/10,spine
52,27695,connected,,,be-rail-leaf-03,E1/39,leaf,be-spine-02,E1/11,spine
52,27696,connected,,,be-rail-leaf-03,E1/40,leaf,be-spine-02,E1/12,spine
52,27697,connected,,,be-rail-leaf-03,E1/41,leaf,be-spine-03,E1/9,spine
52,27698,connected,,,be-rail-leaf-03,E1/42,leaf,be-spine-03,E1/10,spine
52,27699,connected,,,be-rail-leaf-03,E1/43,leaf,be-spine-03,E1/11,spine
52,27700,connected,,,be-rail-leaf-03,E1/44,leaf,be-spine-03,E1/12,spine
52,27701,connected,,,be-rail-leaf-03,E1/45,leaf,be-spine-04,E1/9,spine
52,27702,connected,,,be-rail-leaf-03,E1/46,leaf,be-spine-04,E1/10,spine
52,27703,connected,,,be-rail-leaf-03,E1/47,leaf,be-spine-04,E1/11,spine
52,27704,connected,,,be-rail-leaf-03,E1/48,leaf,be-spine-04,E1/12,spine
52,27705,connected,,,be-rail-leaf-03,E1/49,leaf,be-spine-05,E1/9,spine
52,27706,connected,,,be-rail-leaf-03,E1/50,leaf,be-spine-05,E1/10,spine
52,27707,connected,,,be-rail-leaf-03,E1/51,leaf,be-spine-05,E1/11,spine
52,27708,connected,,,be-rail-leaf-03,E1/52,leaf,be-spine-05,E1/12,spine
52,27709,connected,,,be-rail-leaf-03,E1/53,leaf,be-spine-06,E1/9,spine
52,27710,connected,,,be-rail-leaf-03,E1/54,leaf,be-spine-06,E1/10,spine
52,27711,connected,,,be-rail-leaf-03,E1/55,leaf,be-spine-06,E1/11,spine
52,27712,connected,,,be-rail-leaf-03,E1/56,leaf,be-spine-06,E1/12,spine
52,27713,connected,,,be-rail-leaf-03,E1/57,leaf,be-spine-07,E1/9,spine
52,27714,connected,,,be-rail-leaf-03,E1/58,leaf,be-spine-07,E1/10,spine
52,27715,connected,,,be-rail-leaf-03,E1/59,leaf,be-spine-07,E1/11,spine
52,27716,connected,,,be-rail-leaf-03,E1/60,leaf,be-spine-07,E1/12,spine
52,27717,connected,,,be-rail-leaf-03,E1/61,leaf,be-spine-08,E1/9,spine
52,27718,connected,,,be-rail-leaf-03,E1/62,leaf,be-spine-08,E1/10,spine
52,27719,connected,,,be-rail-leaf-03,E1/63,leaf,be-spine-08,E1/11,spine
52,27720,connected,,,be-rail-leaf-03,E1/64,leaf,be-spine-08,E1/12,spine
52,27721,connected,,,be-rail-leaf-04,E1/33,leaf,be-spine-01,E1/13,spine
52,27722,connected,,,be-rail-leaf-04,E1/34,leaf,be-spine-01,E1/14,spine
52,27723,connected,,,be-rail-leaf-04,E1/35,leaf,be-spine-01,E1/15,spine
52,27724,connected,,,be-rail-leaf-04,E1/36,leaf,be-spine-01,E1/16,spine
52,27725,connected,,,be-rail-leaf-04,E1/37,leaf,be-spine-02,E1/13,spine
52,27726,connected,,,be-rail-leaf-04,E1/38,leaf,be-spine-02,E1/14,spine
52,27727,connected,,,be-rail-leaf-04,E1/39,leaf,be-spine-02,E1/15,spine
52,27728,connected,,,be-rail-leaf-04,E1/40,leaf,be-spine-02,E1/16,spine
52,27729,connected,,,be-rail-leaf-04,E1/41,leaf,be-spine-03,E1/13,spine
52,27730,connected,,,be-rail-leaf-04,E1/42,leaf,be-spine-03,E1/14,spine
52,27731,connected,,,be-rail-leaf-04,E1/43,leaf,be-spine-03,E1/15,spine
52,27732,connected,,,be-rail-leaf-04,E1/44,leaf,be-spine-03,E1/16,spine
52,27733,connected,,,be-rail-leaf-04,E1/45,leaf,be-spine-04,E1/13,spine
52,27734,connected,,,be-rail-leaf-04,E1/46,leaf,be-spine-04,E1/14,spine
52,27735,connected,,,be-rail-leaf-04,E1/47,leaf,be-spine-04,E1/15,spine
52,27736,connected,,,be-rail-leaf-04,E1/48,leaf,be-spine-04,E1/16,spine
52,27737,connected,,,be-rail-leaf-04,E1/49,leaf,be-spine-05,E1/13,spine
52,27738,connected,,,be-rail-leaf-04,E1/50,leaf,be-spine-05,E1/14,spine
52,27739,connected,,,be-rail-leaf-04,E1/51,leaf,be-spine-05,E1/15,spine
52,27740,connected,,,be-rail-leaf-04,E1/52,leaf,be-spine-05,E1/16,spine
52,27741,connected,,,be-rail-leaf-04,E1/53,leaf,be-spine-06,E1/13,spine
52,27742,connected,,,be-rail-leaf-04,E1/54,leaf,be-spine-06,E1/14,spine
52,27743,connected,,,be-rail-leaf-04,E1/55,leaf,be-spine-06,E1/15,spine
52,27744,connected,,,be-rail-leaf-04,E1/56,leaf,be-spine-06,E1/16,spine
52,27745,connected,,,be-rail-leaf-04,E1/57,leaf,be-spine-07,E1/13,spine
52,27746,connected,,,be-rail-leaf-04,E1/58,leaf,be-spine-07,E1/14,spine
52,27747,connected,,,be-rail-leaf-04,E1/59,leaf,be-spine-07,E1/15,spine
52,27748,connected,,,be-rail-leaf-04,E1/60,leaf,be-spine-07,E1/16,spine
52,27749,connected,,,be-rail-leaf-04,E1/61,leaf,be-spine-08,E1/13,spine
52,27750,connected,,,be-rail-leaf-04,E1/62,leaf,be-spine-08,E1/14,spine
52,27751,connected,,,be-rail-leaf-04,E1/63,leaf,be-spine-08,E1/15,spine
52,27752,connected,,,be-rail-leaf-04,E1/64,leaf,be-spine-08,E1/16,spine
52,27753,connected,,,be-rail-leaf-05,E1/33,leaf,be-spine-01,E1/17,spine
52,27754,connected,,,be-rail-leaf-05,E1/34,leaf,be-spine-01,E1/18,spine
52,27755,connected,,,be-rail-leaf-05,E1/35,leaf,be-spine-01,E1/19,spine
52,27756,connected,,,be-rail-leaf-05,E1/36,leaf,be-spine-01,E1/20,spine
52,27757,connected,,,be-rail-leaf-05,E1/37,leaf,be-spine-02,E1/17,spine
52,27758,connected,,,be-rail-leaf-05,E1/38,leaf,be-spine-02,E1/18,spine
52,27759,connected,,,be-rail-leaf-05,E1/39,leaf,be-spine-02,E1/19,spine
52,27760,connected,,,be-rail-leaf-05,E1/40,leaf,be-spine-02,E1/20,spine
52,27761,connected,,,be-rail-leaf-05,E1/41,leaf,be-spine-03,E1/17,spine
52,27762,connected,,,be-rail-leaf-05,E1/42,leaf,be-spine-03,E1/18,spine
52,27763,connected,,,be-rail-leaf-05,E1/43,leaf,be-spine-03,E1/19,spine
52,27764,connected,,,be-rail-leaf-05,E1/44,leaf,be-spine-03,E1/20,spine
52,27765,connected,,,be-rail-leaf-05,E1/45,leaf,be-spine-04,E1/17,spine
52,27766,connected,,,be-rail-leaf-05,E1/46,leaf,be-spine-04,E1/18,spine
52,27767,connected,,,be-rail-leaf-05,E1/47,leaf,be-spine-04,E1/19,spine
52,27768,connected,,,be-rail-leaf-05,E1/48,leaf,be-spine-04,E1/20,spine
52,27769,connected,,,be-rail-leaf-05,E1/49,leaf,be-spine-05,E1/17,spine
52,27770,connected,,,be-rail-leaf-05,E1/50,leaf,be-spine-05,E1/18,spine
52,27771,connected,,,be-rail-leaf-05,E1/51,leaf,be-spine-05,E1/19,spine
52,27772,connected,,,be-rail-leaf-05,E1/52,leaf,be-spine-05,E1/20,spine
52,27773,connected,,,be-rail-leaf-05,E1/53,leaf,be-spine-06,E1/17,spine
52,27774,connected,,,be-rail-leaf-05,E1/54,leaf,be-spine-06,E1/18,spine
52,27775,connected,,,be-rail-leaf-05,E1/55,leaf,be-spine-06,E1/19,spine
52,27776,connected,,,be-rail-leaf-05,E1/56,leaf,be-spine-06,E1/20,spine
52,27777,connected,,,be-rail-leaf-05,E1/57,leaf,be-spine-07,E1/17,spine
52,27778,connected,,,be-rail-leaf-05,E1/58,leaf,be-spine-07,E1/18,spine
52,27779,connected,,,be-rail-leaf-05,E1/59,leaf,be-spine-07,E1/19,spine
52,27780,connected,,,be-rail-leaf-05,E1/60,leaf,be-spine-07,E1/20,spine
52,27781,connected,,,be-rail-leaf-05,E1/61,leaf,be-spine-08,E1/17,spine
52,27782,connected,,,be-rail-leaf-05,E1/62,leaf,be-spine-08,E1/18,spine
52,27783,connected,,,be-rail-leaf-05,E1/63,leaf,be-spine-08,E1/19,spine
52,27784,connected,,,be-rail-leaf-05,E1/64,leaf,be-spine-08,E1/20,spine
52,27785,connected,,,be-rail-leaf-06,E1/33,leaf,be-spine-01,E1/21,spine
52,27786,connected,,,be-rail-leaf-06,E1/34,leaf,be-spine-01,E1/22,spine
52,27787,connected,,,be-rail-leaf-06,E1/35,leaf,be-spine-01,E1/23,spine
52,27788,connected,,,be-rail-leaf-06,E1/36,leaf,be-spine-01,E1/24,spine
52,27789,connected,,,be-rail-leaf-06,E1/37,leaf,be-spine-02,E1/21,spine
52,27790,connected,,,be-rail-leaf-06,E1/38,leaf,be-spine-02,E1/22,spine
52,27791,connected,,,be-rail-leaf-06,E1/39,leaf,be-spine-02,E1/23,spine
52,27792,connected,,,be-rail-leaf-06,E1/40,leaf,be-spine-02,E1/24,spine
52,27793,connected,,,be-rail-leaf-06,E1/41,leaf,be-spine-03,E1/21,spine
52,27794,connected,,,be-rail-leaf-06,E1/42,leaf,be-spine-03,E1/22,spine
52,27795,connected,,,be-rail-leaf-06,E1/43,leaf,be-spine-03,E1/23,spine
52,27796,connected,,,be-rail-leaf-06,E1/44,leaf,be-spine-03,E1/24,spine
52,27797,connected,,,be-rail-leaf-06,E1/45,leaf,be-spine-04,E1/21,spine
52,27798,connected,,,be-rail-leaf-06,E1/46,leaf,be-spine-04,E1/22,spine
52,27799,connected,,,be-rail-leaf-06,E1/47,leaf,be-spine-04,E1/23,spine
52,27800,connected,,,be-rail-leaf-06,E1/48,leaf,be-spine-04,E1/24,spine
52,27801,connected,,,be-rail-leaf-06,E1/49,leaf,be-spine-05,E1/21,spine
52,27802,connected,,,be-rail-leaf-06,E1/50,leaf,be-spine-05,E1/22,spine
52,27803,connected,,,be-rail-leaf-06,E1/51,leaf,be-spine-05,E1/23,spine
52,27804,connected,,,be-rail-leaf-06,E1/52,leaf,be-spine-05,E1/24,spine
52,27805,connected,,,be-rail-leaf-06,E1/53,leaf,be-spine-06,E1/21,spine
52,27806,connected,,,be-rail-leaf-06,E1/54,leaf,be-spine-06,E1/22,spine
52,27807,connected,,,be-rail-leaf-06,E1/55,leaf,be-spine-06,E1/23,spine
52,27808,connected,,,be-rail-leaf-06,E1/56,leaf,be-spine-06,E1/24,spine
52,27809,connected,,,be-rail-leaf-06,E1/57,leaf,be-spine-07,E1/21,spine
52,27810,connected,,,be-rail-leaf-06,E1/58,leaf,be-spine-07,E1/22,spine
52,27811,connected,,,be-rail-leaf-06,E1/59,leaf,be-spine-07,E1/23,spine
52,27812,connected,,,be-rail-leaf-06,E1/60,leaf,be-spine-07,E1/24,spine
52,27813,connected,,,be-rail-leaf-06,E1/61,leaf,be-spine-08,E1/21,spine
52,27814,connected,,,be-rail-leaf-06,E1/62,leaf,be-spine-08,E1/22,spine
52,27815,connected,,,be-rail-leaf-06,E1/63,leaf,be-spine-08,E1/23,spine
52,27816,connected,,,be-rail-leaf-06,E1/64,leaf,be-spine-08,E1/24,spine
52,27817,connected,,,be-rail-leaf-07,E1/33,leaf,be-spine-01,E1/25,spine
52,27818,connected,,,be-rail-leaf-07,E1/34,leaf,be-spine-01,E1/26,spine
52,27819,connected,,,be-rail-leaf-07,E1/35,leaf,be-spine-01,E1/27,spine
52,27820,connected,,,be-rail-leaf-07,E1/36,leaf,be-spine-01,E1/28,spine
52,27821,connected,,,be-rail-leaf-07,E1/37,leaf,be-spine-02,E1/25,spine
52,27822,connected,,,be-rail-leaf-07,E1/38,leaf,be-spine-02,E1/26,spine
52,27823,connected,,,be-rail-leaf-07,E1/39,leaf,be-spine-02,E1/27,spine
52,27824,connected,,,be-rail-leaf-07,E1/40,leaf,be-spine-02,E1/28,spine
52,27825,connected,,,be-rail-leaf-07,E1/41,leaf,be-spine-03,E1/25,spine
52,27826,connected,,,be-rail-leaf-07,E1/42,leaf,be-spine-03,E1/26,spine
52,27827,connected,,,be-rail-leaf-07,E1/43,leaf,be-spine-03,E1/27,spine
52,27828,connected,,,be-rail-leaf-07,E1/44,leaf,be-spine-03,E1/28,spine
52,27829,connected,,,be-rail-leaf-07,E1/45,leaf,be-spine-04,E1/25,spine
52,27830,connected,,,be-rail-leaf-07,E1/46,leaf,be-spine-04,E1/26,spine
52,27831,connected,,,be-rail-leaf-07,E1/47,leaf,be-spine-04,E1/27,spine
52,27832,connected,,,be-rail-leaf-07,E1/48,leaf,be-spine-04,E1/28,spine
52,27833,connected,,,be-rail-leaf-07,E1/49,leaf,be-spine-05,E1/25,spine
52,27834,connected,,,be-rail-leaf-07,E1/50,leaf,be-spine-05,E1/26,spine
52,27835,connected,,,be-rail-leaf-07,E1/51,leaf,be-spine-05,E1/27,spine
52,27836,connected,,,be-rail-leaf-07,E1/52,leaf,be-spine-05,E1/28,spine
52,27837,connected,,,be-rail-leaf-07,E1/53,leaf,be-spine-06,E1/25,spine
52,27838,connected,,,be-rail-leaf-07,E1/54,leaf,be-spine-06,E1/26,spine
52,27839,connected,,,be-rail-leaf-07,E1/55,leaf,be-spine-06,E1/27,spine
52,27840,connected,,,be-rail-leaf-07,E1/56,leaf,be-spine-06,E1/28,spine
52,27841,connected,,,be-rail-leaf-07,E1/57,leaf,be-spine-07,E1/25,spine
52,27842,connected,,,be-rail-leaf-07,E1/58,leaf,be-spine-07,E1/26,spine
52,27843,connected,,,be-rail-leaf-07,E1/59,leaf,be-spine-07,E1/27,spine
52,27844,connected,,,be-rail-leaf-07,E1/60,leaf,be-spine-07,E1/28,spine
52,27845,connected,,,be-rail-leaf-07,E1/61,leaf,be-spine-08,E1/25,spine
52,27846,connected,,,be-rail-leaf-07,E1/62,leaf,be-spine-08,E1/26,spine
52,27847,connected,,,be-rail-leaf-07,E1/63,leaf,be-spine-08,E1/27,spine
52,27848,connected,,,be-rail-leaf-07,E1/64,leaf,be-spine-08,E1/28,spine
52,27849,connected,,,be-rail-leaf-08,E1/33,leaf,be-spine-01,E1/29,spine
52,27850,connected,,,be-rail-leaf-08,E1/34,leaf,be-spine-01,E1/30,spine
52,27851,connected,,,be-rail-leaf-08,E1/35,leaf,be-spine-01,E1/31,spine
52,27852,connected,,,be-rail-leaf-08,E1/36,leaf,be-spine-01,E1/32,spine
52,27853,connected,,,be-rail-leaf-08,E1/37,leaf,be-spine-02,E1/29,spine
52,27854,connected,,,be-rail-leaf-08,E1/38,leaf,be-spine-02,E1/30,spine
52,27855,connected,,,be-rail-leaf-08,E1/39,leaf,be-spine-02,E1/31,spine
52,27856,connected,,,be-rail-leaf-08,E1/40,leaf,be-spine-02,E1/32,spine
52,27857,connected,,,be-rail-leaf-08,E1/41,leaf,be-spine-03,E1/29,spine
52,27858,connected,,,be-rail-leaf-08,E1/42,leaf,be-spine-03,E1/30,spine
52,27859,connected,,,be-rail-leaf-08,E1/43,leaf,be-spine-03,E1/31,spine
52,27860,connected,,,be-rail-leaf-08,E1/44,leaf,be-spine-03,E1/32,spine
52,27861,connected,,,be-rail-leaf-08,E1/45,leaf,be-spine-04,E1/29,spine
52,27862,connected,,,be-rail-leaf-08,E1/46,leaf,be-spine-04,E1/30,spine
52,27863,connected,,,be-rail-leaf-08,E1/47,leaf,be-spine-04,E1/31,spine
52,27864,connected,,,be-rail-leaf-08,E1/48,leaf,be-spine-04,E1/32,spine
52,27865,connected,,,be-rail-leaf-08,E1/49,leaf,be-spine-05,E1/29,spine
52,27866,connected,,,be-rail-leaf-08,E1/50,leaf,be-spine-05,E1/30,spine
52,27867,connected,,,be-rail-leaf-08,E1/51,leaf,be-spine-05,E1/31,spine
52,27868,connected,,,be-rail-leaf-08,E1/52,leaf,be-spine-05,E1/32,spine
52,27869,connected,,,be-rail-leaf-08,E1/53,leaf,be-spine-06,E1/29,spine
52,27870,connected,,,be-rail-leaf-08,E1/54,leaf,be-spine-06,E1/30,spine
52,27871,connected,,,be-rail-leaf-08,E1/55,leaf,be-spine-06,E1/31,spine
52,27872,connected,,,be-rail-leaf-08,E1/56,leaf,be-spine-06,E1/32,spine
52,27873,connected,,,be-rail-leaf-08,E1/57,leaf,be-spine-07,E1/29,spine
52,27874,connected,,,be-rail-leaf-08,E1/58,leaf,be-spine-07,E1/30,spine
52,27875,connected,,,be-rail-leaf-08,E1/59,leaf,be-spine-07,E1/31,spine
52,27876,connected,,,be-rail-leaf-08,E1/60,leaf,be-spine-07,E1/32,spine
52,27877,connected,,,be-rail-leaf-08,E1/61,leaf,be-spine-08,E1/29,spine
52,27878,connected,,,be-rail-leaf-08,E1/62,leaf,be-spine-08,E1/30,spine
52,27879,connected,,,be-rail-leaf-08,E1/63,leaf,be-spine-08,E1/31,spine
52,27880,connected,,,be-rail-leaf-08,E1/64,leaf,be-spine-08,E1/32,spine
52,27881,connected,,,be-rail-leaf-09,E1/33,leaf,be-spine-01,E1/33,spine
52,27882,connected,,,be-rail-leaf-09,E1/34,leaf,be-spine-01,E1/34,spine
52,27883,connected,,,be-rail-leaf-09,E1/35,leaf,be-spine-01,E1/35,spine
52,27884,connected,,,be-rail-leaf-09,E1/36,leaf,be-spine-01,E1/36,spine
52,27885,connected,,,be-rail-leaf-09,E1/37,leaf,be-spine-02,E1/33,spine
52,27886,connected,,,be-rail-leaf-09,E1/38,leaf,be-spine-02,E1/34,spine
52,27887,connected,,,be-rail-leaf-09,E1/39,leaf,be-spine-02,E1/35,spine
52,27888,connected,,,be-rail-leaf-09,E1/40,leaf,be-spine-02,E1/36,spine
52,27889,connected,,,be-rail-leaf-09,E1/41,leaf,be-spine-03,E1/33,spine
52,27890,connected,,,be-rail-leaf-09,E1/42,leaf,be-spine-03,E1/34,spine
52,27891,connected,,,be-rail-leaf-09,E1/43,leaf,be-spine-03,E1/35,spine
52,27892,connected,,,be-rail-leaf-09,E1/44,leaf,be-spine-03,E1/36,spine
52,27893,connected,,,be-rail-leaf-09,E1/45,leaf,be-spine-04,E1/33,spine
52,27894,connected,,,be-rail-leaf-09,E1/46,leaf,be-spine-04,E1/34,spine
52,27895,connected,,,be-rail-leaf-09,E1/47,leaf,be-spine-04,E1/35,spine
52,27896,connected,,,be-rail-leaf-09,E1/48,leaf,be-spine-04,E1/36,spine
52,27897,connected,,,be-rail-leaf-09,E1/49,leaf,be-spine-05,E1/33,spine
52,27898,connected,,,be-rail-leaf-09,E1/50,leaf,be-spine-05,E1/34,spine
52,27899,connected,,,be-rail-leaf-09,E1/51,leaf,be-spine-05,E1/35,spine
52,27900,connected,,,be-rail-leaf-09,E1/52,leaf,be-spine-05,E1/36,spine
52,27901,connected,,,be-rail-leaf-09,E1/53,leaf,be-spine-06,E1/33,spine
52,27902,connected,,,be-rail-leaf-09,E1/54,leaf,be-spine-06,E1/34,spine
52,27903,connected,,,be-rail-leaf-09,E1/55,leaf,be-spine-06,E1/35,spine
52,27904,connected,,,be-rail-leaf-09,E1/56,leaf,be-spine-06,E1/36,spine
52,27905,connected,,,be-rail-leaf-09,E1/57,leaf,be-spine-07,E1/33,spine
52,27906,connected,,,be-rail-leaf-09,E1/58,leaf,be-spine-07,E1/34,spine
52,27907,connected,,,be-rail-leaf-09,E1/59,leaf,be-spine-07,E1/35,spine
52,27908,connected,,,be-rail-leaf-09,E1/60,leaf,be-spine-07,E1/36,spine
52,27909,connected,,,be-rail-leaf-09,E1/61,leaf,be-spine-08,E1/33,spine
52,27910,connected,,,be-rail-leaf-09,E1/62,leaf,be-spine-08,E1/34,spine
52,27911,connected,,,be-rail-leaf-09,E1/63,leaf,be-spine-08,E1/35,spine
52,27912,connected,,,be-rail-leaf-09,E1/64,leaf,be-spine-08,E1/36,spine
52,27913,connected,,,be-rail-leaf-10,E1/33,leaf,be-spine-01,E1/37,spine
52,27914,connected,,,be-rail-leaf-10,E1/34,leaf,be-spine-01,E1/38,spine
52,27915,connected,,,be-rail-leaf-10,E1/35,leaf,be-spine-01,E1/39,spine
52,27916,connected,,,be-rail-leaf-10,E1/36,leaf,be-spine-01,E1/40,spine
52,27917,connected,,,be-rail-leaf-10,E1/37,leaf,be-spine-02,E1/37,spine
52,27918,connected,,,be-rail-leaf-10,E1/38,leaf,be-spine-02,E1/38,spine
52,27919,connected,,,be-rail-leaf-10,E1/39,leaf,be-spine-02,E1/39,spine
52,27920,connected,,,be-rail-leaf-10,E1/40,leaf,be-spine-02,E1/40,spine
52,27921,connected,,,be-rail-leaf-10,E1/41,leaf,be-spine-03,E1/37,spine
52,27922,connected,,,be-rail-leaf-10,E1/42,leaf,be-spine-03,E1/38,spine
52,27923,connected,,,be-rail-leaf-10,E1/43,leaf,be-spine-03,E1/39,spine
52,27924,connected,,,be-rail-leaf-10,E1/44,leaf,be-spine-03,E1/40,spine
52,27925,connected,,,be-rail-leaf-10,E1/45,leaf,be-spine-04,E1/37,spine
52,27926,connected,,,be-rail-leaf-10,E1/46,leaf,be-spine-04,E1/38,spine
52,27927,connected,,,be-rail-leaf-10,E1/47,leaf,be-spine-04,E1/39,spine
52,27928,connected,,,be-rail-leaf-10,E1/48,leaf,be-spine-04,E1/40,spine
52,27929,connected,,,be-rail-leaf-10,E1/49,leaf,be-spine-05,E1/37,spine
52,27930,connected,,,be-rail-leaf-10,E1/50,leaf,be-spine-05,E1/38,spine
52,27931,connected,,,be-rail-leaf-10,E1/51,leaf,be-spine-05,E1/39,spine
52,27932,connected,,,be-rail-leaf-10,E1/52,leaf,be-spine-05,E1/40,spine
52,27933,connected,,,be-rail-leaf-10,E1/53,leaf,be-spine-06,E1/37,spine
52,27934,connected,,,be-rail-leaf-10,E1/54,leaf,be-spine-06,E1/38,spine
52,27935,connected,,,be-rail-leaf-10,E1/55,leaf,be-spine-06,E1/39,spine
52,27936,connected,,,be-rail-leaf-10,E1/56,leaf,be-spine-06,E1/40,spine
52,27937,connected,,,be-rail-leaf-10,E1/57,leaf,be-spine-07,E1/37,spine
52,27938,connected,,,be-rail-leaf-10,E1/58,leaf,be-spine-07,E1/38,spine
52,27939,connected,,,be-rail-leaf-10,E1/59,leaf,be-spine-07,E1/39,spine
52,27940,connected,,,be-rail-leaf-10,E1/60,leaf,be-spine-07,E1/40,spine
52,27941,connected,,,be-rail-leaf-10,E1/61,leaf,be-spine-08,E1/37,spine
52,27942,connected,,,be-rail-leaf-10,E1/62,leaf,be-spine-08,E1/38,spine
52,27943,connected,,,be-rail-leaf-10,E1/63,leaf,be-spine-08,E1/39,spine
52,27944,connected,,,be-rail-leaf-10,E1/64,leaf,be-spine-08,E1/40,spine
52,27945,connected,,,be-rail-leaf-11,E1/33,leaf,be-spine-01,E1/41,spine
52,27946,connected,,,be-rail-leaf-11,E1/34,leaf,be-spine-01,E1/42,spine
52,27947,connected,,,be-rail-leaf-11,E1/35,leaf,be-spine-01,E1/43,spine
52,27948,connected,,,be-rail-leaf-11,E1/36,leaf,be-spine-01,E1/44,spine
52,27949,connected,,,be-rail-leaf-11,E1/37,leaf,be-spine-02,E1/41,spine
52,27950,connected,,,be-rail-leaf-11,E1/38,leaf,be-spine-02,E1/42,spine
52,27951,connected,,,be-rail-leaf-11,E1/39,leaf,be-spine-02,E1/43,spine
52,27952,connected,,,be-rail-leaf-11,E1/40,leaf,be-spine-02,E1/44,spine
52,27953,connected,,,be-rail-leaf-11,E1/41,leaf,be-spine-03,E1/41,spine
52,27954,connected,,,be-rail-leaf-11,E1/42,leaf,be-spine-03,E1/42,spine
52,27955,connected,,,be-rail-leaf-11,E1/43,leaf,be-spine-03,E1/43,spine
52,27956,connected,,,be-rail-leaf-11,E1/44,leaf,be-spine-03,E1/44,spine
52,27957,connected,,,be-rail-leaf-11,E1/45,leaf,be-spine-04,E1/41,spine
52,27958,connected,,,be-rail-leaf-11,E1/46,leaf,be-spine-04,E1/42,spine
52,27959,connected,,,be-rail-leaf-11,E1/47,leaf,be-spine-04,E1/43,spine
52,27960,connected,,,be-rail-leaf-11,E1/48,leaf,be-spine-04,E1/44,spine
52,27961,connected,,,be-rail-leaf-11,E1/49,leaf,be-spine-05,E1/41,spine
52,27962,connected,,,be-rail-leaf-11,E1/50,leaf,be-spine-05,E1/42,spine
52,27963,connected,,,be-rail-leaf-11,E1/51,leaf,be-spine-05,E1/43,spine
52,27964,connected,,,be-rail-leaf-11,E1/52,leaf,be-spine-05,E1/44,spine
52,27965,connected,,,be-rail-leaf-11,E1/53,leaf,be-spine-06,E1/41,spine
52,27966,connected,,,be-rail-leaf-11,E1/54,leaf,be-spine-06,E1/42,spine
52,27967,connected,,,be-rail-leaf-11,E1/55,leaf,be-spine-06,E1/43,spine
52,27968,connected,,,be-rail-leaf-11,E1/56,leaf,be-spine-06,E1/44,spine
52,27969,connected,,,be-rail-leaf-11,E1/57,leaf,be-spine-07,E1/41,spine
52,27970,connected,,,be-rail-leaf-11,E1/58,leaf,be-spine-07,E1/42,spine
52,27971,connected,,,be-rail-leaf-11,E1/59,leaf,be-spine-07,E1/43,spine
52,27972,connected,,,be-rail-leaf-11,E1/60,leaf,be-spine-07,E1/44,spine
52,27973,connected,,,be-rail-leaf-11,E1/61,leaf,be-spine-08,E1/41,spine
52,27974,connected,,,be-rail-leaf-11,E1/62,leaf,be-spine-08,E1/42,spine
52,27975,connected,,,be-rail-leaf-11,E1/63,leaf,be-spine-08,E1/43,spine
52,27976,connected,,,be-rail-leaf-11,E1/64,leaf,be-spine-08,E1/44,spine
52,27977,connected,,,be-rail-leaf-12,E1/33,leaf,be-spine-01,E1/45,spine
52,27978,connected,,,be-rail-leaf-12,E1/34,leaf,be-spine-01,E1/46,spine
52,27979,connected,,,be-rail-leaf-12,E1/35,leaf,be-spine-01,E1/47,spine
52,27980,connected,,,be-rail-leaf-12,E1/36,leaf,be-spine-01,E1/48,spine
52,27981,connected,,,be-rail-leaf-12,E1/37,leaf,be-spine-02,E1/45,spine
52,27982,connected,,,be-rail-leaf-12,E1/38,leaf,be-spine-02,E1/46,spine
52,27983,connected,,,be-rail-leaf-12,E1/39,leaf,be-spine-02,E1/47,spine
52,27984,connected,,,be-rail-leaf-12,E1/40,leaf,be-spine-02,E1/48,spine
52,27985,connected,,,be-rail-leaf-12,E1/41,leaf,be-spine-03,E1/45,spine
52,27986,connected,,,be-rail-leaf-12,E1/42,leaf,be-spine-03,E1/46,spine
52,27987,connected,,,be-rail-leaf-12,E1/43,leaf,be-spine-03,E1/47,spine
52,27988,connected,,,be-rail-leaf-12,E1/44,leaf,be-spine-03,E1/48,spine
52,27989,connected,,,be-rail-leaf-12,E1/45,leaf,be-spine-04,E1/45,spine
52,27990,connected,,,be-rail-leaf-12,E1/46,leaf,be-spine-04,E1/46,spine
52,27991,connected,,,be-rail-leaf-12,E1/47,leaf,be-spine-04,E1/47,spine
52,27992,connected,,,be-rail-leaf-12,E1/48,leaf,be-spine-04,E1/48,spine
52,27993,connected,,,be-rail-leaf-12,E1/49,leaf,be-spine-05,E1/45,spine
52,27994,connected,,,be-rail-leaf-12,E1/50,leaf,be-spine-05,E1/46,spine
52,27995,connected,,,be-rail-leaf-12,E1/51,leaf,be-spine-05,E1/47,spine
52,27996,connected,,,be-rail-leaf-12,E1/52,leaf,be-spine-05,E1/48,spine
52,27997,connected,,,be-rail-leaf-12,E1/53,leaf,be-spine-06,E1/45,spine
52,27998,connected,,,be-rail-leaf-12,E1/54,leaf,be-spine-06,E1/46,spine
52,27999,connected,,,be-rail-leaf-12,E1/55,leaf,be-spine-06,E1/47,spine
52,28000,connected,,,be-rail-leaf-12,E1/56,leaf,be-spine-06,E1/48,spine
52,28001,connected,,,be-rail-leaf-12,E1/57,leaf,be-spine-07,E1/45,spine
52,28002,connected,,,be-rail-leaf-12,E1/58,leaf,be-spine-07,E1/46,spine
52,28003,connected,,,be-rail-leaf-12,E1/59,leaf,be-spine-07,E1/47,spine
52,28004,connected,,,be-rail-leaf-12,E1/60,leaf,be-spine-07,E1/48,spine
52,28005,connected,,,be-rail-leaf-12,E1/61,leaf,be-spine-08,E1/45,spine
52,28006,connected,,,be-rail-leaf-12,E1/62,leaf,be-spine-08,E1/46,spine
52,28007,connected,,,be-rail-leaf-12,E1/63,leaf,be-spine-08,E1/47,spine
52,28008,connected,,,be-rail-leaf-12,E1/64,leaf,be-spine-08,E1/48,spine
52,28009,connected,,,be-rail-leaf-13,E1/33,leaf,be-spine-01,E1/49,spine
52,28010,connected,,,be-rail-leaf-13,E1/34,leaf,be-spine-01,E1/50,spine
52,28011,connected,,,be-rail-leaf-13,E1/35,leaf,be-spine-01,E1/51,spine
52,28012,connected,,,be-rail-leaf-13,E1/36,leaf,be-spine-01,E1/52,spine
52,28013,connected,,,be-rail-leaf-13,E1/37,leaf,be-spine-02,E1/49,spine
52,28014,connected,,,be-rail-leaf-13,E1/38,leaf,be-spine-02,E1/50,spine
52,28015,connected,,,be-rail-leaf-13,E1/39,leaf,be-spine-02,E1/51,spine
52,28016,connected,,,be-rail-leaf-13,E1/40,leaf,be-spine-02,E1/52,spine
52,28017,connected,,,be-rail-leaf-13,E1/41,leaf,be-spine-03,E1/49,spine
52,28018,connected,,,be-rail-leaf-13,E1/42,leaf,be-spine-03,E1/50,spine
52,28019,connected,,,be-rail-leaf-13,E1/43,leaf,be-spine-03,E1/51,spine
52,28020,connected,,,be-rail-leaf-13,E1/44,leaf,be-spine-03,E1/52,spine
52,28021,connected,,,be-rail-leaf-13,E1/45,leaf,be-spine-04,E1/49,spine
52,28022,connected,,,be-rail-leaf-13,E1/46,leaf,be-spine-04,E1/50,spine
52,28023,connected,,,be-rail-leaf-13,E1/47,leaf,be-spine-04,E1/51,spine
52,28024,connected,,,be-rail-leaf-13,E1/48,leaf,be-spine-04,E1/52,spine
52,28025,connected,,,be-rail-leaf-13,E1/49,leaf,be-spine-05,E1/49,spine
52,28026,connected,,,be-rail-leaf-13,E1/50,leaf,be-spine-05,E1/50,spine
52,28027,connected,,,be-rail-leaf-13,E1/51,leaf,be-spine-05,E1/51,spine
52,28028,connected,,,be-rail-leaf-13,E1/52,leaf,be-spine-05,E1/52,spine
52,28029,connected,,,be-rail-leaf-13,E1/53,leaf,be-spine-06,E1/49,spine
52,28030,connected,,,be-rail-leaf-13,E1/54,leaf,be-spine-06,E1/50,spine
52,28031,connected,,,be-rail-leaf-13,E1/55,leaf,be-spine-06,E1/51,spine
52,28032,connected,,,be-rail-leaf-13,E1/56,leaf,be-spine-06,E1/52,spine
52,28033,connected,,,be-rail-leaf-13,E1/57,leaf,be-spine-07,E1/49,spine
52,28034,connected,,,be-rail-leaf-13,E1/58,leaf,be-spine-07,E1/50,spine
52,28035,connected,,,be-rail-leaf-13,E1/59,leaf,be-spine-07,E1/51,spine
52,28036,connected,,,be-rail-leaf-13,E1/60,leaf,be-spine-07,E1/52,spine
52,28037,connected,,,be-rail-leaf-13,E1/61,leaf,be-spine-08,E1/49,spine
52,28038,connected,,,be-rail-leaf-13,E1/62,leaf,be-spine-08,E1/50,spine
52,28039,connected,,,be-rail-leaf-13,E1/63,leaf,be-spine-08,E1/51,spine
52,28040,connected,,,be-rail-leaf-13,E1/64,leaf,be-spine-08,E1/52,spine
52,28041,connected,,,be-rail-leaf-14,E1/33,leaf,be-spine-01,E1/53,spine
52,28042,connected,,,be-rail-leaf-14,E1/34,leaf,be-spine-01,E1/54,spine
52,28043,connected,,,be-rail-leaf-14,E1/35,leaf,be-spine-01,E1/55,spine
52,28044,connected,,,be-rail-leaf-14,E1/36,leaf,be-spine-01,E1/56,spine
52,28045,connected,,,be-rail-leaf-14,E1/37,leaf,be-spine-02,E1/53,spine
52,28046,connected,,,be-rail-leaf-14,E1/38,leaf,be-spine-02,E1/54,spine
52,28047,connected,,,be-rail-leaf-14,E1/39,leaf,be-spine-02,E1/55,spine
52,28048,connected,,,be-rail-leaf-14,E1/40,leaf,be-spine-02,E1/56,spine
52,28049,connected,,,be-rail-leaf-14,E1/41,leaf,be-spine-03,E1/53,spine
52,28050,connected,,,be-rail-leaf-14,E1/42,leaf,be-spine-03,E1/54,spine
52,28051,connected,,,be-rail-leaf-14,E1/43,leaf,be-spine-03,E1/55,spine
52,28052,connected,,,be-rail-leaf-14,E1/44,leaf,be-spine-03,E1/56,spine
52,28053,connected,,,be-rail-leaf-14,E1/45,leaf,be-spine-04,E1/53,spine
52,28054,connected,,,be-rail-leaf-14,E1/46,leaf,be-spine-04,E1/54,spine
52,28055,connected,,,be-rail-leaf-14,E1/47,leaf,be-spine-04,E1/55,spine
52,28056,connected,,,be-rail-leaf-14,E1/48,leaf,be-spine-04,E1/56,spine
52,28057,connected,,,be-rail-leaf-14,E1/49,leaf,be-spine-05,E1/53,spine
52,28058,connected,,,be-rail-leaf-14,E1/50,leaf,be-spine-05,E1/54,spine
52,28059,connected,,,be-rail-leaf-14,E1/51,leaf,be-spine-05,E1/55,spine
52,28060,connected,,,be-rail-leaf-14,E1/52,leaf,be-spine-05,E1/56,spine
52,28061,connected,,,be-rail-leaf-14,E1/53,leaf,be-spine-06,E1/53,spine
52,28062,connected,,,be-rail-leaf-14,E1/54,leaf,be-spine-06,E1/54,spine
52,28063,connected,,,be-rail-leaf-14,E1/55,leaf,be-spine-06,E1/55,spine
52,28064,connected,,,be-rail-leaf-14,E1/56,leaf,be-spine-06,E1/56,spine
52,28065,connected,,,be-rail-leaf-14,E1/57,leaf,be-spine-07,E1/53,spine
52,28066,connected,,,be-rail-leaf-14,E1/58,leaf,be-spine-07,E1/54,spine
52,28067,connected,,,be-rail-leaf-14,E1/59,leaf,be-spine-07,E1/55,spine
52,28068,connected,,,be-rail-leaf-14,E1/60,leaf,be-spine-07,E1/56,spine
52,28069,connected,,,be-rail-leaf-14,E1/61,leaf,be-spine-08,E1/53,spine
52,28070,connected,,,be-rail-leaf-14,E1/62,leaf,be-spine-08,E1/54,spine
52,28071,connected,,,be-rail-leaf-14,E1/63,leaf,be-spine-08,E1/55,spine
52,28072,connected,,,be-rail-leaf-14,E1/64,leaf,be-spine-08,E1/56,spine
52,28073,connected,,,be-rail-leaf-15,E1/33,leaf,be-spine-01,E1/57,spine
52,28074,connected,,,be-rail-leaf-15,E1/34,leaf,be-spine-01,E1/58,spine
52,28075,connected,,,be-rail-leaf-15,E1/35,leaf,be-spine-01,E1/59,spine
52,28076,connected,,,be-rail-leaf-15,E1/36,leaf,be-spine-01,E1/60,spine
52,28077,connected,,,be-rail-leaf-15,E1/37,leaf,be-spine-02,E1/57,spine
52,28078,connected,,,be-rail-leaf-15,E1/38,leaf,be-spine-02,E1/58,spine
52,28079,connected,,,be-rail-leaf-15,E1/39,leaf,be-spine-02,E1/59,spine
52,28080,connected,,,be-rail-leaf-15,E1/40,leaf,be-spine-02,E1/60,spine
52,28081,connected,,,be-rail-leaf-15,E1/41,leaf,be-spine-03,E1/57,spine
52,28082,connected,,,be-rail-leaf-15,E1/42,leaf,be-spine-03,E1/58,spine
52,28083,connected,,,be-rail-leaf-15,E1/43,leaf,be-spine-03,E1/59,spine
52,28084,connected,,,be-rail-leaf-15,E1/44,leaf,be-spine-03,E1/60,spine
52,28085,connected,,,be-rail-leaf-15,E1/45,leaf,be-spine-04,E1/57,spine
52,28086,connected,,,be-rail-leaf-15,E1/46,leaf,be-spine-04,E1/58,spine
52,28087,connected,,,be-rail-leaf-15,E1/47,leaf,be-spine-04,E1/59,spine
52,28088,connected,,,be-rail-leaf-15,E1/48,leaf,be-spine-04,E1/60,spine
52,28089,connected,,,be-rail-leaf-15,E1/49,leaf,be-spine-05,E1/57,spine
52,28090,connected,,,be-rail-leaf-15,E1/50,leaf,be-spine-05,E1/58,spine
52,28091,connected,,,be-rail-leaf-15,E1/51,leaf,be-spine-05,E1/59,spine
52,28092,connected,,,be-rail-leaf-15,E1/52,leaf,be-spine-05,E1/60,spine
52,28093,connected,,,be-rail-leaf-15,E1/53,leaf,be-spine-06,E1/57,spine
52,28094,connected,,,be-rail-leaf-15,E1/54,leaf,be-spine-06,E1/58,spine
52,28095,connected,,,be-rail-leaf-15,E1/55,leaf,be-spine-06,E1/59,spine
52,28096,connected,,,be-rail-leaf-15,E1/56,leaf,be-spine-06,E1/60,spine
52,28097,connected,,,be-rail-leaf-15,E1/57,leaf,be-spine-07,E1/57,spine
52,28098,connected,,,be-rail-leaf-15,E1/58,leaf,be-spine-07,E1/58,spine
52,28099,connected,,,be-rail-leaf-15,E1/59,leaf,be-spine-07,E1/59,spine
52,28100,connected,,,be-rail-leaf-15,E1/60,leaf,be-spine-07,E1/60,spine
52,28101,connected,,,be-rail-leaf-15,E1/61,leaf,be-spine-08,E1/57,spine
52,28102,connected,,,be-rail-leaf-15,E1/62,leaf,be-spine-08,E1/58,spine
52,28103,connected,,,be-rail-leaf-15,E1/63,leaf,be-spine-08,E1/59,spine
52,28104,connected,,,be-rail-leaf-15,E1/64,leaf,be-spine-08,E1/60,spine
52,28105,connected,,,be-rail-leaf-16,E1/33,leaf,be-spine-01,E1/61,spine
52,28106,connected,,,be-rail-leaf-16,E1/34,leaf,be-spine-01,E1/62,spine
52,28107,connected,,,be-rail-leaf-16,E1/35,leaf,be-spine-01,E1/63,spine
52,28108,connected,,,be-rail-leaf-16,E1/36,leaf,be-spine-01,E1/64,spine
52,28109,connected,,,be-rail-leaf-16,E1/37,leaf,be-spine-02,E1/61,spine
52,28110,connected,,,be-rail-leaf-16,E1/38,leaf,be-spine-02,E1/62,spine
52,28111,connected,,,be-rail-leaf-16,E1/39,leaf,be-spine-02,E1/63,spine
52,28112,connected,,,be-rail-leaf-16,E1/40,leaf,be-spine-02,E1/64,spine
52,28113,connected,,,be-rail-leaf-16,E1/41,leaf,be-spine-03,E1/61,spine
52,28114,connected,,,be-rail-leaf-16,E1/42,leaf,be-spine-03,E1/62,spine
52,28115,connected,,,be-rail-leaf-16,E1/43,leaf,be-spine-03,E1/63,spine
52,28116,connected,,,be-rail-leaf-16,E1/44,leaf,be-spine-03,E1/64,spine
52,28117,connected,,,be-rail-leaf-16,E1/45,leaf,be-spine-04,E1/61,spine
52,28118,connected,,,be-rail-leaf-16,E1/46,leaf,be-spine-04,E1/62,spine
52,28119,connected,,,be-rail-leaf-16,E1/47,leaf,be-spine-04,E1/63,spine
52,28120,connected,,,be-rail-leaf-16,E1/48,leaf,be-spine-04,E1/64,spine
52,28121,connected,,,be-rail-leaf-16,E1/49,leaf,be-spine-05,E1/61,spine
52,28122,connected,,,be-rail-leaf-16,E1/50,leaf,be-spine-05,E1/62,spine
52,28123,connected,,,be-rail-leaf-16,E1/51,leaf,be-spine-05,E1/63,spine
52,28124,connected,,,be-rail-leaf-16,E1/52,leaf,be-spine-05,E1/64,spine
52,28125,connected,,,be-rail-leaf-16,E1/53,leaf,be-spine-06,E1/61,spine
52,28126,connected,,,be-rail-leaf-16,E1/54,leaf,be-spine-06,E1/62,spine
52,28127,connected,,,be-rail-leaf-16,E1/55,leaf,be-spine-06,E1/63,spine
52,28128,connected,,,be-rail-leaf-16,E1/56,leaf,be-spine-06,E1/64,spine
52,28129,connected,,,be-rail-leaf-16,E1/57,leaf,be-spine-07,E1/61,spine
52,28130,connected,,,be-rail-leaf-16,E1/58,leaf,be-spine-07,E1/62,spine
52,28131,connected,,,be-rail-leaf-16,E1/59,leaf,be-spine-07,E1/63,spine
52,28132,connected,,,be-rail-leaf-16,E1/60,leaf,be-spine-07,E1/64,spine
52,28133,connected,,,be-rail-leaf-16,E1/61,leaf,be-spine-08,E1/61,spine
52,28134,connected,,,be-rail-leaf-16,E1/62,leaf,be-spine-08,E1/62,spine
52,28135,connected,,,be-rail-leaf-16,E1/63,leaf,be-spine-08,E1/63,spine
52,28136,connected,,,be-rail-leaf-16,E1/64,leaf,be-spine-08,E1/64,spine
52,28137,connected,,,fe-leaf-01,E1/2,leaf,fe-spine-01,E1/1,spine
52,28138,connected,,,fe-leaf-01,E1/4,leaf,fe-spine-01,E1/2,spine
52,28139,connected,,,fe-leaf-01,E1/6,leaf,fe-spine-01,E1/3,spine
52,28140,connected,,,fe-leaf-01,E1/8,leaf,fe-spine-01,E1/4,spine
52,28141,connected,,,fe-leaf-01,E1/10,leaf,fe-spine-01,E1/5,spine
52,28142,connected,,,fe-leaf-01,E1/12,leaf,fe-spine-01,E1/6,spine
52,28143,connected,,,fe-leaf-01,E1/14,leaf,fe-spine-01,E1/7,spine
52,28144,connected,,,fe-leaf-01,E1/16,leaf,fe-spine-01,E1/8,spine
52,28145,connected,,,fe-leaf-01,E1/18,leaf,fe-spine-01,E1/9,spine
52,28146,connected,,,fe-leaf-01,E1/20,leaf,fe-spine-01,E1/10,spine
52,28147,connected,,,fe-leaf-01,E1/22,leaf,fe-spine-01,E1/11,spine
52,28148,connected,,,fe-leaf-01,E1/24,leaf,fe-spine-01,E1/12,spine
52,28149,connected,,,fe-leaf-01,E1/26,leaf,fe-spine-01,E1/13,spine
52,28150,connected,,,fe-leaf-01,E1/28,leaf,fe-spine-01,E1/14,spine
52,28151,connected,,,fe-leaf-01,E1/30,leaf,fe-spine-01,E1/15,spine
52,28152,connected,,,fe-leaf-01,E1/32,leaf,fe-spine-01,E1/16,spine
52,28153,connected,,,fe-leaf-01,E1/34,leaf,fe-spine-01,E1/17,spine
52,28154,connected,,,fe-leaf-01,E1/36,leaf,fe-spine-01,E1/18,spine
52,28155,connected,,,fe-leaf-01,E1/38,leaf,fe-spine-01,E1/19,spine
52,28156,connected,,,fe-leaf-01,E1/40,leaf,fe-spine-01,E1/20,spine
52,28157,connected,,,fe-leaf-01,E1/42,leaf,fe-spine-01,E1/21,spine
52,28158,connected,,,fe-leaf-01,E1/44,leaf,fe-spine-01,E1/22,spine
52,28159,connected,,,fe-leaf-01,E1/46,leaf,fe-spine-01,E1/23,spine
52,28160,connected,,,fe-leaf-01,E1/48,leaf,fe-spine-01,E1/24,spine
52,28161,connected,,,fe-leaf-01,E1/50,leaf,fe-spine-01,E1/25,spine
52,28162,connected,,,fe-leaf-01,E1/52,leaf,fe-spine-01,E1/26,spine
52,28163,connected,,,fe-leaf-01,E1/54,leaf,fe-spine-01,E1/27,spine
52,28164,connected,,,fe-leaf-01,E1/56,leaf,fe-spine-01,E1/28,spine
52,28165,connected,,,fe-leaf-01,E1/58,leaf,fe-spine-01,E1/29,spine
52,28166,connected,,,fe-leaf-01,E1/60,leaf,fe-spine-01,E1/30,spine
52,28167,connected,,,fe-leaf-01,E1/62,leaf,fe-spine-01,E1/31,spine
52,28168,connected,,,fe-leaf-01,E1/64,leaf,fe-spine-01,E1/32,spine
52,28169,connected,,,fe-leaf-02,E1/2,leaf,fe-spine-01,E1/33,spine
52,28170,connected,,,fe-leaf-02,E1/4,leaf,fe-spine-01,E1/34,spine
52,28171,connected,,,fe-leaf-02,E1/6,leaf,fe-spine-01,E1/35,spine
52,28172,connected,,,fe-leaf-02,E1/8,leaf,fe-spine-01,E1/36,spine
52,28173,connected,,,fe-leaf-02,E1/10,leaf,fe-spine-01,E1/37,spine
52,28174,connected,,,fe-leaf-02,E1/12,leaf,fe-spine-01,E1/38,spine
52,28175,connected,,,fe-leaf-02,E1/14,leaf,fe-spine-01,E1/39,spine
52,28176,connected,,,fe-leaf-02,E1/16,leaf,fe-spine-01,E1/40,spine
52,28177,connected,,,fe-leaf-02,E1/18,leaf,fe-spine-01,E1/41,spine
52,28178,connected,,,fe-leaf-02,E1/20,leaf,fe-spine-01,E1/42,spine
52,28179,connected,,,fe-leaf-02,E1/22,leaf,fe-spine-01,E1/43,spine
52,28180,connected,,,fe-leaf-02,E1/24,leaf,fe-spine-01,E1/44,spine
52,28181,connected,,,fe-leaf-02,E1/26,leaf,fe-spine-01,E1/45,spine
52,28182,connected,,,fe-leaf-02,E1/28,leaf,fe-spine-01,E1/46,spine
52,28183,connected,,,fe-leaf-02,E1/30,leaf,fe-spine-01,E1/47,spine
52,28184,connected,,,fe-leaf-02,E1/32,leaf,fe-spine-01,E1/48,spine
52,28185,connected,,,fe-leaf-02,E1/34,leaf,fe-spine-01,E1/49,spine
52,28186,connected,,,fe-leaf-02,E1/36,leaf,fe-spine-01,E1/50,spine
52,28187,connected,,,fe-leaf-02,E1/38,leaf,fe-spine-01,E1/51,spine
52,28188,connected,,,fe-leaf-02,E1/40,leaf,fe-spine-01,E1/52,spine
52,28189,connected,,,fe-leaf-02,E1/42,leaf,fe-spine-01,E1/53,spine
52,28190,connected,,,fe-leaf-02,E1/44,leaf,fe-spine-01,E1/54,spine
52,28191,connected,,,fe-leaf-02,E1/46,leaf,fe-spine-01,E1/55,spine
52,28192,connected,,,fe-leaf-02,E1/48,leaf,fe-spine-01,E1/56,spine
52,28193,connected,,,fe-leaf-02,E1/50,leaf,fe-spine-01,E1/57,spine
52,28194,connected,,,fe-leaf-02,E1/52,leaf,fe-spine-01,E1/58,spine
52,28195,connected,,,fe-leaf-02,E1/54,leaf,fe-spine-01,E1/59,spine
52,28196,connected,,,fe-leaf-02,E1/56,leaf,fe-spine-01,E1/60,spine
52,28197,connected,,,fe-leaf-02,E1/58,leaf,fe-spine-01,E1/61,spine
52,28198,connected,,,fe-leaf-02,E1/60,leaf,fe-spine-01,E1/62,spine
52,28199,connected,,,fe-leaf-02,E1/62,leaf,fe-spine-01,E1/63,spine
52,28200,connected,,,fe-leaf-02,E1/64,leaf,fe-spine-01,E1/64,spine
